company_id,year,net_profit_margin_pct,operating_profit_margin_pct,return_on_equity_pct,return_on_capital_employed_pct,return_on_assets_pct,debt_to_equity,high_leverage_flag,interest_coverage,icr_label,icr_warning,net_debt,asset_turnover,free_cash_flow_cr,cfo_quality_score,capex_intensity_pct,capex_category,fcf_conversion_pct,capital_allocation_pattern,market_cap_crore,enterprise_value_crore,pe_ratio,pb_ratio,ev_ebitda,dividend_yield_pct,earnings_per_share,book_value_per_share,dividend_payout_ratio_pct,total_debt_cr,cash_from_operations_cr,revenue_cagr_3yr,revenue_cagr_5yr,revenue_cagr_10yr,pat_cagr_3yr,pat_cagr_5yr,pat_cagr_10yr,eps_cagr_3yr,eps_cagr_5yr,eps_cagr_10yr,revenue_cagr_flag,pat_cagr_flag,eps_cagr_flag,composite_quality_score
ABB,Dec 2012,8.77,12.22,22.41,31.22,15.99,0.0,False,,Debt Free,False,0.0,1.82,42.0,Moderate,3.57,Moderate,20.79,Reinvestor,1536236.24,1619349.16,75.58,4.48,12.63,0.96,68.0,647.0,25.0,0.0,101.0,,,,,,,,,,INSUFFICIENT,INSUFFICIENT,INSUFFICIENT,31.42
ABB,Mar 2014,8.7,11.73,25.13,33.88,17.38,0.0,False,,Debt Free,False,0.0,2.0,11.0,Moderate,6.33,Moderate,4.12,Reinvestor,1536236.24,1619349.16,75.58,4.48,12.63,0.96,93.0,788.0,25.0,0.0,155.0,,,,,,,,,,INSUFFICIENT,INSUFFICIENT,INSUFFICIENT,32.54
ABB,Mar 2015,10.0,13.63,24.44,33.3,16.67,0.0,False,,Debt Free,False,0.0,1.67,28.0,Moderate,8.17,Capital Intensive,8.97,Reinvestor,1536236.24,1619349.16,75.58,4.48,12.63,0.96,108.0,937.0,29.0,0.0,215.0,,,,,,,,,,INSUFFICIENT,INSUFFICIENT,INSUFFICIENT,32.22
ABB,Mar 2016,9.76,13.96,21.34,30.54,15.78,0.0,False,138.33,,False,0.0,1.62,172.0,Moderate,2.95,Asset Light,47.12,Reinvestor,1536236.24,1619349.16,75.58,4.48,12.63,0.96,120.0,1195.0,29.0,0.0,249.0,,,,,,,,,,INSUFFICIENT,INSUFFICIENT,INSUFFICIENT,31.04
ABB,Mar 2017,9.54,13.71,19.97,28.7,13.41,0.0,False,227.5,,False,0.0,1.41,152.0,High Quality,5.34,Moderate,38.19,Reinvestor,1536236.24,1619349.16,75.58,4.48,12.63,0.96,130.0,1387.0,31.0,0.0,307.0,,11.92,,,13.82,,,13.84,,OK,OK,OK,33.48
ABB,Mar 2018,12.16,15.92,23.69,31.01,16.6,0.0,False,160.5,,False,0.0,1.37,-62.0,Accrual Risk,6.52,Moderate,-11.81,Reinvestor,1536236.24,1619349.16,75.58,4.48,12.63,0.96,189.0,1693.0,29.0,0.0,153.0,,,,,,,,,,INSUFFICIENT,INSUFFICIENT,INSUFFICIENT,32.09
ABB,Mar 2019,12.23,16.44,22.41,30.13,15.3,0.0,False,359.0,,False,0.0,1.25,242.0,High Quality,6.99,Moderate,40.0,Reinvestor,1536236.24,1619349.16,75.58,4.48,12.63,0.96,212.0,2008.0,31.0,0.0,499.0,,10.08,,,17.84,,,17.92,,OK,OK,OK,34.84
ABB,Mar 2020,14.49,18.49,24.39,29.05,16.72,0.07,False,96.78,,False,175.0,1.15,225.0,High Quality,9.8,Capital Intensive,29.72,Reinvestor,1536236.24,1619349.16,75.58,4.48,12.63,0.96,279.0,2431.0,90.0,175.0,626.0,,12.33,,,20.96,,,20.9,,OK,OK,OK,36.39
ABB,Mar 2021,16.03,21.39,26.56,33.47,17.99,0.06,False,55.72,,False,153.0,1.12,655.0,High Quality,1.67,Asset Light,71.04,Reinvestor,1536236.24,1619349.16,75.58,4.48,12.63,0.96,325.0,2602.0,85.0,153.0,727.0,,10.52,,,22.06,,,22.05,,OK,OK,OK,37.29
ABB,Mar 2022,16.26,22.02,28.33,36.41,18.92,0.05,False,61.32,,False,152.0,1.16,552.0,High Quality,8.06,Capital Intensive,51.02,Reinvestor,1536236.24,1619349.16,75.58,4.48,12.63,0.96,376.0,2820.0,73.0,152.0,948.0,,11.1,,,23.6,,,23.67,,OK,OK,OK,38.25
ABB,Mar 2023,17.74,22.55,29.77,36.53,20.83,0.04,False,85.0,,False,113.0,1.17,745.0,Moderate,2.77,Asset Light,61.77,Reinvestor,1536236.24,1619349.16,75.58,4.48,12.63,0.96,447.0,3188.0,73.0,113.0,893.0,,10.16,,,18.8,,,18.79,,OK,OK,OK,38.46
ABB,Mar 2024,20.53,24.84,32.47,38.42,23.13,0.02,False,141.75,,False,83.0,1.13,797.0,High Quality,7.11,Moderate,54.85,Reinvestor,1536236.24,1619349.16,75.58,4.48,12.63,0.96,565.0,3699.0,73.0,83.0,1213.0,,9.72,,,21.69,,,21.66,,OK,OK,OK,40.19
ADANIENSOL,Mar 2014,,,0.0,0.0,,0.0,False,,Debt Free,False,0.0,,0.0,,,,,Cash Accumulator,348517.36,439276.19,58.5,9.05,14.83,1.65,0.0,0.1,,0.0,0.0,,,,,,,,,,INSUFFICIENT,INSUFFICIENT,INSUFFICIENT,20.0
ADANIENSOL,Mar 2015,-5.34,77.1,-0.65,0.94,-0.06,8.96,True,1.42,,True,9701.0,0.01,-1899.0,High Quality,1422.9,Capital Intensive,-1880.2,Growth Funded by Debt,348517.36,439276.19,58.5,9.05,14.83,1.65,0.0,1083.0,0.0,9701.0,-35.0,,,,,,,,,,INSUFFICIENT,INSUFFICIENT,INSUFFICIENT,0.79
ADANIENSOL,Mar 2016,16.77,87.83,13.77,17.12,3.13,3.21,False,2.09,,False,8565.0,0.19,728.0,High Quality,37.19,Capital Intensive,37.78,Reinvestor,348517.36,439276.19,58.5,9.05,14.83,1.65,3.0,2672.0,0.0,8585.0,1544.0,,,,,,,,,,INSUFFICIENT,INSUFFICIENT,INSUFFICIENT,21.94
ADANIENSOL,Mar 2017,14.46,68.95,14.12,16.63,3.25,3.05,False,2.22,,False,8870.0,0.22,459.0,High Quality,60.15,Capital Intensive,23.15,Reinvestor,348517.36,439276.19,58.5,9.05,14.83,1.65,4.0,2947.0,0.0,8975.0,2189.0,,,,,,,,,,INSUFFICIENT,INSUFFICIENT,INSUFFICIENT,21.95
ADANIENSOL,Mar 2018,28.98,71.65,18.87,17.14,6.62,1.72,False,3.31,,False,10428.0,0.23,-994.0,High Quality,80.93,Capital Intensive,-35.17,Mixed,348517.36,439276.19,58.5,9.05,14.83,1.65,10.0,6057.0,0.0,10428.0,2198.0,,,,,,,,,,INSUFFICIENT,INSUFFICIENT,INSUFFICIENT,29.19
ADANIENSOL,Mar 2019,7.65,38.03,6.95,9.86,1.72,2.5,False,2.24,,False,19801.0,0.22,-459.0,High Quality,41.75,Capital Intensive,-16.52,Mixed,348517.36,439276.19,58.5,9.05,14.83,1.65,5.0,8043.0,0.0,20137.0,2591.0,,,,,,,,,,ZERO_BASE,ZERO_BASE,ZERO_BASE,19.18
ADANIENSOL,Mar 2020,6.18,37.3,8.31,13.0,1.78,2.85,False,2.02,,False,23933.0,0.29,-206.0,High Quality,49.43,Capital Intensive,-4.84,Mixed,348517.36,439276.19,58.5,9.05,14.83,1.65,7.0,8499.0,0.0,24246.0,5437.0,,144.37,,,,,,,,OK,TURNAROUND,ZERO_BASE,40.39
ADANIENSOL,Mar 2021,13.0,39.79,14.46,10.97,2.98,3.04,False,2.39,,False,26653.0,0.23,-225.0,High Quality,40.39,Capital Intensive,-5.7,Reinvestor,348517.36,439276.19,58.5,9.05,14.83,1.65,11.0,8919.0,0.0,27095.0,3784.0,,35.24,,,28.51,,,29.67,,OK,OK,OK,29.95
ADANIENSOL,Mar 2022,10.98,37.36,12.47,10.56,2.6,3.02,False,2.32,,False,29341.0,0.24,161.0,High Quality,34.96,Capital Intensive,3.83,Reinvestor,348517.36,439276.19,58.5,9.05,14.83,1.65,11.0,9913.0,0.0,29902.0,4097.0,,31.38,,,24.33,,,22.42,,OK,OK,OK,27.9
ADANIENSOL,Mar 2023,9.64,33.99,10.9,9.82,2.38,2.92,False,2.19,,False,32900.0,0.25,-922.0,High Quality,35.35,Capital Intensive,-20.41,Mixed,348517.36,439276.19,58.5,9.05,14.83,1.65,11.0,11749.0,0.0,34270.0,3777.0,,27.51,,,2.31,,,1.92,,OK,OK,OK,24.51
ADANIENSOL,Mar 2024,7.2,34.39,9.46,11.49,2.04,2.93,False,2.28,,False,36304.0,0.28,1095.0,High Quality,29.76,Capital Intensive,19.17,Reinvestor,348517.36,439276.19,58.5,9.05,14.83,1.65,10.0,12641.0,0.0,37070.0,6038.0,,17.85,,,16.43,,,14.87,,OK,OK,OK,23.49
ADANIENT,Mar 2013,2.63,12.98,5.69,6.64,1.09,3.24,False,2.23,,False,69009.0,0.41,-7124.0,High Quality,31.89,Capital Intensive,-118.32,Mixed,187927.97,191237.75,58.87,10.41,33.01,0.83,15.0,21396.0,10.0,69332.0,7666.0,,,,,,,,,,INSUFFICIENT,INSUFFICIENT,INSUFFICIENT,16.45
ADANIENT,Mar 2014,4.82,17.08,11.14,9.8,2.24,3.03,False,1.85,,False,71692.0,0.47,221.0,High Quality,14.57,Capital Intensive,2.36,Reinvestor,187927.97,191237.75,58.87,10.41,33.01,0.83,20.0,23757.0,7.0,71980.0,8228.0,,,,,,,,,,INSUFFICIENT,INSUFFICIENT,INSUFFICIENT,19.27
ADANIENT,Mar 2015,3.56,19.31,8.93,11.39,1.76,3.25,False,1.88,,False,82827.0,0.49,-2933.0,High Quality,17.78,Capital Intensive,-23.56,Mixed,187927.97,191237.75,58.87,10.41,33.01,0.83,18.0,25728.0,8.0,83571.0,8532.0,,,,,,,,,,INSUFFICIENT,INSUFFICIENT,INSUFFICIENT,17.83
ADANIENT,Mar 2016,2.94,4.95,7.47,5.17,2.4,1.43,False,2.01,,False,18364.0,0.82,3287.0,High Quality,5.37,Moderate,195.19,Reinvestor,187927.97,191237.75,58.87,10.41,33.01,0.83,9.0,13378.0,4.0,19169.0,5112.0,,,,,,,,,,INSUFFICIENT,INSUFFICIENT,INSUFFICIENT,21.16
ADANIENT,Mar 2017,2.53,5.21,6.54,5.44,1.94,1.47,False,2.11,,False,19804.0,0.77,-686.0,Moderate,4.0,Moderate,-36.07,Mixed,187927.97,191237.75,58.87,10.41,33.01,0.83,9.0,14136.0,4.0,20846.0,774.0,,,,,,,,,,INSUFFICIENT,INSUFFICIENT,INSUFFICIENT,20.62
ADANIENT,Mar 2018,1.65,5.67,3.94,6.23,1.05,1.17,False,1.92,,False,16176.0,0.64,-4707.0,High Quality,21.29,Capital Intensive,-230.96,Mixed,187927.97,191237.75,58.87,10.41,33.01,0.83,7.0,15089.0,6.0,17637.0,2942.0,,-4.98,,,-13.38,,,-14.14,,OK,OK,OK,17.92
ADANIENT,Mar 2019,1.25,4.88,3.43,7.57,1.19,0.76,False,1.52,,False,9732.0,0.95,5723.0,High Quality,6.16,Moderate,290.66,Liquidating Assets,187927.97,191237.75,58.87,10.41,33.01,0.83,7.0,14756.0,6.0,11243.0,3236.0,,-5.98,,,-28.17,,,-18.94,,OK,OK,OK,17.17
ADANIENT,Mar 2020,2.4,5.29,6.14,7.81,2.22,0.73,False,2.01,,False,10467.0,0.93,1372.0,High Quality,2.49,Asset Light,59.81,Reinvestor,187927.97,191237.75,58.87,10.41,33.01,0.83,10.0,16947.0,10.0,12419.0,2454.0,,-7.61,,,-14.66,,,-11.09,,OK,OK,OK,19.49
ADANIENT,Mar 2021,2.65,6.34,6.1,7.51,2.03,0.95,False,2.18,,False,10724.0,0.77,-4568.0,High Quality,21.78,Capital Intensive,-182.28,Mixed,187927.97,191237.75,58.87,10.41,33.01,0.83,8.0,17159.0,12.0,16227.0,4043.0,,3.06,,,0.9,,,-2.33,,OK,OK,OK,22.08
ADANIENT,Mar 2022,1.14,5.35,3.54,5.82,0.78,1.87,False,1.87,,False,37312.0,0.68,-15656.0,High Quality,24.55,Capital Intensive,-421.54,Mixed,187927.97,191237.75,58.87,10.41,33.01,0.83,7.0,22257.0,14.0,41604.0,1385.0,,13.7,,,-3.16,,,-4.9,,OK,OK,OK,20.15
ADANIENT,Mar 2023,1.9,6.91,7.33,10.22,1.71,1.61,False,2.43,,False,46890.0,0.9,2167.0,High Quality,12.12,Capital Intensive,24.57,Reinvestor,187927.97,191237.75,58.87,10.41,33.01,0.83,22.0,33051.0,6.0,53200.0,17626.0,,28.84,,,32.46,,,25.74,,OK,OK,OK,28.2
ADANIENT,Mar 2024,3.46,11.8,8.53,10.9,2.08,1.67,False,2.75,,False,56609.0,0.6,-8455.0,High Quality,19.46,Capital Intensive,-74.32,Mixed,187927.97,191237.75,58.87,10.41,33.01,0.83,28.0,39076.0,5.0,65310.0,10312.0,,19.02,,,45.81,,,31.95,,OK,OK,OK,28.37
ADANIGREEN,Mar 2017,-9.36,80.28,-3.91,7.26,-0.76,3.61,False,1.45,,True,4321.0,0.08,-1483.0,Accrual Risk,301.0,Capital Intensive,-367.99,Mixed,510512.78,491878.9,45.26,6.24,21.78,0.89,0.0,1203.0,0.0,4347.0,28.0,,,,,,,,,,INSUFFICIENT,INSUFFICIENT,INSUFFICIENT,9.62
ADANIGREEN,Mar 2018,-9.32,56.96,-10.29,7.52,-0.88,7.36,True,1.6,,False,9777.0,0.09,-3779.0,Accrual Risk,299.19,Capital Intensive,-448.28,Mixed,510512.78,491878.9,45.26,6.24,21.78,0.89,-1.0,1341.0,0.0,9864.0,649.0,,,,,,,,,,INSUFFICIENT,INSUFFICIENT,INSUFFICIENT,-0.1
ADANIGREEN,Mar 2019,-23.08,74.15,-24.57,11.67,-3.24,5.76,True,1.43,,True,11065.0,0.14,-1041.0,Accrual Risk,129.54,Capital Intensive,-68.22,Mixed,510512.78,491878.9,45.26,6.24,21.78,0.89,-3.0,1933.0,0.0,11142.0,1625.0,,,,,,,,,,INSUFFICIENT,INSUFFICIENT,INSUFFICIENT,-4.6
ADANIGREEN,Mar 2020,-2.67,56.89,-2.89,8.42,-0.37,6.31,True,1.35,,True,14390.0,0.14,-1778.0,Accrual Risk,146.84,Capital Intensive,-122.62,Mixed,510512.78,491878.9,45.26,6.24,21.78,0.89,0.0,2357.0,0.0,14866.0,1965.0,,,,,,,,,,INSUFFICIENT,INSUFFICIENT,INSUFFICIENT,5.97
ADANIGREEN,Mar 2021,5.83,71.73,8.27,8.49,0.63,11.0,True,1.35,,True,23707.0,0.11,-7536.0,High Quality,292.48,Capital Intensive,-336.28,Mixed,510512.78,491878.9,45.26,6.24,21.78,0.89,1.0,2200.0,0.0,24209.0,1601.0,,,,,,,,,,INSUFFICIENT,INSUFFICIENT,INSUFFICIENT,4.17
ADANIGREEN,Mar 2022,9.53,68.42,18.71,6.33,0.83,20.21,True,1.54,,False,52258.0,0.09,-15603.0,High Quality,364.89,Capital Intensive,-444.28,Mixed,510512.78,491878.9,45.26,6.24,21.78,0.89,3.0,2614.0,0.0,52832.0,3127.0,,59.2,,,,,,,,OK,TURNAROUND,ZERO_BASE,17.42
ADANIGREEN,Mar 2023,12.51,63.91,13.32,8.08,1.45,7.42,True,1.94,,False,53074.0,0.12,3408.0,High Quality,49.6,Capital Intensive,68.57,Reinvestor,510512.78,491878.9,45.26,6.24,21.78,0.89,6.0,7304.0,0.0,54223.0,7265.0,,39.35,,,,,,,,OK,TURNAROUND,TURNAROUND,18.35
ADANIGREEN,Mar 2024,13.67,79.37,12.81,9.8,1.43,6.6,True,1.71,,False,63343.0,0.1,-13347.0,High Quality,228.42,Capital Intensive,-182.39,Mixed,510512.78,491878.9,45.26,6.24,21.78,0.89,7.0,9834.0,0.0,64858.0,7713.0,,34.98,,,,,,,,OK,TURNAROUND,TURNAROUND,19.36
ADANIPORTS,Mar 2013,45.82,66.59,25.63,13.22,7.79,1.82,False,5.03,,False,11398.0,0.17,-3757.0,Moderate,143.58,Capital Intensive,-157.72,Mixed,675598.01,611165.74,48.9,2.31,31.76,1.16,8.0,6394.0,12.0,11620.0,1379.0,,,,,,,,,,INSUFFICIENT,INSUFFICIENT,INSUFFICIENT,34.66
ADANIPORTS,Mar 2014,36.05,60.43,19.86,13.42,7.06,1.48,False,3.69,,False,12916.0,0.2,-1378.0,Moderate,51.97,Capital Intensive,-47.21,Mixed,675598.01,611165.74,48.9,2.31,31.76,1.16,8.0,8765.0,12.0,12979.0,1132.0,,,,,,,,,,INSUFFICIENT,INSUFFICIENT,INSUFFICIENT,31.4
ADANIPORTS,Mar 2015,37.78,63.43,21.59,13.67,7.24,1.65,False,3.9,,False,17516.0,0.19,572.0,High Quality,40.39,Capital Intensive,14.66,Reinvestor,675598.01,611165.74,48.9,2.31,31.76,1.16,11.0,10765.0,10.0,17776.0,3057.0,,,,,,,,,,INSUFFICIENT,INSUFFICIENT,INSUFFICIENT,32.0
ADANIPORTS,Mar 2016,40.17,64.38,21.15,12.77,7.44,1.65,False,4.72,,False,21797.0,0.19,-1772.0,Moderate,58.42,Capital Intensive,-38.72,Mixed,675598.01,611165.74,48.9,2.31,31.76,1.16,14.0,13505.0,8.0,22342.0,2381.0,,,,,,,,,,INSUFFICIENT,INSUFFICIENT,INSUFFICIENT,32.33
ADANIPORTS,Mar 2017,46.24,64.2,22.26,13.63,9.0,1.27,False,5.78,,False,21053.0,0.19,1434.0,High Quality,31.15,Capital Intensive,26.47,Reinvestor,675598.01,611165.74,48.9,2.31,31.76,1.16,19.0,17526.0,7.0,22214.0,4063.0,,,,,,,,,,INSUFFICIENT,INSUFFICIENT,INSUFFICIENT,34.69
ADANIPORTS,Mar 2018,32.59,63.21,17.65,16.54,7.81,1.07,False,5.07,,False,21291.0,0.24,1762.0,High Quality,33.97,Capital Intensive,24.62,Reinvestor,675598.01,611165.74,48.9,2.31,31.76,1.16,18.0,20903.0,11.0,22370.0,5608.0,,25.92,,,17.62,,,17.61,,OK,OK,OK,36.45
ADANIPORTS,Mar 2019,37.03,60.38,16.6,12.66,7.18,1.14,False,5.69,,False,26930.0,0.19,1661.0,High Quality,39.98,Capital Intensive,25.18,Mixed,675598.01,611165.74,48.9,2.31,31.76,1.16,19.0,24372.0,1.0,27712.0,6029.0,,17.73,,,18.37,,,18.89,,OK,OK,OK,35.62
ADANIPORTS,Mar 2020,31.88,50.09,14.87,10.68,6.11,1.19,False,4.04,,False,29064.0,0.19,6653.0,High Quality,6.31,Moderate,111.87,Reinvestor,675598.01,611165.74,48.9,2.31,31.76,1.16,19.0,25457.0,17.0,30242.0,7402.0,,14.05,,,10.25,,,11.55,,OK,OK,OK,32.52
ADANIPORTS,Mar 2021,40.23,69.23,16.59,13.1,6.77,1.18,False,4.73,,False,33619.0,0.17,-6508.0,High Quality,112.06,Capital Intensive,-74.91,Mixed,675598.01,611165.74,48.9,2.31,31.76,1.16,25.0,30441.0,20.0,35855.0,7556.0,,12.04,,,12.07,,,12.3,,OK,OK,OK,34.68
ADANIPORTS,Mar 2022,28.93,55.66,11.84,10.62,5.04,1.15,False,4.47,,False,44774.0,0.17,4927.0,High Quality,32.09,Capital Intensive,51.71,Reinvestor,675598.01,611165.74,48.9,2.31,31.76,1.16,23.0,41821.0,22.0,47935.0,10420.0,,15.2,,,4.89,,,3.9,,OK,OK,OK,30.57
ADANIPORTS,Mar 2023,25.85,52.5,11.88,11.08,4.79,1.18,False,4.77,,False,46002.0,0.19,-4816.0,High Quality,80.16,Capital Intensive,-43.99,Reinvestor,675598.01,611165.74,48.9,2.31,31.76,1.16,25.0,45389.0,20.0,53434.0,11900.0,,12.99,,,7.88,,,6.79,,OK,OK,OK,29.89
ADANIPORTS,Mar 2024,30.34,58.36,15.35,15.25,6.93,0.94,False,5.95,,False,45181.0,0.23,8250.0,High Quality,25.34,Capital Intensive,52.92,Reinvestor,675598.01,611165.74,48.9,2.31,31.76,1.16,38.0,52778.0,16.0,49470.0,15018.0,,19.58,,,14.91,,,14.87,,OK,OK,OK,34.22
ADANIPOWER,Mar 2013,-34.29,14.35,-53.46,2.08,-4.2,9.74,True,0.69,,True,41773.0,0.12,-1063.0,Accrual Risk,60.73,Capital Intensive,-110.73,Mixed,1372183.55,1357949.64,44.57,9.91,24.76,1.65,-10.0,4293.0,0.0,41795.0,3001.0,,,,,,,,,,INSUFFICIENT,INSUFFICIENT,INSUFFICIENT,-24.93
ADANIPOWER,Mar 2014,-1.9,29.96,-4.45,9.06,-0.5,6.75,True,1.14,,True,44035.0,0.26,-1462.0,Accrual Risk,30.66,Capital Intensive,-31.83,Mixed,1372183.55,1357949.64,44.57,9.91,24.76,1.65,-1.0,6543.0,0.0,44150.0,3238.0,,,,,,,,,,INSUFFICIENT,INSUFFICIENT,INSUFFICIENT,4.82
ADANIPOWER,Mar 2015,-4.37,25.04,-14.25,9.27,-1.4,7.82,True,1.21,,True,44385.0,0.32,1087.0,Accrual Risk,25.35,Capital Intensive,23.24,Reinvestor,1372183.55,1357949.64,44.57,9.91,24.76,1.65,-3.0,5725.0,0.0,44742.0,5824.0,,,,,,,,,,INSUFFICIENT,INSUFFICIENT,INSUFFICIENT,-1.18
ADANIPOWER,Mar 2016,2.17,34.68,7.38,14.62,0.73,7.06,True,1.55,,False,52729.0,0.33,2565.0,High Quality,10.61,Capital Intensive,29.14,Reinvestor,1372183.55,1357949.64,44.57,9.91,24.76,1.65,2.0,7468.0,0.0,52729.0,5257.0,,,,,,,,,,INSUFFICIENT,INSUFFICIENT,INSUFFICIENT,9.23
ADANIPOWER,Mar 2017,-27.3,26.44,-205.8,10.78,-8.63,17.49,True,0.39,,True,52320.0,0.32,3513.0,Accrual Risk,5.36,Moderate,58.75,Reinvestor,1372183.55,1357949.64,44.57,9.91,24.76,1.65,-16.0,3000.0,0.0,52484.0,4725.0,,,,,,,,,,INSUFFICIENT,INSUFFICIENT,INSUFFICIENT,-77.17
ADANIPOWER,Mar 2018,-10.36,26.77,-236.56,10.12,-3.02,59.43,True,1.11,,True,52835.0,0.29,4581.0,Accrual Risk,2.56,Asset Light,84.27,Reinvestor,1372183.55,1357949.64,44.57,9.91,24.76,1.65,-5.0,889.0,0.0,52835.0,5101.0,,24.85,,,,,,,,OK,BOTH_NEGATIVE,BOTH_NEGATIVE,-80.85
ADANIPOWER,Mar 2019,-4.12,20.86,-12.76,9.11,-1.45,6.09,True,1.31,,True,46977.0,0.35,4626.0,Accrual Risk,4.12,Moderate,92.84,Reinvestor,1372183.55,1357949.64,44.57,9.91,24.76,1.65,-3.0,7712.0,0.0,46980.0,5610.0,,9.28,,,,,,,,OK,BOTH_NEGATIVE,BOTH_NEGATIVE,4.27
ADANIPOWER,Mar 2020,-8.6,21.66,-35.1,9.3,-3.03,8.52,True,1.14,,True,55196.0,0.35,3294.0,Accrual Risk,8.7,Capital Intensive,57.45,Reinvestor,1372183.55,1357949.64,44.57,9.91,24.76,1.65,-6.0,6481.0,0.0,55199.0,5598.0,,7.21,,,,,,,,OK,BOTH_NEGATIVE,BOTH_NEGATIVE,-9.61
ADANIPOWER,Mar 2021,4.84,33.13,9.69,13.24,1.61,4.01,False,2.08,,False,52499.0,0.33,4826.0,High Quality,8.34,Capital Intensive,55.55,Reinvestor,1372183.55,1357949.64,44.57,9.91,24.76,1.65,3.0,13113.0,0.0,52519.0,7014.0,,0.66,,,18.18,,,8.45,,OK,OK,OK,18.59
ADANIPOWER,Mar 2022,17.73,35.66,26.61,14.62,5.99,2.66,False,3.37,,False,48962.0,0.34,11007.0,High Quality,2.79,Asset Light,111.4,Liquidating Assets,1372183.55,1357949.64,44.57,9.91,24.76,1.65,13.0,18457.0,0.0,49145.0,10233.0,,4.15,,,,,,,,OK,TURNAROUND,TURNAROUND,28.5
ADANIPOWER,Mar 2023,27.67,26.04,35.91,13.98,12.5,1.42,False,4.29,,False,41696.0,0.45,9976.0,Moderate,3.98,Moderate,98.81,Liquidating Assets,1372183.55,1357949.64,44.57,9.91,24.76,1.65,28.0,29876.0,0.0,42350.0,8431.0,,13.81,,,,,,,,OK,TURNAROUND,TURNAROUND,37.78
ADANIPOWER,Mar 2024,41.37,36.2,48.28,23.44,22.64,0.8,False,8.3,,False,34242.0,0.55,17651.0,Moderate,6.91,Moderate,96.83,Liquidating Assets,1372183.55,1357949.64,44.57,9.91,24.76,1.65,54.0,43145.0,0.0,34616.0,14170.0,,16.09,,,,,,,,OK,TURNAROUND,TURNAROUND,46.54
AMBUJACEM,Dec 2012,13.25,25.37,14.69,27.92,10.47,0.01,False,32.59,,False,-1521.0,0.79,1472.0,High Quality,3.98,Moderate,59.52,Reinvestor,1281411.04,1198290.68,55.62,9.21,27.67,3.1,8.0,8797.0,43.0,60.0,1860.0,,,,,,,,,,INSUFFICIENT,INSUFFICIENT,INSUFFICIENT,28.56
AMBUJACEM,Dec 2013,13.95,18.22,13.51,17.55,9.86,0.01,False,30.73,,False,-1666.0,0.71,771.0,Moderate,5.41,Moderate,46.2,Reinvestor,1281411.04,1198290.68,55.62,9.21,27.67,3.1,8.0,9462.0,44.0,48.0,1267.0,,,,,,,,,,INSUFFICIENT,INSUFFICIENT,INSUFFICIENT,28.21
AMBUJACEM,Dec 2014,14.94,19.43,14.77,19.14,10.71,0.0,False,35.65,,False,-2063.0,0.72,1219.0,High Quality,4.58,Moderate,63.03,Reinvestor,1281411.04,1198290.68,55.62,9.21,27.67,3.1,10.0,10070.0,46.0,34.0,1675.0,,,,,,,,,,INSUFFICIENT,INSUFFICIENT,INSUFFICIENT,28.88
AMBUJACEM,Dec 2015,8.56,16.34,7.87,14.96,5.72,0.0,False,20.6,,False,-2114.0,0.67,1474.0,High Quality,0.88,Asset Light,95.59,Reinvestor,1281411.04,1198290.68,55.62,9.21,27.67,3.1,5.0,10271.0,54.0,35.0,1557.0,,,,,,,,,,INSUFFICIENT,INSUFFICIENT,INSUFFICIENT,25.14
AMBUJACEM,Dec 2016,7.14,15.83,7.23,16.03,4.37,0.0,False,23.67,,False,-146.0,0.61,-1355.0,High Quality,20.73,Capital Intensive,-42.6,Reinvestor,1281411.04,1198290.68,55.62,9.21,27.67,3.1,6.0,19821.0,50.0,29.0,2810.0,,,,,,,,,,INSUFFICIENT,INSUFFICIENT,INSUFFICIENT,24.57
AMBUJACEM,Dec 2017,8.24,16.34,9.41,18.64,5.48,0.0,False,20.35,,False,-129.0,0.66,2678.0,High Quality,3.13,Moderate,69.41,Reinvestor,1281411.04,1198290.68,55.62,9.21,27.67,3.1,8.0,20672.0,47.0,24.0,3416.0,,19.35,,,8.53,,,0.0,,OK,OK,OK,29.36
AMBUJACEM,Dec 2018,11.42,15.4,13.29,17.9,7.95,0.0,False,24.96,,False,-93.0,0.7,938.0,Moderate,2.94,Asset Light,23.39,Reinvestor,1281411.04,1198290.68,55.62,9.21,27.67,3.1,11.0,22370.0,14.0,40.0,1703.0,,23.24,,,18.39,,,6.58,,OK,OK,OK,32.96
AMBUJACEM,Dec 2019,10.27,16.96,11.56,19.06,6.93,0.0,False,30.58,,False,-109.0,0.67,3548.0,High Quality,4.39,Moderate,77.18,Reinvestor,1281411.04,1198290.68,55.62,9.21,27.67,3.1,11.0,24078.0,14.0,41.0,4739.0,,22.18,,,13.35,,,1.92,,OK,OK,OK,31.43
AMBUJACEM,Dec 2020,12.67,20.42,13.65,21.55,7.82,0.02,False,37.81,,False,304.0,0.62,3515.0,High Quality,5.37,Moderate,70.22,Reinvestor,1281411.04,1198290.68,55.62,9.21,27.67,3.1,12.0,22757.0,151.0,471.0,4832.0,,21.04,,,30.91,,,19.14,,OK,OK,OK,34.14
AMBUJACEM,Dec 2021,12.81,21.44,14.64,24.04,8.21,0.02,False,44.26,,False,279.0,0.64,3302.0,High Quality,6.93,Moderate,53.17,Reinvestor,1281411.04,1198290.68,55.62,9.21,27.67,3.1,14.0,25354.0,45.0,477.0,5309.0,,7.59,,,20.95,,,18.47,,OK,OK,OK,31.52
AMBUJACEM,Mar 2023 15,7.77,13.15,,,,,False,28.56,,False,,,,Accrual Risk,,Capital Intensive,,Pre-Revenue,1281411.04,1198290.68,55.62,9.21,27.67,3.1,13.0,,19.0,,,,8.38,,,0.34,,,3.4,,OK,OK,OK,22.84
AMBUJACEM,Mar 2024,14.29,19.3,11.43,15.18,7.26,0.02,False,28.26,,False,-150.0,0.51,-3295.0,High Quality,26.96,Capital Intensive,-51.48,Mixed,1281411.04,1198290.68,55.62,9.21,27.67,3.1,16.0,41456.0,12.0,699.0,5646.0,,4.12,,,11.23,,,7.78,,OK,OK,OK,29.07
APOLLOHOSP,Mar 2013,8.04,16.24,11.03,15.45,6.29,0.44,False,6.26,,False,686.0,0.78,-290.0,High Quality,19.45,Capital Intensive,-47.39,Mixed,1905622.43,2433382.94,47.72,7.68,16.74,3.22,22.0,2747.0,25.0,1213.0,443.0,,,,,,,,,,INSUFFICIENT,INSUFFICIENT,INSUFFICIENT,25.37
APOLLOHOSP,Mar 2014,7.23,15.52,10.58,15.64,5.89,0.45,False,5.83,,False,1022.0,0.81,17.0,High Quality,8.17,Capital Intensive,2.51,Reinvestor,1905622.43,2433382.94,47.72,7.68,16.74,3.22,23.0,2977.0,25.0,1344.0,373.0,,,,,,,,,,INSUFFICIENT,INSUFFICIENT,INSUFFICIENT,25.06
APOLLOHOSP,Mar 2015,6.53,14.37,10.56,14.27,5.19,0.63,False,6.64,,False,1681.0,0.79,-289.0,High Quality,14.8,Capital Intensive,-39.21,Mixed,1905622.43,2433382.94,47.72,7.68,16.74,3.22,24.0,3172.0,24.0,1992.0,470.0,,,,,,,,,,INSUFFICIENT,INSUFFICIENT,INSUFFICIENT,24.53
APOLLOHOSP,Mar 2016,3.82,11.12,7.05,11.09,3.19,0.85,False,4.31,,False,2482.0,0.84,-291.0,High Quality,14.44,Capital Intensive,-42.54,Mixed,1905622.43,2433382.94,47.72,7.68,16.74,3.22,17.0,3332.0,35.0,2834.0,597.0,,,,,,,,,,INSUFFICIENT,INSUFFICIENT,INSUFFICIENT,22.37
APOLLOHOSP,Mar 2017,1.81,10.12,3.95,11.4,1.62,0.94,False,3.09,,False,2719.0,0.9,-529.0,High Quality,15.88,Capital Intensive,-72.07,Mixed,1905622.43,2433382.94,47.72,7.68,16.74,3.22,16.0,3314.0,38.0,3125.0,623.0,,,,,,,,,,INSUFFICIENT,INSUFFICIENT,INSUFFICIENT,20.76
APOLLOHOSP,Mar 2018,0.73,9.72,1.85,11.99,0.7,1.05,False,2.8,,False,3075.0,0.96,132.0,High Quality,4.91,Moderate,16.48,Reinvestor,1905622.43,2433382.94,47.72,7.68,16.74,3.22,8.0,3252.0,59.0,3427.0,537.0,,16.94,,,-27.67,,,-18.32,,OK,OK,OK,19.43
APOLLOHOSP,Mar 2019,2.08,11.13,6.0,15.27,2.18,1.1,False,3.35,,False,3211.0,1.05,194.0,High Quality,7.39,Moderate,18.13,Reinvestor,1905622.43,2433382.94,47.72,7.68,16.74,3.22,17.0,3334.0,35.0,3673.0,905.0,,17.16,,,-8.68,,,-5.87,,OK,OK,OK,23.07
APOLLOHOSP,Mar 2020,3.84,14.15,12.93,22.94,3.83,1.08,False,3.4,,False,3162.0,1.0,1004.0,High Quality,2.57,Asset Light,63.1,Reinvestor,1905622.43,2433382.94,47.72,7.68,16.74,3.22,33.0,3340.0,18.0,3596.0,1293.0,,17.0,,,5.22,,,6.58,,OK,OK,OK,27.21
APOLLOHOSP,Mar 2021,1.3,10.8,2.98,13.01,1.2,0.9,False,2.77,,False,2817.0,0.93,385.0,High Quality,8.33,Capital Intensive,33.77,Reinvestor,1905622.43,2433382.94,47.72,7.68,16.74,3.22,10.0,4603.0,29.0,4160.0,1265.0,,11.42,,,-10.23,,,-10.07,,OK,OK,OK,21.12
APOLLOHOSP,Mar 2022,7.56,14.93,19.7,22.59,8.36,0.72,False,6.75,,False,3252.0,1.11,949.0,High Quality,5.09,Moderate,43.35,Reinvestor,1905622.43,2433382.94,47.72,7.68,16.74,3.22,73.0,5623.0,16.0,4068.0,1696.0,,15.11,,,53.27,,,35.47,,OK,OK,OK,35.67
APOLLOHOSP,Mar 2023,5.08,12.43,13.62,19.61,5.85,0.7,False,5.62,,False,3758.0,1.15,520.0,High Quality,5.16,Moderate,25.18,Reinvestor,1905622.43,2433382.94,47.72,7.68,16.74,3.22,57.0,6198.0,26.0,4332.0,1377.0,,15.04,,,69.68,,,48.1,,OK,OK,OK,34.76
APOLLOHOSP,Mar 2024,4.91,12.56,13.48,19.51,5.58,0.77,False,5.57,,False,4347.0,1.14,383.0,High Quality,8.06,Capital Intensive,16.0,Reinvestor,1905622.43,2433382.94,47.72,7.68,16.74,3.22,63.0,6936.0,26.0,5333.0,1920.0,,14.66,,,36.13,,,29.95,,OK,OK,OK,31.11
ASIANPAINT,Mar 2013,11.04,16.54,34.28,47.79,17.1,0.07,False,44.07,,False,-45.0,1.55,724.0,High Quality,4.41,Moderate,41.68,Reinvestor,2126725.18,2475080.63,73.37,3.9,23.94,2.42,12.0,3384.0,40.0,251.0,1187.0,,,,,,,,,,INSUFFICIENT,INSUFFICIENT,INSUFFICIENT,35.62
ASIANPAINT,Mar 2014,10.34,16.4,31.27,46.74,15.64,0.06,False,44.33,,False,-1175.0,1.51,816.0,High Quality,4.8,Moderate,40.72,Reinvestor,2126725.18,2475080.63,73.37,3.9,23.94,2.42,13.0,4039.0,42.0,249.0,1402.0,,,,,,,,,,INSUFFICIENT,INSUFFICIENT,INSUFFICIENT,34.4
ASIANPAINT,Mar 2015,10.48,16.47,30.09,43.47,16.01,0.09,False,56.79,,False,-1170.0,1.53,723.0,Moderate,3.42,Moderate,32.23,Reinvestor,2126725.18,2475080.63,73.37,3.9,23.94,2.42,15.0,4742.0,42.0,418.0,1188.0,,,,,,,,,,INSUFFICIENT,INSUFFICIENT,INSUFFICIENT,33.98
ASIANPAINT,Mar 2016,12.63,19.09,27.63,39.79,17.08,0.05,False,59.96,,False,-2389.0,1.35,1377.0,High Quality,6.07,Moderate,50.53,Reinvestor,2126725.18,2475080.63,73.37,3.9,23.94,2.42,18.0,6525.0,41.0,323.0,2243.0,,,,,,,,,,INSUFFICIENT,INSUFFICIENT,INSUFFICIENT,33.45
ASIANPAINT,Mar 2017,13.38,19.88,26.51,36.67,16.25,0.07,False,90.05,,False,-2092.0,1.21,846.0,Moderate,4.52,Moderate,28.26,Reinvestor,2126725.18,2475080.63,73.37,3.9,23.94,2.42,20.0,7604.0,51.0,560.0,1527.0,,,,,,,,,,INSUFFICIENT,INSUFFICIENT,INSUFFICIENT,33.02
ASIANPAINT,Mar 2018,12.47,19.04,24.95,35.83,15.24,0.06,False,86.34,,False,-1608.0,1.22,557.0,High Quality,9.25,Capital Intensive,17.38,Reinvestor,2126725.18,2475080.63,73.37,3.9,23.94,2.42,21.0,8410.0,41.0,533.0,2113.0,,9.88,,,12.58,,,11.84,,OK,OK,OK,35.07
ASIANPAINT,Mar 2019,11.48,19.57,23.31,34.89,13.59,0.14,False,36.72,,False,-1249.0,1.18,1552.0,High Quality,4.77,Moderate,41.22,Reinvestor,2126725.18,2475080.63,73.37,3.9,23.94,2.42,22.0,9471.0,47.0,1320.0,2470.0,,9.5,,,11.82,,,11.1,,OK,OK,OK,33.96
ASIANPAINT,Mar 2020,13.73,20.57,27.38,36.96,17.19,0.11,False,44.24,,False,-901.0,1.25,2520.0,High Quality,2.56,Asset Light,60.62,Reinvestor,2126725.18,2475080.63,73.37,3.9,23.94,2.42,28.0,10130.0,43.0,1118.0,3038.0,,8.22,,,14.22,,,13.3,,OK,OK,OK,36.01
ASIANPAINT,Mar 2021,14.77,22.36,25.04,34.94,15.76,0.09,False,56.39,,False,-3644.0,1.07,3142.0,High Quality,2.49,Asset Light,64.7,Reinvestor,2126725.18,2475080.63,73.37,3.9,23.94,2.42,33.0,12806.0,55.0,1093.0,3683.0,,8.76,,,12.21,,,12.89,,OK,OK,OK,35.14
ASIANPAINT,Mar 2022,10.6,16.51,22.34,31.2,13.44,0.11,False,53.68,,False,-1661.0,1.27,669.0,Accrual Risk,1.09,Asset Light,13.93,Reinvestor,2126725.18,2475080.63,73.37,3.9,23.94,2.42,32.0,13812.0,61.0,1587.0,986.0,,14.08,,,8.88,,,9.86,,OK,OK,OK,33.99
ASIANPAINT,Mar 2023,12.16,18.15,26.23,34.92,16.27,0.12,False,46.47,,False,-2329.0,1.34,2911.0,Moderate,3.72,Moderate,46.5,Reinvestor,2126725.18,2475080.63,73.37,3.9,23.94,2.42,43.0,15992.0,60.0,1933.0,4193.0,,15.44,,,14.86,,,15.41,,OK,OK,OK,36.51
ASIANPAINT,Mar 2024,15.66,21.37,29.68,35.77,18.59,0.13,False,41.0,,False,-2114.0,1.19,3556.0,High Quality,7.18,Moderate,46.88,Reinvestor,2126725.18,2475080.63,73.37,3.9,23.94,2.42,57.0,18728.0,58.0,2474.0,6104.0,,13.03,,,20.28,,,20.97,,OK,OK,OK,38.43
ATGL,Mar 2018,11.79,26.64,15.94,15.5,5.78,1.32,False,3.57,,False,1165.0,0.49,,Accrual Risk,,Capital Intensive,,Pre-Revenue,1535602.41,1925338.89,56.96,5.76,28.93,0.51,6.0,1016.0,0.0,1345.0,,,,,,,,,,,INSUFFICIENT,INSUFFICIENT,INSUFFICIENT,25.79
ATGL,Mar 2019,13.32,26.47,20.78,30.41,11.18,0.36,False,5.71,,False,218.0,0.84,,Accrual Risk,,Capital Intensive,,Pre-Revenue,1535602.41,1925338.89,56.96,5.76,28.93,0.51,2.0,1102.0,12.0,394.0,,,,,,,,,,,INSUFFICIENT,INSUFFICIENT,INSUFFICIENT,30.06
ATGL,Mar 2020,23.25,31.73,29.64,31.33,17.61,0.29,False,15.59,,False,146.0,0.76,,Accrual Risk,,Capital Intensive,,Pre-Revenue,1535602.41,1925338.89,56.96,5.76,28.93,0.51,4.0,1471.0,6.0,428.0,,,,,,,,,,,INSUFFICIENT,INSUFFICIENT,INSUFFICIENT,35.2
ATGL,Mar 2021,27.3,41.51,23.94,28.58,14.45,0.27,False,18.35,,False,112.0,0.53,,Accrual Risk,,Capital Intensive,,Pre-Revenue,1535602.41,1925338.89,56.96,5.76,28.93,0.51,4.0,1934.0,6.0,529.0,,,,,,,,,,,INSUFFICIENT,INSUFFICIENT,INSUFFICIENT,33.83
ATGL,Mar 2022,16.75,25.44,21.07,22.4,11.53,0.43,False,15.45,,False,401.0,0.69,,Accrual Risk,,Capital Intensive,,Pre-Revenue,1535602.41,1925338.89,56.96,5.76,28.93,0.51,5.0,2416.0,5.0,1035.0,,,,,,,,,,,INSUFFICIENT,INSUFFICIENT,INSUFFICIENT,30.55
ATGL,Mar 2023,12.47,19.87,18.57,19.94,9.67,0.48,False,11.85,,False,740.0,0.78,,Accrual Risk,,Capital Intensive,,Pre-Revenue,1535602.41,1925338.89,56.96,5.76,28.93,0.51,5.0,2941.0,5.0,1422.0,,,26.08,,,27.51,,,-3.58,,OK,OK,OK,35.48
ATGL,Mar 2024,14.93,24.67,18.66,21.49,10.13,0.43,False,10.5,,False,851.0,0.68,,Accrual Risk,,Capital Intensive,,Pre-Revenue,1535602.41,1925338.89,56.96,5.76,28.93,0.51,6.0,3580.0,4.0,1557.0,,,21.09,,,23.88,,,24.57,,OK,OK,OK,34.89
AXISBANK,Mar 2013,19.05,30.58,15.62,2.52,1.52,8.93,False,1.27,,True,182876.0,0.08,-8366.0,Accrual Risk,40.24,Capital Intensive,-100.64,Mixed,948868.63,929130.29,38.14,4.66,16.87,2.32,22.0,33158.0,16.0,296254.0,2573.0,,,,,,,,,,INSUFFICIENT,INSUFFICIENT,INSUFFICIENT,11.5
AXISBANK,Mar 2014,20.29,31.47,16.19,2.59,1.61,8.68,False,1.3,,True,220187.0,0.08,298.0,High Quality,46.23,Capital Intensive,3.09,Mixed,948868.63,929130.29,38.14,4.66,16.87,2.32,26.0,38396.0,15.0,333280.0,14464.0,,,,,,,,,,INSUFFICIENT,INSUFFICIENT,INSUFFICIENT,12.44
AXISBANK,Mar 2015,20.74,31.36,16.37,2.46,1.57,9.05,False,1.33,,True,288111.0,0.08,-23134.0,Accrual Risk,22.47,Capital Intensive,-207.91,Growth Funded by Debt,948868.63,929130.29,38.14,4.66,16.87,2.32,31.0,44949.0,15.0,406638.0,-15162.0,,,,,,,,,,INSUFFICIENT,INSUFFICIENT,INSUFFICIENT,11.86
AXISBANK,Mar 2016,20.06,32.61,15.36,2.54,1.51,8.82,False,1.43,,True,340751.0,0.08,-25284.0,Accrual Risk,22.47,Capital Intensive,-189.15,Distress Signal,948868.63,929130.29,38.14,4.66,16.87,2.32,35.0,53559.0,14.0,472150.0,-34495.0,,,,,,,,,,INSUFFICIENT,INSUFFICIENT,INSUFFICIENT,11.83
AXISBANK,Mar 2017,8.26,53.45,6.53,4.08,0.6,9.36,False,2.04,,False,398419.0,0.07,19751.0,High Quality,27.97,Capital Intensive,82.96,Reinvestor,948868.63,929130.29,38.14,4.66,16.87,2.32,15.0,56380.0,33.0,527437.0,32209.0,,,,,,,,,,INSUFFICIENT,INSUFFICIENT,INSUFFICIENT,5.29
AXISBANK,Mar 2018,0.6,63.12,0.43,4.28,0.04,9.52,False,2.63,,False,458388.0,0.07,-48397.0,Accrual Risk,21.86,Capital Intensive,-167.49,Growth Funded by Debt,948868.63,929130.29,38.14,4.66,16.87,2.32,1.0,64207.0,0.0,611425.0,-38390.0,,10.99,,,-44.37,,,-46.11,,OK,OK,OK,-1.49
AXISBANK,Mar 2019,8.51,49.39,6.9,3.48,0.57,10.5,False,2.07,,False,537940.0,0.07,18451.0,High Quality,33.96,Capital Intensive,67.95,Mixed,948868.63,929130.29,38.14,4.66,16.87,2.32,18.0,67802.0,6.0,711996.0,37125.0,,12.41,,,-5.54,,,-7.09,,OK,OK,OK,5.49
AXISBANK,Mar 2020,2.6,55.98,1.88,3.97,0.18,9.23,False,2.26,,False,642055.0,0.07,20931.0,High Quality,15.14,Capital Intensive,59.69,Mixed,948868.63,929130.29,38.14,4.66,16.87,2.32,6.0,86340.0,0.0,797337.0,30416.0,,12.04,,,-26.05,,,-28.0,,OK,OK,OK,1.99
AXISBANK,Mar 2021,10.4,50.12,6.36,3.33,0.66,8.21,False,2.59,,False,625215.0,0.06,-41655.0,High Quality,85.7,Capital Intensive,-131.2,Mixed,948868.63,929130.29,38.14,4.66,16.87,2.32,22.0,103594.0,0.0,850551.0,12633.0,,9.1,,,-4.34,,,-8.87,,OK,OK,OK,8.88
AXISBANK,Mar 2022,19.33,44.47,11.01,2.63,1.09,8.63,False,1.97,,False,746335.0,0.06,1025.0,High Quality,40.24,Capital Intensive,3.42,Mixed,948868.63,929130.29,38.14,4.66,16.87,2.32,42.0,118261.0,2.0,1020943.0,28137.0,,8.63,,,28.77,,,22.87,,OK,OK,OK,14.69
AXISBANK,Mar 2023,11.25,34.16,7.38,2.27,0.71,8.88,False,1.8,,False,863943.0,0.06,-10276.0,High Quality,37.99,Capital Intensive,-35.33,Mixed,948868.63,929130.29,38.14,4.66,16.87,2.32,31.0,129781.0,3.0,1152038.0,22075.0,,13.22,,,103.28,,,98.73,,OK,OK,OK,19.44
AXISBANK,Mar 2024,22.73,34.69,15.83,2.61,1.64,8.25,False,1.69,,False,962948.0,0.07,-14556.0,Accrual Risk,8.23,Capital Intensive,-38.36,Growth Funded by Debt,948868.63,929130.29,38.14,4.66,16.87,2.32,81.0,157023.0,1.0,1295302.0,-5555.0,,14.74,,,39.67,,,35.1,,OK,OK,OK,19.83
BAJAJ-AUTO,Mar 2013,15.65,18.26,38.85,44.69,24.78,0.01,False,4446.0,,False,-5943.0,1.58,824.0,Moderate,6.96,Moderate,22.54,Reinvestor,653817.3,679803.97,29.91,9.83,20.14,3.59,108.0,8065.0,42.0,116.0,2218.0,,,,,,,,,,INSUFFICIENT,INSUFFICIENT,INSUFFICIENT,38.29
BAJAJ-AUTO,Mar 2014,16.79,20.67,33.24,40.71,22.08,0.01,False,4837.0,,False,-8389.0,1.32,1430.0,High Quality,10.29,Capital Intensive,34.35,Reinvestor,653817.3,679803.97,29.91,9.83,20.14,3.59,117.0,10167.0,43.0,59.0,3502.0,,,,,,,,,,INSUFFICIENT,INSUFFICIENT,INSUFFICIENT,36.29
BAJAJ-AUTO,Mar 2015,14.01,19.12,27.27,36.83,18.95,0.01,False,726.0,,False,-8873.0,1.35,1734.0,Moderate,1.76,Asset Light,42.01,Reinvestor,653817.3,679803.97,29.91,9.83,20.14,3.59,105.0,11095.0,48.0,112.0,2114.0,,,,,,,,,,INSUFFICIENT,INSUFFICIENT,INSUFFICIENT,33.68
BAJAJ-AUTO,Mar 2016,17.99,21.23,28.97,33.9,23.56,0.01,False,5987.0,,False,-10949.0,1.31,3622.0,Moderate,0.3,Asset Light,75.57,Reinvestor,653817.3,679803.97,29.91,9.83,20.14,3.59,140.0,14020.0,39.0,118.0,3690.0,,,,,,,,,,INSUFFICIENT,INSUFFICIENT,INSUFFICIENT,35.03
BAJAJ-AUTO,Mar 2017,18.75,20.36,22.84,24.64,18.85,0.01,False,5897.0,,False,-15357.0,1.01,-343.0,Moderate,16.59,Capital Intensive,-7.74,Reinvestor,653817.3,679803.97,29.91,9.83,20.14,3.59,141.0,17856.0,39.0,120.0,3267.0,,,,,,,,,,INSUFFICIENT,INSUFFICIENT,INSUFFICIENT,32.73
BAJAJ-AUTO,Mar 2018,16.74,19.22,20.66,23.59,16.78,0.01,False,6250.0,,False,-18774.0,1.0,2374.0,High Quality,7.75,Moderate,48.99,Reinvestor,653817.3,679803.97,29.91,9.83,20.14,3.59,146.0,20425.0,41.0,121.0,4328.0,,4.71,,,6.13,,,6.21,,OK,OK,OK,32.88
BAJAJ-AUTO,Mar 2019,16.23,17.12,21.21,22.25,17.09,0.01,False,1806.5,,False,-20478.0,1.05,2214.0,Moderate,0.9,Asset Light,42.59,Reinvestor,653817.3,679803.97,29.91,9.83,20.14,3.59,170.0,23233.0,35.0,125.0,2487.0,,8.56,,,7.83,,,7.76,,OK,OK,OK,33.77
BAJAJ-AUTO,Mar 2020,17.42,17.08,24.06,23.45,19.66,0.01,False,2313.67,,False,-19788.0,1.13,5616.0,Moderate,5.9,Moderate,109.92,Liquidating Assets,653817.3,679803.97,29.91,9.83,20.14,3.59,180.0,21662.0,67.0,126.0,3850.0,,6.74,,,11.49,,,11.38,,OK,OK,OK,35.17
BAJAJ-AUTO,Mar 2021,17.51,17.8,17.81,18.03,14.45,0.0,False,929.71,,False,-24566.0,0.83,251.0,Moderate,10.34,Capital Intensive,5.08,Reinvestor,653817.3,679803.97,29.91,9.83,20.14,3.59,168.0,27273.0,83.0,121.0,3120.0,,4.21,,,3.64,,,3.71,,OK,OK,OK,31.56
BAJAJ-AUTO,Mar 2022,18.6,15.87,20.65,17.54,17.56,0.0,False,881.11,,False,-26511.0,0.94,4473.0,Moderate,0.83,Asset Light,85.05,Liquidating Assets,653817.3,679803.97,29.91,9.83,20.14,3.59,213.0,29859.0,66.0,123.0,4197.0,,8.79,,,8.62,,,8.6,,OK,OK,OK,34.07
BAJAJ-AUTO,Mar 2023,16.62,17.73,20.64,21.93,17.25,0.0,False,204.2,,False,-26059.0,1.04,6488.0,Moderate,3.32,Moderate,100.36,Liquidating Assets,653817.3,679803.97,29.91,9.83,20.14,3.59,214.0,29362.0,65.0,124.0,5277.0,,7.66,,,7.51,,,7.95,,OK,OK,OK,33.49
BAJAJ-AUTO,Mar 2024,17.18,19.53,26.61,28.39,19.59,0.07,False,174.42,,False,-26175.0,1.14,6486.0,Moderate,0.16,Asset Light,74.0,Reinvestor,653817.3,679803.97,29.91,9.83,20.14,3.59,276.0,28962.0,29.0,1912.0,6558.0,,8.13,,,9.36,,,10.18,,OK,OK,OK,35.91
BAJAJFINSV,Mar 2013,27.49,48.8,28.38,18.91,3.39,1.67,False,3.27,,False,-30260.0,0.12,-3969.0,Accrual Risk,36.66,Capital Intensive,-100.97,Distress Signal,1905112.17,1807796.2,15.07,6.08,39.72,2.56,10.0,7802.0,2.0,12991.0,-6922.0,,,,,,,,,,INSUFFICIENT,INSUFFICIENT,INSUFFICIENT,32.21
BAJAJFINSV,Mar 2014,36.38,74.56,23.53,15.58,2.95,2.09,False,2.88,,False,-25807.0,0.08,-6043.0,Accrual Risk,62.49,Capital Intensive,-134.56,Distress Signal,1905112.17,1807796.2,15.07,6.08,39.72,2.56,10.0,9312.0,2.0,19507.0,-9807.0,,,,,,,,,,INSUFFICIENT,INSUFFICIENT,INSUFFICIENT,31.41
BAJAJFINSV,Mar 2015,21.25,48.62,21.72,14.73,2.73,2.37,False,2.47,,False,-25055.0,0.13,-7022.0,Accrual Risk,32.72,Capital Intensive,-127.42,Distress Signal,1905112.17,1807796.2,15.07,6.08,39.72,2.56,11.0,11089.0,2.0,26312.0,-10731.0,,,,,,,,,,INSUFFICIENT,INSUFFICIENT,INSUFFICIENT,27.24
BAJAJFINSV,Mar 2016,13.51,32.82,20.41,13.57,2.67,2.65,False,2.34,,False,-17636.0,0.2,-10681.0,Accrual Risk,4.32,Moderate,-158.5,Growth Funded by Debt,1905112.17,1807796.2,15.07,6.08,39.72,2.56,12.0,13599.0,1.0,36062.0,-9795.0,,,,,,,,,,INSUFFICIENT,INSUFFICIENT,INSUFFICIENT,24.75
BAJAJFINSV,Mar 2017,14.08,35.55,21.36,13.52,2.68,2.99,False,2.34,,False,-14376.0,0.19,-10771.0,Accrual Risk,0.62,Asset Light,-123.62,Distress Signal,1905112.17,1807796.2,15.07,6.08,39.72,2.56,14.0,16151.0,1.0,48282.0,-10922.0,,,,,,,,,,INSUFFICIENT,INSUFFICIENT,INSUFFICIENT,24.5
BAJAJFINSV,Mar 2018,12.71,32.83,20.39,12.52,2.59,3.21,False,2.38,,False,-3733.0,0.2,-20502.0,Accrual Risk,2.81,Asset Light,-190.04,Growth Funded by Debt,1905112.17,1807796.2,15.07,6.08,39.72,2.56,17.0,20483.0,1.0,65695.0,-19580.0,,32.47,,,13.53,,,11.2,,OK,OK,OK,29.68
BAJAJFINSV,Mar 2019,12.61,35.29,22.64,12.18,2.58,4.2,False,2.26,,False,18075.0,0.2,-33979.0,Accrual Risk,16.2,Capital Intensive,-225.97,Growth Funded by Debt,1905112.17,1807796.2,15.07,6.08,39.72,2.56,20.0,23740.0,1.0,99754.0,-27076.0,,47.89,,,19.66,,,14.87,,OK,OK,OK,31.4
BAJAJFINSV,Mar 2020,11.03,33.59,19.15,11.52,2.39,4.06,False,1.92,,False,35391.0,0.22,-33317.0,Accrual Risk,18.3,Capital Intensive,-182.48,Growth Funded by Debt,1905112.17,1807796.2,15.07,6.08,39.72,2.56,21.0,31302.0,2.0,127212.0,-23369.0,,36.82,,,20.0,,,13.81,,OK,OK,OK,28.53
BAJAJFINSV,Mar 2021,12.16,32.42,20.56,11.96,2.63,3.59,False,2.12,,False,14807.0,0.22,863.0,Moderate,6.08,Moderate,4.39,Mixed,1905112.17,1807796.2,15.07,6.08,39.72,2.56,28.0,35830.0,1.0,128461.0,4547.0,,24.16,,,21.56,,,18.47,,OK,OK,OK,28.45
BAJAJFINSV,Mar 2022,12.15,31.36,20.66,10.65,2.49,4.0,False,2.23,,False,41957.0,0.21,-32225.0,Accrual Risk,2.11,Asset Light,-150.2,Distress Signal,1905112.17,1807796.2,15.07,6.08,39.72,2.56,29.0,40247.0,1.0,161179.0,-33670.0,,22.79,,,19.23,,,15.68,,OK,OK,OK,27.21
BAJAJFINSV,Mar 2023,14.88,36.39,26.31,11.55,3.01,4.57,False,2.41,,False,76089.0,0.2,-53425.0,Accrual Risk,16.99,Capital Intensive,-178.87,Growth Funded by Debt,1905112.17,1807796.2,15.07,6.08,39.72,2.56,40.0,46407.0,2.0,212265.0,-39480.0,,20.09,,,23.93,,,18.66,,OK,OK,OK,28.65
BAJAJFINSV,Mar 2024,14.13,37.04,25.85,11.71,2.9,4.79,False,2.2,,False,120548.0,0.21,-79634.0,Accrual Risk,9.93,Capital Intensive,-194.77,Growth Funded by Debt,1905112.17,1807796.2,15.07,6.08,39.72,2.56,51.0,60328.0,2.0,288933.0,-68674.0,,20.97,,,23.75,,,20.59,,OK,OK,OK,28.02
BAJAJHLDNG,Mar 2013,550.74,95.55,17.94,3.11,17.23,0.0,False,,Debt Free,False,-9577.0,0.03,104.0,Accrual Risk,109.5,Capital Intensive,32.3,Reinvestor,2191568.13,2726439.01,37.73,9.38,27.47,3.37,167.0,10345.0,15.0,0.0,473.0,,,,,,,,,,INSUFFICIENT,INSUFFICIENT,INSUFFICIENT,136.46
BAJAJHLDNG,Mar 2014,469.98,94.56,16.57,3.33,15.97,0.0,False,,Debt Free,False,-11325.0,0.03,353.0,Accrual Risk,122.7,Capital Intensive,88.25,Reinvestor,2191568.13,2726439.01,37.73,9.38,27.47,3.37,179.0,11999.0,17.0,0.0,872.0,,,,,,,,,,INSUFFICIENT,INSUFFICIENT,INSUFFICIENT,119.83
BAJAJHLDNG,Mar 2015,387.21,92.37,15.15,3.61,14.6,0.0,False,,Debt Free,False,-13078.0,0.04,332.0,Accrual Risk,88.55,Capital Intensive,68.6,Reinvestor,2191568.13,2726439.01,37.73,9.38,27.47,3.37,182.0,13393.0,19.0,0.0,796.0,,,,,,,,,,INSUFFICIENT,INSUFFICIENT,INSUFFICIENT,102.78
BAJAJHLDNG,Mar 2016,481.91,91.28,14.81,2.81,14.64,0.0,False,,Debt Free,False,-13276.0,0.03,2166.0,Moderate,216.81,Capital Intensive,504.9,Liquidating Assets,2191568.13,2726439.01,37.73,9.38,27.47,3.37,204.0,15293.0,16.0,0.0,1147.0,,,,,,,,,,INSUFFICIENT,INSUFFICIENT,INSUFFICIENT,121.6
BAJAJHLDNG,Mar 2017,293.71,74.58,13.88,3.52,13.82,0.0,False,,Debt Free,False,-17364.0,0.05,-1295.0,Accrual Risk,44.18,Capital Intensive,-206.21,Pre-Revenue,2191568.13,2726439.01,37.73,9.38,27.47,3.37,222.0,17818.0,15.0,0.0,-923.0,,,,,,,,,,INSUFFICIENT,INSUFFICIENT,INSUFFICIENT,83.65
BAJAJHLDNG,Mar 2018,632.14,84.52,10.54,1.41,10.51,0.0,False,,Debt Free,False,-24575.0,0.02,508.0,Moderate,267.38,Capital Intensive,143.1,Reinvestor,2191568.13,2726439.01,37.73,9.38,27.47,3.37,239.0,25201.0,17.0,0.0,1631.0,,4.5,,,7.42,,,7.43,,OK,OK,OK,151.55
BAJAJHLDNG,Mar 2019,707.19,80.51,11.31,1.29,11.29,0.0,False,,Debt Free,False,-26257.0,0.02,465.0,Accrual Risk,37.82,Capital Intensive,134.01,Reinvestor,2191568.13,2726439.01,37.73,9.38,27.47,3.37,274.0,26952.0,12.0,0.0,628.0,,0.38,,,8.92,,,8.89,,OK,OK,OK,166.37
BAJAJHLDNG,Mar 2020,708.05,69.2,11.09,1.08,9.41,0.01,False,258.38,,False,-31900.0,0.01,1120.0,Moderate,183.91,Capital Intensive,372.09,Reinvestor,2191568.13,2726439.01,37.73,9.38,27.47,3.37,269.0,27763.0,15.0,168.0,1920.0,,-3.65,,,8.71,,,8.13,,OK,OK,OK,165.8
BAJAJHLDNG,Mar 2021,799.56,77.02,9.83,0.94,8.03,0.0,False,950.75,,False,-44778.0,0.01,-36.0,Accrual Risk,67.4,Capital Intensive,-10.23,Reinvestor,2191568.13,2726439.01,37.73,9.38,27.47,3.37,328.0,37167.0,12.0,136.0,272.0,,-0.56,,,10.04,,,9.96,,OK,OK,OK,184.28
BAJAJHLDNG,Mar 2022,852.48,75.83,9.63,0.85,7.7,0.0,False,1421.0,,False,-52850.0,0.01,1459.0,Accrual Risk,31.2,Capital Intensive,397.55,Reinvestor,2191568.13,2726439.01,37.73,9.38,27.47,3.37,364.0,42842.0,32.0,114.0,1610.0,,-10.48,,,10.78,,,10.4,,OK,OK,OK,193.38
BAJAJHLDNG,Mar 2023,947.51,72.8,11.19,0.86,9.3,0.0,False,721.86,,False,-52462.0,0.01,1591.0,Accrual Risk,26.25,Capital Intensive,418.68,Reinvestor,2191568.13,2726439.01,37.73,9.38,27.47,3.37,436.0,44182.0,28.0,93.0,1728.0,,4.44,,,13.25,,,12.78,,OK,OK,OK,215.42
BAJAJHLDNG,Mar 2024,432.73,91.77,13.58,2.88,11.3,0.0,False,3764.5,,False,-64652.0,0.03,1469.0,Accrual Risk,27.73,Capital Intensive,94.05,Reinvestor,2191568.13,2726439.01,37.73,9.38,27.47,3.37,653.0,54247.0,20.0,63.0,1941.0,,31.61,,,19.3,,,18.97,,OK,OK,OK,118.0
BAJFINANCE,Mar 2015,16.65,32.49,18.71,5.57,2.74,5.55,False,68.35,,False,26329.0,0.16,-7424.0,Accrual Risk,6.68,Moderate,-423.74,Growth Funded by Debt,2473271.58,2632574.41,69.2,4.11,15.96,0.27,18.0,4800.0,10.0,26655.0,-7064.0,,,,,,,,,,INSUFFICIENT,INSUFFICIENT,INSUFFICIENT,18.94
BAJFINANCE,Mar 2016,17.52,32.25,17.22,5.3,2.72,4.99,False,68.03,,False,35996.0,0.16,-10557.0,Accrual Risk,9.41,Capital Intensive,-448.47,Growth Funded by Debt,2473271.58,2632574.41,69.2,4.11,15.96,0.27,24.0,7427.0,10.0,37025.0,-9870.0,,,,,,,,,,INSUFFICIENT,INSUFFICIENT,INSUFFICIENT,19.71
BAJFINANCE,Mar 2017,18.42,32.6,19.12,5.52,2.88,5.13,False,149.05,,False,45180.0,0.16,-13486.0,Accrual Risk,30.56,Capital Intensive,-414.95,Growth Funded by Debt,2473271.58,2632574.41,69.2,4.11,15.96,0.27,33.0,9600.0,11.0,49250.0,-10439.0,,,,,,,,,,INSUFFICIENT,INSUFFICIENT,INSUFFICIENT,20.28
BAJFINANCE,Mar 2018,19.58,32.28,15.75,4.99,2.94,4.2,False,414.6,,False,63418.0,0.15,-19491.0,Accrual Risk,8.43,Capital Intensive,-473.66,Distress Signal,2473271.58,2632574.41,69.2,4.11,15.96,0.27,43.0,15848.0,9.0,66557.0,-20566.0,,,,,,,,,,INSUFFICIENT,INSUFFICIENT,INSUFFICIENT,21.18
BAJFINANCE,Mar 2019,21.61,29.5,20.28,4.5,3.22,5.16,False,422.15,,False,92989.0,0.15,-34441.0,Accrual Risk,29.1,Capital Intensive,-631.48,Growth Funded by Debt,2473271.58,2632574.41,69.2,4.11,15.96,0.27,69.0,19697.0,9.0,101588.0,-29062.0,,,,,,,,,,INSUFFICIENT,INSUFFICIENT,INSUFFICIENT,21.25
BAJFINANCE,Mar 2020,19.96,34.73,16.28,5.65,3.2,4.02,False,1020.89,,False,112262.0,0.16,-33170.0,Accrual Risk,33.21,Capital Intensive,-362.16,Growth Funded by Debt,2473271.58,2632574.41,69.2,4.11,15.96,0.27,87.0,32328.0,11.0,129806.0,-24412.0,,37.37,,,42.43,,,37.04,,OK,OK,OK,31.66
BAJFINANCE,Mar 2021,16.57,40.64,11.97,6.43,2.58,3.57,False,3621.0,,False,113237.0,0.16,-1236.0,Accrual Risk,1.61,Asset Light,-11.4,Growth Funded by Debt,2473271.58,2632574.41,69.2,4.11,15.96,0.27,73.0,36918.0,14.0,131634.0,-807.0,,29.59,,,28.15,,,24.92,,OK,OK,OK,27.78
BAJFINANCE,Mar 2022,22.21,37.55,16.08,5.69,3.31,3.78,False,-700.65,,True,152986.0,0.15,-30743.0,Accrual Risk,20.06,Capital Intensive,-258.78,Distress Signal,2473271.58,2632574.41,69.2,4.11,15.96,0.27,116.0,43713.0,17.0,165232.0,-37090.0,,25.98,,,30.8,,,28.58,,OK,OK,OK,29.64
BAJFINANCE,Mar 2023,27.79,30.65,21.17,4.68,4.18,3.99,False,-2546.4,,True,193938.0,0.15,-52506.0,Accrual Risk,25.1,Capital Intensive,-413.66,Growth Funded by Debt,2473271.58,2632574.41,69.2,4.11,15.96,0.27,190.0,54372.0,16.0,216690.0,-42112.0,,26.58,,,35.75,,,34.6,,OK,OK,OK,32.7
BAJFINANCE,Mar 2024,26.29,29.29,18.84,4.35,3.85,3.82,False,2689.17,,False,262465.0,0.15,-79931.0,Accrual Risk,13.04,Capital Intensive,-496.5,Growth Funded by Debt,2473271.58,2632574.41,69.2,4.11,15.96,0.27,233.0,76696.0,15.0,293346.0,-72760.0,,24.35,,,29.32,,,27.56,,OK,OK,OK,30.95
BANKBARODA,Mar 2013,13.25,30.05,14.51,2.02,0.86,15.3,False,2.43,,False,383575.0,0.07,22682.0,High Quality,1.41,Asset Light,207.14,Reinvestor,590971.02,656699.32,16.89,4.15,24.7,2.62,23.0,33282.0,19.0,509192.0,23196.0,,,,,,,,,,INSUFFICIENT,INSUFFICIENT,INSUFFICIENT,7.8
BANKBARODA,Mar 2014,12.45,29.78,13.31,1.84,0.74,16.3,False,2.17,,False,494860.0,0.06,41503.0,High Quality,1.8,Asset Light,344.45,Mixed,590971.02,656699.32,16.89,4.15,24.7,2.62,23.0,37847.0,19.0,616973.0,42233.0,,,,,,,,,,INSUFFICIENT,INSUFFICIENT,INSUFFICIENT,7.21
BANKBARODA,Mar 2015,8.79,29.98,9.4,1.9,0.54,15.84,False,2.47,,False,540744.0,0.06,17282.0,High Quality,1.24,Asset Light,128.34,Reinvestor,590971.02,656699.32,16.89,4.15,24.7,2.62,18.0,42018.0,18.0,665483.0,17838.0,,,,,,,,,,INSUFFICIENT,INSUFFICIENT,INSUFFICIENT,5.11
BANKBARODA,Mar 2016,-10.99,55.44,-11.84,3.83,-0.73,14.6,False,4.23,,False,491642.0,0.07,-14016.0,High Quality,8.74,Capital Intensive,-55.2,Pre-Revenue,590971.02,656699.32,16.89,4.15,24.7,2.62,-22.0,42503.0,0.0,620536.0,-10011.0,,,,,,,,,,INSUFFICIENT,INSUFFICIENT,INSUFFICIENT,-6.27
BANKBARODA,Mar 2017,4.17,43.28,4.31,2.78,0.26,15.06,False,2.42,,False,507783.0,0.06,17314.0,High Quality,1.24,Asset Light,89.94,Reinvestor,590971.02,656699.32,16.89,4.15,24.7,2.62,8.0,43067.0,15.0,648499.0,17865.0,,,,,,,,,,INSUFFICIENT,INSUFFICIENT,INSUFFICIENT,2.4
BANKBARODA,Mar 2018,-3.99,56.65,-3.94,3.63,-0.25,14.44,False,3.26,,False,497174.0,0.06,-60106.0,High Quality,0.9,Asset Light,-230.35,Growth Funded by Debt,590971.02,656699.32,16.89,4.15,24.7,2.62,-7.0,46566.0,0.0,672311.0,-59692.0,,4.79,,,,,,,,OK,DECLINE_TO_LOSS,DECLINE_TO_LOSS,-1.4
BANKBARODA,Mar 2019,2.2,48.79,2.12,3.27,0.14,13.35,False,3.27,,False,538740.0,0.06,-3986.0,Accrual Risk,4.8,Moderate,-15.44,Growth Funded by Debt,590971.02,656699.32,16.89,4.15,24.7,2.62,4.0,54996.0,0.0,734456.0,-1449.0,,5.51,,,-25.37,,,-29.52,,OK,OK,OK,-0.47
BANKBARODA,Mar 2020,1.24,51.44,1.29,3.54,0.08,14.05,False,3.33,,False,779254.0,0.07,18392.0,High Quality,0.18,Asset Light,45.32,Mixed,590971.02,656699.32,16.89,4.15,24.7,2.62,2.0,76104.0,0.0,1068981.0,18531.0,,11.93,,,-24.31,,,-35.56,,OK,OK,OK,0.13
BANKBARODA,Mar 2021,2.18,51.23,1.97,3.31,0.13,12.95,False,2.59,,False,785314.0,0.06,-1358.0,Accrual Risk,0.63,Asset Light,-3.57,Pre-Revenue,590971.02,656699.32,16.89,4.15,24.7,2.62,3.0,82390.0,0.0,1067173.0,-887.0,,10.16,,,,,,,,OK,TURNAROUND,TURNAROUND,2.71
BANKBARODA,Mar 2022,10.81,51.12,8.64,2.94,0.59,12.9,False,2.61,,False,837744.0,0.05,2565.0,Moderate,4.97,Moderate,6.84,Reinvestor,590971.02,656699.32,16.89,4.15,24.7,2.62,15.0,91869.0,19.0,1185331.0,6210.0,,10.54,,,33.73,,,13.4,,OK,OK,OK,10.19
BANKBARODA,Mar 2023,15.88,40.45,14.28,2.64,0.98,12.78,False,2.35,,False,945105.0,0.06,-22450.0,Accrual Risk,1.16,Asset Light,-58.72,Pre-Revenue,590971.02,656699.32,16.89,4.15,24.7,2.62,29.0,105055.0,19.0,1342592.0,-21354.0,,15.46,,,,,,,,OK,TURNAROUND,TURNAROUND,10.55
BANKBARODA,Mar 2024,15.94,37.49,15.76,2.82,1.14,12.14,False,1.9,,False,1046625.0,0.07,-7559.0,Accrual Risk,1.09,Asset Light,-17.03,Growth Funded by Debt,590971.02,656699.32,16.89,4.15,24.7,2.62,36.0,119713.0,21.0,1453761.0,-6274.0,,17.48,,,74.51,,,55.18,,OK,OK,OK,18.85
BEL,Mar 2013,14.52,10.66,15183.33,2230.0,2024.44,4.0,False,184.43,,False,24.0,139.4,214.0,Accrual Risk,27.95,Capital Intensive,31.99,Unknown,1354781.06,1259877.04,17.89,9.22,23.14,0.76,1.0,6.0,20.0,24.0,-1539.0,,,,,,,,,,INSUFFICIENT,INSUFFICIENT,INSUFFICIENT,5468.47
BEL,Mar 2014,14.61,14.19,13600.0,3303.57,2069.57,3.0,False,194.71,,False,21.0,141.7,190.0,Accrual Risk,11.64,Capital Intensive,20.54,Unknown,1354781.06,1259877.04,17.89,9.22,23.14,0.76,1.0,7.0,20.0,21.0,-569.0,,,,,,,,,,INSUFFICIENT,INSUFFICIENT,INSUFFICIENT,4918.62
BEL,Mar 2015,16.88,16.62,17100.0,3572.73,2442.86,3.71,False,240.86,,False,26.0,144.76,595.0,High Quality,11.83,Capital Intensive,50.47,Reinvestor,1354781.06,1259877.04,17.89,9.22,23.14,0.76,2.0,7.0,20.0,26.0,1434.0,,,,,,,,,,INSUFFICIENT,INSUFFICIENT,INSUFFICIENT,6145.72
BEL,Mar 2016,18.18,18.94,11141.67,3764.86,2571.15,2.08,False,196.6,,False,25.0,141.42,790.0,High Quality,19.99,Capital Intensive,56.71,Reinvestor,1354781.06,1259877.04,17.89,9.22,23.14,0.76,2.0,12.0,31.0,25.0,2260.0,,,,,,,,,,INSUFFICIENT,INSUFFICIENT,INSUFFICIENT,4060.48
BEL,Mar 2017,17.59,20.7,10153.33,4072.73,1977.92,1.93,False,122.89,,False,29.0,112.42,3054.0,Accrual Risk,35.99,Capital Intensive,170.42,Unknown,1354781.06,1259877.04,17.89,9.22,23.14,0.76,2.0,15.0,33.0,29.0,-61.0,,,,,,,,,,INSUFFICIENT,INSUFFICIENT,INSUFFICIENT,3685.74
BEL,Mar 2018,13.76,19.6,4616.13,2581.01,1182.64,1.55,False,372.5,,False,48.0,85.96,-693.0,Accrual Risk,0.06,Asset Light,-33.99,Pre-Revenue,1354781.06,1259877.04,17.89,9.22,23.14,0.76,2.0,31.0,34.0,48.0,-687.0,,10.64,,,9.45,,,14.87,,OK,OK,OK,1723.8
BEL,Mar 2019,15.51,23.91,3851.02,3030.21,1497.62,0.96,False,186.38,,False,47.0,96.54,618.0,Moderate,7.37,Moderate,21.24,Reinvestor,1354781.06,1259877.04,17.89,9.22,23.14,0.76,3.0,49.0,44.0,47.0,1514.0,,13.29,,,14.66,,,24.57,,OK,OK,OK,1469.04
BEL,Mar 2020,14.07,21.28,3318.18,2786.87,1495.9,0.8,False,357.25,,False,44.0,106.3,1921.0,High Quality,5.0,Moderate,69.63,Reinvestor,1354781.06,1259877.04,17.89,9.22,23.14,0.76,3.0,55.0,37.0,44.0,2570.0,,12.83,,,8.8,,,8.45,,OK,OK,OK,1291.68
BEL,Mar 2021,14.88,22.78,3559.32,2975.93,1381.58,0.83,False,333.9,,False,49.0,92.82,2498.0,High Quality,18.39,Capital Intensive,77.72,Reinvestor,1354781.06,1259877.04,17.89,9.22,23.14,0.76,3.0,59.0,46.0,49.0,5093.0,,13.92,,,9.45,,,8.45,,OK,OK,OK,1362.93
BEL,Mar 2022,15.62,21.76,3478.26,2633.07,1472.39,0.84,False,397.33,,False,58.0,94.28,-665.0,High Quality,31.7,Capital Intensive,-19.89,Reinvestor,1354781.06,1259877.04,17.89,9.22,23.14,0.76,3.0,69.0,46.0,58.0,4207.0,,12.17,,,9.52,,,8.45,,OK,OK,OK,1335.89
BEL,Mar 2023,16.84,23.06,3981.33,3587.72,2073.61,0.52,False,230.05,,False,39.0,123.15,3907.0,Accrual Risk,15.27,Capital Intensive,95.53,Liquidating Assets,1354781.06,1259877.04,17.89,9.22,23.14,0.76,4.0,75.0,44.0,39.0,1199.0,,11.26,,,15.85,,,14.87,,OK,OK,OK,1542.22
BEL,Mar 2024,19.66,24.92,4744.05,3977.17,2475.16,0.51,False,476.75,,False,42.0,125.89,-1265.0,High Quality,29.23,Capital Intensive,-25.04,Reinvestor,1354781.06,1259877.04,17.89,9.22,23.14,0.76,5.0,84.0,40.0,43.0,4659.0,,10.75,,,16.13,,,10.76,,OK,OK,OK,1812.45
BHARTIARTL,Mar 2013,2.95,29.84,4.5,19.61,1.44,1.33,False,5.34,,False,59026.0,0.49,3932.0,High Quality,24.27,Capital Intensive,17.13,Reinvestor,378605.83,429972.49,63.78,6.28,39.71,1.02,4.0,50322.0,17.0,66736.0,22608.0,,,,,,,,,,INSUFFICIENT,INSUFFICIENT,INSUFFICIENT,20.0
BHARTIARTL,Mar 2014,3.52,30.88,5.05,19.54,1.66,1.27,False,5.0,,False,60365.0,0.47,1052.0,High Quality,29.33,Capital Intensive,3.97,Mixed,378605.83,429972.49,63.78,6.28,39.71,1.02,5.0,59756.0,26.0,75896.0,26233.0,,,,,,,,,,INSUFFICIENT,INSUFFICIENT,INSUFFICIENT,20.4
BHARTIARTL,Mar 2015,5.25,34.97,12.69,27.28,2.77,2.1,False,7.84,,False,72663.0,0.53,5758.0,High Quality,23.21,Capital Intensive,17.14,Reinvestor,378605.83,429972.49,63.78,6.28,39.71,1.02,8.0,39777.0,33.0,83415.0,28059.0,,,,,,,,,,INSUFFICIENT,INSUFFICIENT,INSUFFICIENT,21.82
BHARTIARTL,Mar 2016,7.14,35.2,10.32,20.3,3.07,1.51,False,4.55,,False,88669.0,0.43,13851.0,High Quality,14.6,Capital Intensive,40.76,Reinvestor,378605.83,429972.49,63.78,6.28,39.71,1.02,11.0,66770.0,9.0,100646.0,27942.0,,,,,,,,,,INSUFFICIENT,INSUFFICIENT,INSUFFICIENT,22.45
BHARTIARTL,Mar 2017,4.44,37.01,6.29,20.22,1.83,1.59,False,3.88,,False,92949.0,0.41,-2400.0,High Quality,32.14,Capital Intensive,-6.79,Reinvestor,378605.83,429972.49,63.78,6.28,39.71,1.02,7.0,67457.0,11.0,107288.0,28280.0,,,,,,,,,,INSUFFICIENT,INSUFFICIENT,INSUFFICIENT,20.32
BHARTIARTL,Mar 2018,2.64,36.4,3.14,16.63,0.88,1.6,False,3.41,,False,95175.0,0.33,1914.0,High Quality,33.81,Capital Intensive,6.36,Mixed,378605.83,429972.49,63.78,6.28,39.71,1.02,2.0,69535.0,194.0,111334.0,29854.0,,1.44,,,-0.74,,,-12.94,,OK,OK,OK,18.9
BHARTIARTL,Mar 2019,2.09,31.89,2.36,13.09,0.62,1.76,False,2.85,,False,109717.0,0.29,-8216.0,High Quality,35.02,Capital Intensive,-31.89,Mixed,378605.83,429972.49,63.78,6.28,39.71,1.02,1.0,71423.0,244.0,125428.0,20070.0,,-1.21,,,-10.98,,,-27.52,,OK,OK,OK,16.73
BHARTIARTL,Mar 2020,-35.03,41.82,-39.75,16.24,-8.54,1.92,False,-0.08,,True,122752.0,0.24,-11469.0,Accrual Risk,33.81,Capital Intensive,-31.33,Mixed,378605.83,429972.49,63.78,6.28,39.71,1.02,-55.0,77145.0,-3.0,148228.0,18129.0,,-1.85,,,,,,,,OK,DECLINE_TO_LOSS,DECLINE_TO_LOSS,-4.8
BHARTIARTL,Mar 2021,-12.29,45.0,-20.97,20.42,-3.59,2.76,False,2.72,,False,135235.0,0.29,20919.0,Accrual Risk,27.12,Capital Intensive,46.2,Reinvestor,378605.83,429972.49,63.78,6.28,39.71,1.02,-26.0,58953.0,0.0,162785.0,48205.0,,0.83,,,,,,,,OK,DECLINE_TO_LOSS,DECLINE_TO_LOSS,5.1
BHARTIARTL,Mar 2022,7.13,49.37,12.48,24.35,2.3,2.55,False,3.74,,False,140329.0,0.32,13539.0,High Quality,35.59,Capital Intensive,23.53,Reinvestor,378605.83,429972.49,63.78,6.28,39.71,1.02,7.0,66554.0,39.0,169678.0,55017.0,,4.07,,,14.39,,,0.0,,OK,OK,OK,23.06
BHARTIARTL,Mar 2023,8.83,51.22,15.84,23.48,2.76,2.91,False,3.75,,False,193066.0,0.31,26093.0,High Quality,28.2,Capital Intensive,36.61,Reinvestor,378605.83,429972.49,63.78,6.28,39.71,1.02,15.0,77563.0,27.0,226020.0,65325.0,,10.98,,,41.27,,,49.63,,OK,OK,OK,27.57
BHARTIARTL,Mar 2024,5.71,52.2,10.36,26.25,1.94,2.61,False,3.31,,False,183990.0,0.34,27809.0,High Quality,34.06,Capital Intensive,35.52,Reinvestor,378605.83,429972.49,63.78,6.28,39.71,1.02,13.0,82619.0,62.0,215592.0,78898.0,,13.17,,,38.36,,,67.03,,OK,OK,OK,25.7
BHEL,Mar 2013,13.69,19.39,21.91,28.52,9.32,0.09,False,82.93,,False,2692.0,0.68,646.0,Accrual Risk,2.28,Asset Light,6.81,Mixed,540053.85,682460.17,29.8,11.43,21.59,4.04,18.0,30549.0,20.0,2698.0,1759.0,,,,,,,,,,INSUFFICIENT,INSUFFICIENT,INSUFFICIENT,30.91
BHEL,Mar 2014,8.85,11.57,10.56,12.09,4.65,0.14,False,46.59,,False,4687.0,0.53,3644.0,High Quality,2.19,Asset Light,79.58,Mixed,540053.85,682460.17,29.8,11.43,21.59,4.04,10.0,33171.0,20.0,4693.0,4512.0,,,,,,,,,,INSUFFICIENT,INSUFFICIENT,INSUFFICIENT,25.72
BHEL,Mar 2015,4.63,6.84,4.24,5.93,2.04,0.06,False,36.54,,False,1883.0,0.44,1471.0,Moderate,2.08,Asset Light,68.71,Liquidating Assets,540053.85,682460.17,29.8,11.43,21.59,4.04,4.0,34207.0,20.0,1889.0,821.0,,,,,,,,,,INSUFFICIENT,INSUFFICIENT,INSUFFICIENT,22.73
BHEL,Mar 2016,-2.77,-5.32,-2.18,-4.17,-1.08,0.01,False,0.38,,True,-585.0,0.39,397.0,Accrual Risk,0.09,Asset Light,-29.26,Liquidating Assets,540053.85,682460.17,29.8,11.43,21.59,4.04,-2.0,32315.0,-14.0,211.0,374.0,,,,,,,,,,INSUFFICIENT,INSUFFICIENT,INSUFFICIENT,19.05
BHEL,Mar 2017,1.6,3.85,1.4,3.36,0.74,0.0,False,4.47,,False,-601.0,0.46,-5.0,High Quality,1.98,Asset Light,-0.46,Reinvestor,540053.85,682460.17,29.8,11.43,21.59,4.04,1.0,32389.0,85.0,156.0,560.0,,,,,,,,,,INSUFFICIENT,INSUFFICIENT,INSUFFICIENT,21.27
BHEL,Mar 2018,1.52,5.73,1.35,5.09,0.69,0.0,False,7.07,,False,-319.0,0.45,1950.0,High Quality,3.33,Moderate,117.97,Liquidating Assets,540053.85,682460.17,29.8,11.43,21.59,4.04,1.0,32335.0,151.0,110.0,989.0,,-10.03,,,-42.03,,,-43.9,,OK,OK,OK,15.52
BHEL,Mar 2019,3.29,6.68,3.24,6.07,1.55,0.08,False,7.13,,False,2446.0,0.47,-1941.0,Accrual Risk,6.3,Moderate,-95.52,Unknown,540053.85,682460.17,29.8,11.43,21.59,4.04,3.0,30904.0,69.0,2598.0,-3860.0,,-5.11,,,-22.14,,,-21.4,,OK,OK,OK,19.12
BHEL,Mar 2020,-6.84,-0.62,-5.12,-0.39,-2.43,0.18,False,0.75,,True,4918.0,0.36,-1015.0,High Quality,8.75,Capital Intensive,763.16,Distress Signal,540053.85,682460.17,29.8,11.43,21.59,4.04,-4.0,28660.0,0.0,5080.0,-2892.0,,-7.28,,,,,,,,OK,DECLINE_TO_LOSS,DECLINE_TO_LOSS,15.75
BHEL,Mar 2021,-15.6,-17.62,-10.39,-9.86,-4.82,0.19,False,-5.69,,True,4766.0,0.31,518.0,Accrual Risk,0.24,Asset Light,-16.99,Reinvestor,540053.85,682460.17,29.8,11.43,21.59,4.04,-8.0,25983.0,0.0,4951.0,560.0,,-7.46,,,,,,,,OK,BOTH_NEGATIVE,BOTH_NEGATIVE,12.05
BHEL,Mar 2022,2.1,3.9,1.68,2.64,0.78,0.18,False,2.75,,False,4625.0,0.37,-458.0,High Quality,5.27,Moderate,-55.31,Reinvestor,540053.85,682460.17,29.8,11.43,21.59,4.04,1.0,26506.0,31.0,4830.0,660.0,,-5.71,,,-0.44,,,0.0,,OK,OK,OK,20.12
BHEL,Mar 2023,2.8,4.47,2.68,3.5,1.13,0.22,False,2.59,,False,5219.0,0.41,739.0,Accrual Risk,6.33,Moderate,70.79,Distress Signal,540053.85,682460.17,29.8,11.43,21.59,4.04,2.0,24378.0,21.0,5454.0,-741.0,,-4.11,,,8.35,,,14.87,,OK,OK,OK,21.69
BHEL,Mar 2024,1.18,2.98,1.15,2.14,0.47,0.36,False,1.59,,False,8600.0,0.4,-2382.0,Accrual Risk,5.57,Moderate,-335.02,Distress Signal,540053.85,682460.17,29.8,11.43,21.59,4.04,1.0,24438.0,31.0,8856.0,-3713.0,,-4.73,,,-22.4,,,-19.73,,OK,OK,OK,17.37
BOSCHLTD,Dec 2012,11.06,15.59,17.19,23.26,12.12,0.04,False,286.5,,False,-1299.0,1.1,47.0,Moderate,9.52,Capital Intensive,3.48,Reinvestor,2599556.05,2628370.51,58.43,6.47,16.07,4.23,305.0,5573.0,20.0,230.0,871.0,,,,,,,,,,INSUFFICIENT,INSUFFICIENT,INSUFFICIENT,29.25
BOSCHLTD,Dec 2013,10.11,14.72,14.06,19.9,9.95,0.03,False,,Debt Free,False,-2019.0,0.98,211.0,High Quality,9.66,Capital Intensive,16.37,Reinvestor,2599556.05,2628370.51,58.43,6.47,16.07,4.23,282.0,6294.0,20.0,183.0,1057.0,,,,,,,,,,INSUFFICIENT,INSUFFICIENT,INSUFFICIENT,27.86
BOSCHLTD,Mar 2015,11.07,16.39,18.21,26.56,12.83,0.02,False,179.86,,False,-2779.0,1.16,213.0,High Quality,9.79,Capital Intensive,10.75,Reinvestor,2599556.05,2628370.51,58.43,6.47,16.07,4.23,426.0,7347.0,20.0,111.0,1396.0,,,,,,,,,,INSUFFICIENT,INSUFFICIENT,INSUFFICIENT,29.71
BOSCHLTD,Mar 2016,15.78,19.36,16.06,19.59,12.31,0.01,False,192.38,,False,-4578.0,0.78,323.0,Moderate,10.26,Capital Intensive,17.2,Reinvestor,2599556.05,2628370.51,58.43,6.47,16.07,4.23,488.0,9535.0,17.0,50.0,1318.0,,,,,,,,,,INSUFFICIENT,INSUFFICIENT,INSUFFICIENT,29.54
BOSCHLTD,Mar 2017,16.68,18.81,19.79,22.31,14.75,0.0,False,106.48,,False,-3927.0,0.88,2703.0,Moderate,11.94,Capital Intensive,137.7,Liquidating Assets,2599556.05,2628370.51,58.43,6.47,16.07,4.23,570.0,8799.0,29.0,0.0,1457.0,,3.8,,,12.69,,,13.32,,OK,OK,OK,32.98
BOSCHLTD,Mar 2018,11.73,17.9,13.74,20.97,9.84,0.0,False,837.0,,False,-5240.0,0.84,559.0,High Quality,10.01,Capital Intensive,26.71,Reinvestor,2599556.05,2628370.51,58.43,6.47,16.07,4.23,449.0,9981.0,22.0,0.0,1729.0,,5.95,,,9.15,,,9.75,,OK,OK,OK,29.8
BOSCHLTD,Mar 2019,13.22,17.82,17.51,23.6,12.57,0.0,False,211.85,,False,-4054.0,0.95,2359.0,Accrual Risk,14.61,Capital Intensive,109.52,Liquidating Assets,2599556.05,2628370.51,58.43,6.47,16.07,4.23,542.0,9127.0,19.0,0.0,593.0,,,,,,,,,,INSUFFICIENT,INSUFFICIENT,INSUFFICIENT,29.72
BOSCHLTD,Mar 2020,6.6,15.07,7.01,15.87,4.88,0.01,False,137.8,,False,-3968.0,0.74,463.0,High Quality,8.87,Capital Intensive,31.22,Reinvestor,2599556.05,2628370.51,58.43,6.47,16.07,4.23,220.0,9270.0,48.0,74.0,1336.0,,-4.02,,,-13.45,,,-12.38,,OK,OK,OK,22.55
BOSCHLTD,Mar 2021,4.96,11.97,4.91,11.77,3.26,0.01,False,65.86,,False,-5103.0,0.66,372.0,High Quality,4.76,Moderate,31.99,Reinvestor,2599556.05,2628370.51,58.43,6.47,16.07,4.23,164.0,9823.0,70.0,54.0,835.0,,0.04,,,-20.64,,,-19.59,,OK,OK,OK,21.29
BOSCHLTD,Mar 2022,10.33,12.41,11.39,13.59,7.9,0.01,False,63.9,,False,-5455.0,0.76,238.0,Accrual Risk,0.28,Asset Light,16.28,Reinvestor,2599556.05,2628370.51,58.43,6.47,16.07,4.23,413.0,10688.0,51.0,73.0,271.0,,2.46,,,-6.91,,,-6.24,,OK,OK,OK,26.47
BOSCHLTD,Mar 2023,9.54,12.12,12.93,16.36,8.76,0.0,False,190.08,,False,-4970.0,0.92,1476.0,Moderate,1.75,Asset Light,81.55,Liquidating Assets,2599556.05,2628370.51,58.43,6.47,16.07,4.23,483.0,11013.0,99.0,53.0,1214.0,,5.01,,,0.76,,,1.47,,OK,OK,OK,28.18
BOSCHLTD,Mar 2024,14.89,12.52,20.64,17.31,14.35,0.0,False,71.78,,False,-5086.0,0.96,1536.0,Moderate,1.69,Asset Light,73.32,Liquidating Assets,2599556.05,2628370.51,58.43,6.47,16.07,4.23,844.0,12064.0,44.0,39.0,1253.0,,6.72,,,9.28,,,9.26,,OK,OK,OK,33.1
BPCL,Mar 2013,0.8,2.77,11.54,13.44,2.43,1.98,False,3.26,,False,25687.0,3.04,2322.0,High Quality,1.49,Asset Light,34.61,Reinvestor,468662.13,606487.07,68.15,0.72,26.59,1.15,4.0,16775.0,42.0,33157.0,5926.0,,,,,,,,,,INSUFFICIENT,INSUFFICIENT,INSUFFICIENT,23.28
BPCL,Mar 2014,1.53,3.56,20.85,17.9,4.58,1.71,False,5.43,,False,26167.0,2.99,2707.0,High Quality,2.6,Asset Light,28.76,Reinvestor,468662.13,606487.07,68.15,0.72,26.59,1.15,9.0,19440.0,31.0,33152.0,9588.0,,,,,,,,,,INSUFFICIENT,INSUFFICIENT,INSUFFICIENT,27.17
BPCL,Mar 2015,2.09,4.03,22.52,20.35,5.89,1.13,False,10.08,,False,17780.0,2.81,10206.0,High Quality,4.34,Moderate,104.36,Reinvestor,468662.13,606487.07,68.15,0.72,26.59,1.15,11.0,22562.0,34.0,25492.0,20742.0,,,,,,,,,,INSUFFICIENT,INSUFFICIENT,INSUFFICIENT,28.85
BPCL,Mar 2016,4.31,6.91,29.1,25.34,9.36,0.84,False,21.89,,False,13987.0,2.17,1886.0,High Quality,4.92,Moderate,14.54,Reinvestor,468662.13,606487.07,68.15,0.72,26.59,1.15,19.0,27794.0,25.0,23388.0,11119.0,,,,,,,,,,INSUFFICIENT,INSUFFICIENT,INSUFFICIENT,31.54
BPCL,Mar 2017,4.72,6.85,30.85,20.71,8.72,1.16,False,23.71,,False,14398.0,1.84,-6233.0,Moderate,7.59,Moderate,-45.22,Mixed,468662.13,606487.07,68.15,0.72,26.59,1.15,20.0,30819.0,49.0,35725.0,9041.0,,,,,,,,,,INSUFFICIENT,INSUFFICIENT,INSUFFICIENT,31.26
BPCL,Mar 2018,4.15,6.49,26.74,20.62,8.14,1.03,False,15.38,,False,13934.0,1.96,4002.0,High Quality,3.0,Asset Light,26.13,Reinvestor,468662.13,606487.07,68.15,0.72,26.59,1.15,21.0,36619.0,46.0,37659.0,11068.0,,-0.52,,,38.29,,,39.33,,OK,OK,OK,33.84
BPCL,Mar 2019,2.86,5.07,22.0,18.08,6.23,1.16,False,10.25,,False,19932.0,2.18,-294.0,High Quality,3.5,Moderate,-1.95,Mixed,468662.13,606487.07,68.15,0.72,26.59,1.15,18.0,38765.0,48.0,44839.0,10157.0,,2.44,,,16.04,,,14.87,,OK,OK,OK,30.1
BPCL,Mar 2020,1.29,3.15,10.04,8.8,2.43,1.79,False,3.93,,False,38447.0,1.89,-3254.0,High Quality,3.91,Moderate,-36.26,Mixed,468662.13,606487.07,68.15,0.72,26.59,1.15,7.0,36532.0,106.0,65476.0,7881.0,,3.24,,,-6.32,,,-8.64,,OK,OK,OK,21.94
BPCL,Mar 2021,7.52,9.12,32.34,19.43,10.76,1.02,False,16.54,,False,27764.0,1.43,20981.0,High Quality,1.07,Asset Light,99.9,Reinvestor,468662.13,606487.07,68.15,0.72,26.59,1.15,37.0,53555.0,102.0,54532.0,23455.0,,4.15,,,16.45,,,14.26,,OK,OK,OK,34.48
BPCL,Mar 2022,3.37,5.52,22.51,16.44,6.23,1.24,False,9.24,,False,40918.0,1.85,12198.0,High Quality,2.35,Asset Light,63.74,Reinvestor,468662.13,606487.07,68.15,0.72,26.59,1.15,27.0,51905.0,29.0,64534.0,20336.0,,11.5,,,4.21,,,6.19,,OK,OK,OK,30.07
BPCL,Mar 2023,0.45,2.3,3.98,8.87,1.13,1.3,False,3.45,,False,42598.0,2.52,4660.0,High Quality,1.65,Asset Light,42.76,Reinvestor,468662.13,606487.07,68.15,0.72,26.59,1.15,5.0,53522.0,40.0,69376.0,12466.0,,14.94,,,-26.29,,,-24.95,,OK,OK,OK,21.01
BPCL,Mar 2024,5.99,9.84,35.51,33.85,13.27,0.72,False,11.36,,False,27968.0,2.21,25415.0,High Quality,2.35,Asset Light,57.65,Reinvestor,468662.13,606487.07,68.15,0.72,26.59,1.15,62.0,75635.0,33.0,54599.0,35936.0,,8.48,,,25.79,,,28.06,,OK,OK,OK,38.25
BRITANNIA,Mar 2013,4.2,6.81,46.59,44.88,13.81,0.68,False,11.54,,False,272.0,3.28,348.0,High Quality,0.45,Asset Light,82.66,Liquidating Assets,324745.74,376568.58,63.91,4.26,33.95,1.88,11.0,558.0,39.0,380.0,320.0,,,,,,,,,,INSUFFICIENT,INSUFFICIENT,INSUFFICIENT,39.07
BRITANNIA,Mar 2014,5.71,9.07,49.5,66.14,18.75,0.19,False,82.62,,False,-48.0,3.28,425.0,High Quality,3.56,Moderate,67.78,Reinvestor,324745.74,376568.58,63.91,4.26,33.95,1.88,16.0,798.0,36.0,150.0,671.0,,,,,,,,,,INSUFFICIENT,INSUFFICIENT,INSUFFICIENT,41.37
BRITANNIA,Mar 2015,8.77,11.07,55.34,62.59,24.67,0.12,False,274.5,,False,-373.0,2.81,134.0,Moderate,5.73,Moderate,15.4,Reinvestor,324745.74,376568.58,63.91,4.26,33.95,1.88,29.0,1245.0,28.0,145.0,584.0,,,,,,,,,,INSUFFICIENT,INSUFFICIENT,INSUFFICIENT,43.69
BRITANNIA,Mar 2016,9.82,14.58,39.44,55.06,23.61,0.06,False,267.8,,False,-657.0,2.4,254.0,High Quality,8.4,Capital Intensive,20.75,Reinvestor,324745.74,376568.58,63.91,4.26,33.95,1.88,34.0,2092.0,29.0,131.0,959.0,,,,,,,,,,INSUFFICIENT,INSUFFICIENT,INSUFFICIENT,38.05
BRITANNIA,Mar 2017,9.77,14.12,32.83,45.3,21.54,0.05,False,285.8,,False,-362.0,2.2,291.0,Accrual Risk,1.66,Asset Light,22.77,Reinvestor,324745.74,376568.58,63.91,4.26,33.95,1.88,37.0,2696.0,30.0,125.0,441.0,,,,,,,,,,INSUFFICIENT,INSUFFICIENT,INSUFFICIENT,35.54
BRITANNIA,Mar 2018,10.13,15.14,29.48,41.61,19.35,0.06,False,208.38,,False,-878.0,1.91,292.0,High Quality,9.65,Capital Intensive,19.45,Reinvestor,324745.74,376568.58,63.91,4.26,33.95,1.88,42.0,3406.0,30.0,201.0,1249.0,,9.9,,,31.02,,,30.73,,OK,OK,OK,38.72
BRITANNIA,Mar 2019,10.45,15.67,27.16,39.28,18.52,0.04,False,215.33,,False,-1320.0,1.77,304.0,High Quality,7.71,Moderate,17.55,Reinvestor,324745.74,376568.58,63.91,4.26,33.95,1.88,48.0,4253.0,31.0,156.0,1156.0,,9.84,,,23.94,,,24.57,,OK,OK,OK,37.16
BRITANNIA,Mar 2020,12.02,15.89,31.66,31.02,17.8,0.35,False,27.35,,False,-1355.0,1.48,-41.0,High Quality,13.16,Capital Intensive,-2.22,Mixed,324745.74,376568.58,63.91,4.26,33.95,1.88,58.0,4403.0,60.0,1538.0,1485.0,,8.1,,,15.14,,,14.87,,OK,OK,OK,36.99
BRITANNIA,Mar 2021,14.09,19.1,52.17,44.25,23.14,0.6,False,25.42,,False,-659.0,1.64,2309.0,High Quality,3.3,Moderate,92.03,Liquidating Assets,324745.74,376568.58,63.91,4.26,33.95,1.88,77.0,3548.0,204.0,2122.0,1876.0,,9.36,,,17.54,,,17.76,,OK,OK,OK,44.68
BRITANNIA,Mar 2022,10.72,15.57,59.27,43.68,20.14,0.97,False,16.83,,False,719.0,1.88,2214.0,Moderate,6.47,Moderate,100.59,Liquidating Assets,324745.74,376568.58,63.91,4.26,33.95,1.88,63.0,2558.0,89.0,2481.0,1300.0,,9.32,,,11.37,,,11.23,,OK,OK,OK,45.36
BRITANNIA,Mar 2023,14.21,17.37,65.53,43.35,24.77,0.85,False,20.28,,False,-327.0,1.74,1019.0,High Quality,9.24,Capital Intensive,35.99,Reinvestor,324745.74,376568.58,63.91,4.26,33.95,1.88,96.0,3534.0,75.0,2997.0,2526.0,,10.46,,,18.2,,,17.98,,OK,OK,OK,49.21
BRITANNIA,Mar 2024,12.73,18.89,54.15,52.73,23.52,0.52,False,20.6,,False,-702.0,1.85,3050.0,High Quality,2.84,Asset Light,96.31,Liquidating Assets,324745.74,376568.58,63.91,4.26,33.95,1.88,89.0,3941.0,83.0,2065.0,2573.0,,8.69,,,13.06,,,13.14,,OK,OK,OK,44.92
CANBK,Mar 2013,8.79,21.18,11.9,1.8,0.71,14.94,False,2.18,,False,248506.0,0.08,7575.0,High Quality,1.28,Asset Light,104.96,Reinvestor,496415.88,483983.21,36.74,12.61,25.23,3.81,12.0,25176.0,19.0,376040.0,8010.0,,,,,,,,,,INSUFFICIENT,INSUFFICIENT,INSUFFICIENT,6.0
CANBK,Mar 2014,6.75,24.35,8.85,2.02,0.53,14.84,False,2.32,,False,312468.0,0.08,13864.0,High Quality,0.96,Asset Light,143.88,Reinvestor,496415.88,483983.21,36.74,12.61,25.23,3.81,10.0,30176.0,19.0,447913.0,14244.0,,,,,,,,,,INSUFFICIENT,INSUFFICIENT,INSUFFICIENT,4.53
CANBK,Mar 2015,6.69,23.51,9.02,1.94,0.52,15.37,False,2.18,,False,347366.0,0.08,5240.0,High Quality,2.52,Asset Light,50.86,Reinvestor,496415.88,483983.21,36.74,12.61,25.23,3.81,11.0,32492.0,17.0,499488.0,6344.0,,,,,,,,,,INSUFFICIENT,INSUFFICIENT,INSUFFICIENT,4.57
CANBK,Mar 2016,-5.76,40.38,-7.82,3.3,-0.45,15.63,False,3.37,,False,354242.0,0.08,8903.0,Accrual Risk,1.01,Asset Light,50.06,Reinvestor,496415.88,483983.21,36.74,12.61,25.23,3.81,-9.0,32410.0,0.0,506712.0,9346.0,,,,,,,,,,INSUFFICIENT,INSUFFICIENT,INSUFFICIENT,-3.81
CANBK,Mar 2017,3.4,37.85,4.07,2.76,0.24,15.42,False,2.0,,False,372785.0,0.07,2099.0,High Quality,1.15,Asset Light,13.38,Mixed,496415.88,483983.21,36.74,12.61,25.23,3.81,5.0,34685.0,4.0,534858.0,2575.0,,,,,,,,,,INSUFFICIENT,INSUFFICIENT,INSUFFICIENT,2.17
CANBK,Mar 2018,-9.37,61.87,-10.5,4.26,-0.61,15.28,False,3.45,,False,406312.0,0.07,-11607.0,High Quality,1.18,Asset Light,-45.37,Growth Funded by Debt,496415.88,483983.21,36.74,12.61,25.23,3.81,-11.0,36897.0,0.0,563756.0,-11120.0,,3.95,,,,,,,,OK,DECLINE_TO_LOSS,DECLINE_TO_LOSS,-4.89
CANBK,Mar 2019,1.45,56.73,1.85,4.01,0.1,16.99,False,2.74,,False,471488.0,0.07,17492.0,High Quality,1.55,Asset Light,64.3,Reinvestor,496415.88,483983.21,36.74,12.61,25.23,3.81,2.0,37689.0,0.0,640166.0,18237.0,,3.92,,,-23.59,,,-27.52,,OK,OK,OK,-0.76
CANBK,Mar 2020,-3.86,53.88,-4.66,3.78,-0.26,16.22,False,2.27,,False,475525.0,0.07,-5734.0,High Quality,0.89,Asset Light,-21.39,Growth Funded by Debt,496415.88,483983.21,36.74,12.61,25.23,3.81,-4.0,41206.0,0.0,668170.0,-5289.0,,2.58,,,,,,,,OK,DECLINE_TO_LOSS,DECLINE_TO_LOSS,-1.95
CANBK,Mar 2021,4.21,61.83,4.74,3.87,0.25,17.0,False,1.88,,False,774807.0,0.06,58002.0,High Quality,1.59,Asset Light,133.53,Mixed,496415.88,483983.21,36.74,12.61,25.23,3.81,4.0,62410.0,0.0,1060998.0,59118.0,,9.79,,,,,,,,OK,TURNAROUND,TURNAROUND,4.03
CANBK,Mar 2022,8.72,58.39,8.8,3.43,0.49,16.19,False,1.74,,False,821279.0,0.06,-510.0,Accrual Risk,2.02,Asset Light,-1.24,Mixed,496415.88,483983.21,36.74,12.61,25.23,3.81,7.0,69961.0,19.0,1132626.0,919.0,,11.24,,,34.27,,,6.96,,OK,OK,OK,10.0
CANBK,Mar 2023,13.21,49.8,14.53,3.25,0.82,15.85,False,1.69,,False,884267.0,0.06,-41134.0,Accrual Risk,1.35,Asset Light,-96.17,Growth Funded by Debt,496415.88,483983.21,36.74,12.61,25.23,3.81,12.0,78054.0,19.0,1237160.0,-39978.0,,15.74,,,,,,,,OK,TURNAROUND,TURNAROUND,10.15
CANBK,Mar 2024,13.94,41.75,16.72,3.16,1.0,14.87,False,1.61,,False,970573.0,0.07,13296.0,Moderate,1.58,Asset Light,28.81,Reinvestor,496415.88,483983.21,36.74,12.61,25.23,3.81,17.0,92133.0,19.0,1369780.0,15046.0,,18.18,,,85.78,,,53.42,,OK,OK,OK,20.02
CHOLAFIN,Mar 2013,11.98,26.77,15.78,4.0,1.69,7.82,False,706.0,,False,15097.0,0.14,-3749.0,Accrual Risk,0.19,Asset Light,-544.91,Distress Signal,971931.96,1024979.49,16.79,10.36,13.52,2.83,4.0,1952.0,16.0,15269.0,-3754.0,,,,,,,,,,INSUFFICIENT,INSUFFICIENT,INSUFFICIENT,12.42
CHOLAFIN,Mar 2014,11.22,28.42,16.09,4.58,1.71,7.9,False,950.0,,False,18036.0,0.15,-2530.0,Accrual Risk,2.53,Asset Light,-271.46,Growth Funded by Debt,971931.96,1024979.49,16.79,10.36,13.52,2.83,5.0,2287.0,14.0,18075.0,-2447.0,,,,,,,,,,INSUFFICIENT,INSUFFICIENT,INSUFFICIENT,12.23
CHOLAFIN,Mar 2015,11.95,28.56,16.6,4.69,1.86,7.46,False,,Debt Free,False,19925.0,0.16,-2304.0,Accrual Risk,1.08,Asset Light,-217.15,Growth Funded by Debt,971931.96,1024979.49,16.79,10.36,13.52,2.83,6.0,2675.0,11.0,19950.0,-2264.0,,,,,,,,,,INSUFFICIENT,INSUFFICIENT,INSUFFICIENT,13.44
CHOLAFIN,Mar 2016,13.64,30.04,15.67,4.83,2.06,6.14,False,643.5,,False,22530.0,0.15,-2946.0,Accrual Risk,3.25,Moderate,-232.7,Growth Funded by Debt,971931.96,1024979.49,16.79,10.36,13.52,2.83,7.0,3670.0,12.0,22546.0,-2809.0,,,,,,,,,,INSUFFICIENT,INSUFFICIENT,INSUFFICIENT,16.08
CHOLAFIN,Mar 2017,15.3,28.16,16.71,4.66,2.35,5.6,False,448.67,,False,23889.0,0.15,-1690.0,Accrual Risk,4.73,Moderate,-127.84,Growth Funded by Debt,971931.96,1024979.49,16.79,10.36,13.52,2.83,9.0,4298.0,12.0,24071.0,-1468.0,,,,,,,,,,INSUFFICIENT,INSUFFICIENT,INSUFFICIENT,17.86
CHOLAFIN,Mar 2018,16.51,26.1,17.91,3.34,2.08,7.48,False,,Debt Free,False,38307.0,0.13,-7986.0,Accrual Risk,1.08,Asset Light,-550.38,Growth Funded by Debt,971931.96,1024979.49,16.79,10.36,13.52,2.83,12.0,5125.0,11.0,38330.0,-7926.0,,16.68,,,24.41,,,24.57,,OK,OK,OK,19.68
CHOLAFIN,Mar 2019,16.84,22.96,19.28,2.87,2.08,8.15,False,1659.0,,False,50525.0,0.12,-9328.0,Accrual Risk,0.15,Asset Light,-571.57,Growth Funded by Debt,971931.96,1024979.49,16.79,10.36,13.52,2.83,15.0,6208.0,8.0,50567.0,-9317.0,,16.74,,,26.6,,,24.57,,OK,OK,OK,19.11
CHOLAFIN,Mar 2020,12.1,27.79,12.85,3.83,1.65,6.71,False,,Debt Free,False,54972.0,0.14,-2129.0,Accrual Risk,0.62,Asset Light,-87.94,Growth Funded by Debt,971931.96,1024979.49,16.79,10.36,13.52,2.83,13.0,8200.0,13.0,55005.0,-2075.0,,18.59,,,18.88,,,16.72,,OK,OK,OK,18.31
CHOLAFIN,Mar 2021,15.87,30.4,15.84,3.97,2.04,6.64,False,52.41,,False,62147.0,0.13,-10594.0,Accrual Risk,18.22,Capital Intensive,-363.68,Growth Funded by Debt,971931.96,1024979.49,16.79,10.36,13.52,2.83,19.0,9600.0,11.0,63730.0,-8848.0,,17.86,,,21.48,,,22.1,,OK,OK,OK,20.4
CHOLAFIN,Mar 2022,21.23,28.83,18.3,3.61,2.61,5.88,False,35.18,,False,67119.0,0.12,-3931.0,Accrual Risk,16.16,Capital Intensive,-134.35,Distress Signal,971931.96,1024979.49,16.79,10.36,13.52,2.83,26.0,11769.0,8.0,69174.0,-5571.0,,16.67,,,24.57,,,23.64,,OK,OK,OK,23.97
CHOLAFIN,Mar 2023,20.68,28.1,18.58,3.24,2.35,6.79,False,16.58,,False,93796.0,0.11,-29253.0,Accrual Risk,16.67,Capital Intensive,-807.87,Growth Funded by Debt,971931.96,1024979.49,16.79,10.36,13.52,2.83,32.0,14346.0,6.0,97358.0,-27105.0,,18.31,,,23.76,,,21.67,,OK,OK,OK,22.29
CHOLAFIN,Mar 2024,17.85,28.1,17.46,3.5,2.18,6.86,False,21.21,,False,130439.0,0.12,-38538.0,Accrual Risk,14.9,Capital Intensive,-715.65,Growth Funded by Debt,971931.96,1024979.49,16.79,10.36,13.52,2.83,41.0,19593.0,5.0,134475.0,-35683.0,,21.94,,,23.36,,,22.28,,OK,OK,OK,21.71
CIPLA,Mar 2013,18.66,73.26,17.13,60.74,13.25,0.11,False,24.87,,False,-1565.0,0.71,-665.0,Moderate,24.92,Capital Intensive,-10.96,Mixed,439803.15,562931.78,59.75,5.93,33.7,0.12,19.0,9019.0,10.0,967.0,1398.0,,,,,,,,,,INSUFFICIENT,INSUFFICIENT,INSUFFICIENT,30.22
CIPLA,Mar 2014,13.8,78.9,13.97,71.03,10.48,0.12,False,32.06,,False,539.0,0.76,298.0,High Quality,12.43,Capital Intensive,3.71,Reinvestor,439803.15,562931.78,59.75,5.93,33.7,0.12,17.0,10051.0,12.0,1248.0,1563.0,,,,,,,,,,INSUFFICIENT,INSUFFICIENT,INSUFFICIENT,28.17
CIPLA,Mar 2015,10.83,80.94,11.38,73.43,7.84,0.16,False,56.11,,False,1063.0,0.72,223.0,Moderate,8.37,Capital Intensive,2.43,Mixed,439803.15,562931.78,59.75,5.93,33.7,0.12,15.0,10802.0,14.0,1703.0,1173.0,,,,,,,,,,INSUFFICIENT,INSUFFICIENT,INSUFFICIENT,26.55
CIPLA,Mar 2016,10.03,82.02,12.01,67.65,6.57,0.45,False,54.46,,False,4443.0,0.66,-2792.0,High Quality,32.87,Capital Intensive,-24.69,Mixed,439803.15,562931.78,59.75,5.93,33.7,0.12,17.0,11517.0,12.0,5202.0,1741.0,,,,,,,,,,INSUFFICIENT,INSUFFICIENT,INSUFFICIENT,25.97
CIPLA,Mar 2017,7.19,82.66,8.25,71.43,4.96,0.33,False,57.28,,False,3140.0,0.69,1078.0,High Quality,9.06,Capital Intensive,9.06,Reinvestor,439803.15,562931.78,59.75,5.93,33.7,0.12,13.0,12544.0,16.0,4113.0,2382.0,,,,,,,,,,INSUFFICIENT,INSUFFICIENT,INSUFFICIENT,24.36
CIPLA,Mar 2018,9.35,81.35,9.96,67.27,6.25,0.29,False,44.1,,False,2839.0,0.67,629.0,High Quality,5.5,Moderate,5.1,Reinvestor,439803.15,562931.78,59.75,5.93,33.7,0.12,18.0,14229.0,17.0,4098.0,1463.0,,12.86,,,-1.71,,,-1.08,,OK,OK,OK,27.2
CIPLA,Mar 2019,9.12,81.07,9.94,68.63,6.28,0.29,False,27.85,,False,1762.0,0.69,3.0,High Quality,10.32,Capital Intensive,0.02,Reinvestor,439803.15,562931.78,59.75,5.93,33.7,0.12,19.0,15012.0,16.0,4316.0,1691.0,,9.97,,,1.22,,,2.25,,OK,OK,OK,27.03
CIPLA,Mar 2020,8.76,81.29,9.52,74.96,6.4,0.18,False,40.54,,False,1345.0,0.73,3182.0,High Quality,0.67,Asset Light,22.85,Liquidating Assets,439803.15,562931.78,59.75,5.93,33.7,0.12,19.0,15763.0,21.0,2816.0,3068.0,,8.59,,,4.07,,,4.84,,OK,OK,OK,27.15
CIPLA,Mar 2021,12.47,77.8,13.04,73.29,9.61,0.11,False,56.12,,False,-696.0,0.77,1381.0,High Quality,12.39,Capital Intensive,9.26,Reinvestor,439803.15,562931.78,59.75,5.93,33.7,0.12,30.0,18326.0,17.0,2014.0,3755.0,,6.8,,,11.55,,,12.03,,OK,OK,OK,29.78
CIPLA,Mar 2022,11.7,79.08,12.22,78.6,9.48,0.05,False,174.06,,False,-1495.0,0.81,1468.0,High Quality,8.54,Capital Intensive,8.53,Reinvestor,439803.15,562931.78,59.75,5.93,33.7,0.12,31.0,20841.0,16.0,1056.0,3326.0,,8.62,,,19.73,,,18.98,,OK,OK,OK,30.59
CIPLA,Mar 2023,12.45,77.91,12.1,73.22,9.67,0.03,False,60.57,,False,-2859.0,0.78,862.0,High Quality,10.44,Capital Intensive,4.86,Reinvestor,439803.15,562931.78,59.75,5.93,33.7,0.12,35.0,23407.0,24.0,803.0,3238.0,,8.47,,,14.86,,,14.22,,OK,OK,OK,30.2
CIPLA,Mar 2024,16.12,75.59,15.55,71.46,12.77,0.02,False,35.34,,False,-4890.0,0.79,1152.0,Moderate,11.57,Capital Intensive,5.91,Reinvestor,439803.15,562931.78,59.75,5.93,33.7,0.12,51.0,26706.0,25.0,559.0,4134.0,,9.51,,,22.73,,,21.83,,OK,OK,OK,33.12
COALINDIA,Mar 2013,25.41,73.52,35.81,100.88,15.64,0.03,False,5.74,,False,-1090.0,0.62,7276.0,Moderate,2.68,Asset Light,14.49,Reinvestor,454024.84,574785.39,34.27,14.75,25.15,4.38,27.0,48472.0,51.0,1305.0,9109.0,,,,,,,,,,INSUFFICIENT,INSUFFICIENT,INSUFFICIENT,38.18
COALINDIA,Mar 2014,21.4,74.84,35.64,124.09,14.4,0.0,False,7.37,,False,-3597.0,0.67,23105.0,Moderate,12.15,Capital Intensive,43.72,Liquidating Assets,454024.84,574785.39,34.27,14.75,25.15,4.38,24.0,42404.0,121.0,178.0,14525.0,,,,,,,,,,INSUFFICIENT,INSUFFICIENT,INSUFFICIENT,37.42
COALINDIA,Mar 2015,18.52,76.6,34.02,139.29,12.34,0.01,False,8.65,,False,-2405.0,0.67,15276.0,High Quality,1.21,Asset Light,26.91,Liquidating Assets,454024.84,574785.39,34.27,14.75,25.15,4.38,22.0,40353.0,95.0,408.0,14382.0,,,,,,,,,,INSUFFICIENT,INSUFFICIENT,INSUFFICIENT,36.26
COALINDIA,Mar 2016,18.32,75.96,40.96,164.15,12.56,0.03,False,9.96,,False,-1707.0,0.69,21308.0,Moderate,10.47,Capital Intensive,36.03,Liquidating Assets,454024.84,574785.39,34.27,14.75,25.15,4.38,23.0,34833.0,121.0,1199.0,13154.0,,,,,,,,,,INSUFFICIENT,INSUFFICIENT,INSUFFICIENT,38.63
COALINDIA,Mar 2017,11.87,84.07,37.85,238.69,7.83,0.12,False,12.36,,False,1531.0,0.66,16916.0,High Quality,0.58,Asset Light,25.74,Liquidating Assets,454024.84,574785.39,34.27,14.75,25.15,4.38,15.0,24518.0,133.0,3014.0,16461.0,,,,,,,,,,INSUFFICIENT,INSUFFICIENT,INSUFFICIENT,36.04
COALINDIA,Mar 2018,8.26,89.1,34.88,349.77,5.61,0.08,False,15.27,,False,-166.0,0.68,13368.0,High Quality,9.09,Capital Intensive,17.6,Reinvestor,454024.84,574785.39,34.27,14.75,25.15,4.38,11.0,20178.0,146.0,1538.0,21115.0,,4.53,,,-16.52,,,-16.44,,OK,OK,OK,33.41
COALINDIA,Mar 2019,17.54,74.89,66.01,260.17,13.13,0.08,False,12.79,,False,-960.0,0.75,8460.0,Moderate,7.93,Moderate,11.34,Reinvestor,454024.84,574785.39,34.27,14.75,25.15,4.38,28.0,26455.0,46.0,2210.0,16356.0,,7.12,,,2.94,,,3.13,,OK,OK,OK,48.56
COALINDIA,Mar 2020,17.38,77.54,51.93,193.05,11.13,0.2,False,11.56,,False,4461.0,0.64,6010.0,Accrual Risk,1.08,Asset Light,8.07,Liquidating Assets,454024.84,574785.39,34.27,14.75,25.15,4.38,27.0,32157.0,44.0,6434.0,4977.0,,5.33,,,4.0,,,4.18,,OK,OK,OK,43.09
COALINDIA,Mar 2021,14.11,79.31,34.78,168.38,7.89,0.16,False,19.09,,False,-66.0,0.56,10774.0,Moderate,0.2,Asset Light,15.09,Liquidating Assets,454024.84,574785.39,34.27,14.75,25.15,4.38,21.0,36518.0,78.0,5884.0,10592.0,,2.95,,,-2.3,,,-1.8,,OK,OK,OK,35.45
COALINDIA,Mar 2022,15.84,77.47,40.28,182.17,9.68,0.08,False,21.99,,False,-5407.0,0.61,15392.0,High Quality,23.44,Capital Intensive,18.11,Reinvestor,454024.84,574785.39,34.27,14.75,25.15,4.38,28.0,43143.0,60.0,3514.0,41107.0,,7.02,,,13.37,,,13.3,,OK,OK,OK,40.11
COALINDIA,Mar 2023,22.95,68.01,52.14,144.26,14.33,0.07,False,14.34,,False,-2808.0,0.62,12269.0,High Quality,16.97,Capital Intensive,13.05,Reinvestor,454024.84,574785.39,34.27,14.75,25.15,4.38,52.0,60843.0,47.0,4331.0,35734.0,,10.15,,,35.14,,,36.43,,OK,OK,OK,48.36
COALINDIA,Mar 2024,26.26,66.29,45.17,105.71,15.8,0.08,False,11.24,,False,-587.0,0.6,13617.0,Accrual Risk,3.15,Moderate,14.43,Reinvestor,454024.84,574785.39,34.27,14.75,25.15,4.38,61.0,82730.0,42.0,6523.0,18103.0,,7.4,,,16.43,,,16.85,,OK,OK,OK,44.25
DABUR,Mar 2013,12.48,16.16,36.56,30.56,16.27,0.55,False,18.51,,False,222.0,1.3,248.0,High Quality,10.13,Capital Intensive,25.0,Reinvestor,56521.84,67755.32,50.95,13.59,12.02,3.42,4.0,2095.0,34.0,1151.0,870.0,,,,,,,,,,INSUFFICIENT,INSUFFICIENT,INSUFFICIENT,35.49
DABUR,Mar 2014,12.98,16.46,34.49,34.54,17.24,0.27,False,23.85,,False,-368.0,1.33,994.0,High Quality,1.47,Asset Light,85.54,Reinvestor,56521.84,67755.32,50.95,13.59,12.02,3.42,5.0,2656.0,33.0,708.0,1098.0,,,,,,,,,,INSUFFICIENT,INSUFFICIENT,INSUFFICIENT,35.46
DABUR,Mar 2015,13.7,16.93,31.84,32.29,17.49,0.22,False,36.85,,False,-1079.0,1.28,171.0,Moderate,11.24,Capital Intensive,12.95,Reinvestor,56521.84,67755.32,50.95,13.59,12.02,3.42,6.0,3354.0,33.0,734.0,1047.0,,,,,,,,,,INSUFFICIENT,INSUFFICIENT,INSUFFICIENT,34.72
DABUR,Mar 2016,16.12,19.51,30.06,30.51,18.09,0.19,False,36.15,,False,-1886.0,1.12,457.0,Moderate,9.38,Capital Intensive,30.11,Reinvestor,56521.84,67755.32,50.95,13.59,12.02,3.42,7.0,4171.0,32.0,805.0,1187.0,,,,,,,,,,INSUFFICIENT,INSUFFICIENT,INSUFFICIENT,34.48
DABUR,Mar 2017,16.81,19.86,26.41,25.97,16.55,0.2,False,33.48,,False,-2265.0,0.98,420.0,Moderate,10.6,Capital Intensive,27.78,Reinvestor,56521.84,67755.32,50.95,13.59,12.02,3.42,7.0,4847.0,31.0,975.0,1227.0,,,,,,,,,,INSUFFICIENT,INSUFFICIENT,INSUFFICIENT,33.19
DABUR,Mar 2018,17.59,20.94,23.8,24.34,15.61,0.16,False,36.0,,False,-2867.0,0.89,551.0,Moderate,7.01,Moderate,34.08,Reinvestor,56521.84,67755.32,50.95,13.59,12.02,3.42,8.0,5706.0,81.0,938.0,1092.0,,4.69,,,12.13,,,14.87,,OK,OK,OK,34.33
DABUR,Mar 2019,16.98,20.43,25.67,27.48,17.14,0.12,False,32.7,,False,-2660.0,1.01,1837.0,High Quality,3.97,Moderate,105.57,Liquidating Assets,56521.84,67755.32,50.95,13.59,12.02,3.42,8.0,5632.0,34.0,699.0,1499.0,,3.82,,,9.56,,,9.86,,OK,OK,OK,34.68
DABUR,Mar 2020,16.67,20.63,21.92,25.14,15.51,0.08,False,39.94,,False,-2278.0,0.93,1097.0,High Quality,5.95,Moderate,61.22,Reinvestor,56521.84,67755.32,50.95,13.59,12.02,3.42,8.0,6606.0,37.0,522.0,1614.0,,2.19,,,6.28,,,5.92,,OK,OK,OK,32.73
DABUR,Mar 2021,17.73,20.94,22.12,24.5,15.65,0.07,False,75.06,,False,-3651.0,0.88,711.0,High Quality,14.68,Capital Intensive,35.51,Reinvestor,56521.84,67755.32,50.95,13.59,12.02,3.42,10.0,7664.0,50.0,509.0,2115.0,,4.21,,,6.21,,,7.39,,OK,OK,OK,33.28
DABUR,Mar 2022,16.0,20.68,20.78,23.93,14.18,0.12,False,65.64,,False,-5190.0,0.89,529.0,High Quality,11.69,Capital Intensive,23.49,Reinvestor,56521.84,67755.32,50.95,13.59,12.02,3.42,10.0,8382.0,53.0,1030.0,1802.0,,7.42,,,6.36,,,7.39,,OK,OK,OK,32.87
DABUR,Mar 2023,14.75,18.75,18.96,21.31,12.46,0.13,False,33.42,,False,-5091.0,0.84,905.0,Moderate,5.06,Moderate,41.86,Reinvestor,56521.84,67755.32,50.95,13.59,12.02,3.42,10.0,8973.0,54.0,1174.0,1488.0,,8.35,,,4.61,,,4.56,,OK,OK,OK,31.88
DABUR,Mar 2024,14.6,19.35,18.36,21.37,11.98,0.14,False,23.24,,False,-5568.0,0.82,1042.0,High Quality,7.83,Moderate,43.42,Reinvestor,56521.84,67755.32,50.95,13.59,12.02,3.42,10.0,9866.0,53.0,1365.0,2013.0,,7.81,,,4.6,,,4.56,,OK,OK,OK,31.52
DIVISLAB,Mar 2013,28.07,38.04,24.07,32.2,19.18,0.01,False,287.0,,False,-375.0,0.68,225.0,Moderate,11.89,Capital Intensive,27.57,Reinvestor,1615028.67,1501836.03,69.95,12.34,31.81,1.39,23.0,2501.0,33.0,33.0,480.0,,,,,,,,,,INSUFFICIENT,INSUFFICIENT,INSUFFICIENT,34.7
DIVISLAB,Mar 2014,30.53,40.21,26.08,34.14,20.84,0.01,False,362.0,,False,-484.0,0.68,252.0,Moderate,12.05,Capital Intensive,24.75,Reinvestor,1615028.67,1501836.03,69.95,12.34,31.81,1.39,29.0,2964.0,34.0,18.0,557.0,,,,,,,,,,INSUFFICIENT,INSUFFICIENT,INSUFFICIENT,35.89
DIVISLAB,Mar 2015,27.35,37.66,24.37,33.3,19.34,0.01,False,403.67,,False,-706.0,0.71,305.0,Moderate,16.73,Capital Intensive,26.0,Reinvestor,1615028.67,1501836.03,69.95,12.34,31.81,1.39,32.0,3496.0,31.0,27.0,826.0,,,,,,,,,,INSUFFICIENT,INSUFFICIENT,INSUFFICIENT,34.69
DIVISLAB,Mar 2016,29.82,37.69,26.23,32.83,22.99,0.01,False,303.2,,False,-761.0,0.77,632.0,Moderate,10.75,Capital Intensive,44.41,Reinvestor,1615028.67,1501836.03,69.95,12.34,31.81,1.39,42.0,4293.0,24.0,42.0,1038.0,,,,,,,,,,INSUFFICIENT,INSUFFICIENT,INSUFFICIENT,35.89
DIVISLAB,Mar 2017,26.08,35.68,19.79,26.89,17.22,0.01,False,507.33,,False,-1595.0,0.66,10.0,High Quality,28.05,Capital Intensive,0.69,Mixed,1615028.67,1501836.03,69.95,12.34,31.81,1.39,40.0,5357.0,25.0,36.0,1150.0,,,,,,,,,,INSUFFICIENT,INSUFFICIENT,INSUFFICIENT,32.78
DIVISLAB,Mar 2018,22.54,32.61,14.8,21.19,12.93,0.01,False,688.0,,False,-1826.0,0.57,298.0,Moderate,12.28,Capital Intensive,23.48,Reinvestor,1615028.67,1501836.03,69.95,12.34,31.81,1.39,33.0,5925.0,30.0,63.0,776.0,,12.65,,,7.82,,,7.49,,OK,OK,OK,32.92
DIVISLAB,Mar 2019,27.36,37.89,19.45,26.53,16.84,0.02,False,405.6,,False,-1840.0,0.62,269.0,Moderate,13.85,Capital Intensive,14.35,Reinvestor,1615028.67,1501836.03,69.95,12.34,31.81,1.39,51.0,6957.0,31.0,106.0,954.0,,14.33,,,11.85,,,11.95,,OK,OK,OK,36.19
DIVISLAB,Mar 2020,25.53,33.85,18.84,24.85,16.14,0.01,False,287.43,,False,-932.0,0.63,1133.0,Moderate,1.54,Asset Light,62.05,Reinvestor,1615028.67,1501836.03,69.95,12.34,31.81,1.39,52.0,7310.0,31.0,39.0,1216.0,,11.61,,,10.08,,,10.2,,OK,OK,OK,35.06
DIVISLAB,Mar 2021,28.47,41.14,21.34,30.83,18.42,0.0,False,1462.0,,False,5.0,0.65,2022.0,Moderate,1.08,Asset Light,70.53,Liquidating Assets,1615028.67,1501836.03,69.95,12.34,31.81,1.39,75.0,9295.0,27.0,5.0,1947.0,,13.04,,,12.0,,,12.3,,OK,OK,OK,36.97
DIVISLAB,Mar 2022,33.04,43.36,25.24,33.11,22.16,0.0,False,1998.5,,False,-68.0,0.67,-283.0,Moderate,24.5,Capital Intensive,-7.28,Reinvestor,1615028.67,1501836.03,69.95,12.34,31.81,1.39,112.0,11728.0,27.0,4.0,1912.0,,17.13,,,22.8,,,22.87,,OK,OK,OK,40.96
DIVISLAB,Mar 2023,23.48,30.51,14.29,18.56,12.64,0.0,False,1357.0,,False,-73.0,0.54,-248.0,High Quality,34.85,Capital Intensive,-10.46,Reinvestor,1615028.67,1501836.03,69.95,12.34,31.81,1.39,69.0,12767.0,44.0,4.0,2459.0,,14.83,,,15.77,,,15.9,,OK,OK,OK,34.04
DIVISLAB,Mar 2024,20.4,28.17,11.79,16.28,10.35,0.0,False,636.25,,False,-79.0,0.51,992.0,Moderate,3.43,Moderate,44.89,Reinvestor,1615028.67,1501836.03,69.95,12.34,31.81,1.39,60.0,13571.0,50.0,3.0,1261.0,,9.66,,,3.41,,,3.3,,OK,OK,OK,30.51
DLF,Mar 2013,8.58,33.87,2.59,5.03,1.03,1.03,False,1.69,,False,25266.0,0.12,4004.0,High Quality,25.67,Capital Intensive,152.07,Liquidating Assets,1381712.03,1248409.43,46.26,14.32,10.41,2.58,4.0,25729.0,48.0,26600.0,2009.0,,,,,,,,,,INSUFFICIENT,INSUFFICIENT,INSUFFICIENT,20.68
DLF,Mar 2014,7.11,30.04,2.15,4.84,0.91,0.88,False,1.47,,True,23242.0,0.13,5392.0,High Quality,47.29,Capital Intensive,216.29,Liquidating Assets,1381712.03,1248409.43,46.26,14.32,10.41,2.58,4.0,27395.0,55.0,24133.0,1468.0,,,,,,,,,,INSUFFICIENT,INSUFFICIENT,INSUFFICIENT,20.54
DLF,Mar 2015,6.63,39.4,1.85,5.81,0.77,0.89,False,1.53,,False,23872.0,0.12,2135.0,High Quality,1.28,Asset Light,70.84,Liquidating Assets,1381712.03,1248409.43,46.26,14.32,10.41,2.58,3.0,27369.0,66.0,24495.0,2037.0,,,,,,,,,,INSUFFICIENT,INSUFFICIENT,INSUFFICIENT,20.31
DLF,Mar 2016,3.07,39.96,1.27,8.04,0.49,1.05,False,1.67,,False,3954.0,0.16,2139.0,High Quality,8.24,Capital Intensive,53.93,Reinvestor,1381712.03,1248409.43,46.26,14.32,10.41,2.58,2.0,24069.0,117.0,25264.0,2957.0,,,,,,,,,,INSUFFICIENT,INSUFFICIENT,INSUFFICIENT,19.12
DLF,Mar 2017,8.61,41.92,2.88,6.41,1.11,1.19,False,1.54,,False,27993.0,0.13,-26.0,Accrual Risk,10.61,Capital Intensive,-0.75,Distress Signal,1381712.03,1248409.43,46.26,14.32,10.41,2.58,4.0,24573.0,50.0,29202.0,-898.0,,,,,,,,,,INSUFFICIENT,INSUFFICIENT,INSUFFICIENT,20.48
DLF,Mar 2018,66.75,35.46,12.68,4.5,7.39,0.5,False,4.1,,False,-3341.0,0.11,-1832.0,Accrual Risk,31.34,Capital Intensive,-77.04,Reinvestor,1381712.03,1248409.43,46.26,14.32,10.41,2.58,25.0,35311.0,8.0,17491.0,270.0,,-2.91,,,46.34,,,44.27,,OK,OK,OK,41.1
DLF,Mar 2019,15.71,25.68,3.91,4.23,1.98,0.51,False,1.42,,True,-3783.0,0.13,2046.0,High Quality,0.04,Asset Light,95.25,Cash Accumulator,1381712.03,1248409.43,46.26,14.32,10.41,2.58,6.0,33576.0,33.0,17222.0,2043.0,,0.16,,,17.37,,,8.45,,OK,OK,OK,25.38
DLF,Mar 2020,-9.7,18.84,-1.71,2.69,-1.06,0.24,False,1.6,,False,-10463.0,0.11,6864.0,Accrual Risk,106.99,Capital Intensive,598.95,Liquidating Assets,1381712.03,1248409.43,46.26,14.32,10.41,2.58,-2.0,34447.0,-85.0,8103.0,356.0,,-4.48,,,,,,,,OK,DECLINE_TO_LOSS,DECLINE_TO_LOSS,16.42
DLF,Mar 2021,20.0,27.13,3.06,3.48,2.02,0.19,False,2.17,,False,-12860.0,0.1,1610.0,High Quality,2.77,Asset Light,109.6,Liquidating Assets,1381712.03,1248409.43,46.26,14.32,10.41,2.58,4.0,35344.0,45.0,6886.0,1460.0,,-11.42,,,28.84,,,14.87,,OK,OK,OK,25.96
DLF,Mar 2022,26.24,30.49,4.13,4.3,2.93,0.12,False,3.1,,False,-15597.0,0.11,3099.0,High Quality,4.67,Moderate,177.8,Liquidating Assets,1381712.03,1248409.43,46.26,14.32,10.41,2.58,6.0,36362.0,49.0,4182.0,2832.0,,-7.01,,,16.2,,,8.45,,OK,OK,OK,27.13
DLF,Mar 2023,35.72,30.31,5.4,4.21,3.87,0.09,False,5.21,,False,-16147.0,0.11,1914.0,High Quality,8.09,Capital Intensive,110.89,Reinvestor,1381712.03,1248409.43,46.26,14.32,10.41,2.58,8.0,37687.0,49.0,3334.0,2375.0,,-3.22,,,-14.6,,,-20.38,,OK,OK,OK,27.02
DLF,Mar 2024,42.38,33.05,6.91,4.8,4.61,0.12,False,7.46,,False,-15304.0,0.11,1010.0,Moderate,23.79,Capital Intensive,47.55,Mixed,1381712.03,1248409.43,46.26,14.32,10.41,2.58,11.0,39431.0,45.0,4834.0,2539.0,,-5.14,,,15.7,,,12.89,,OK,OK,OK,31.56
DMART,Mar 2013,2.81,6.44,11.91,16.35,6.3,0.67,False,5.35,,False,510.0,2.24,-104.0,High Quality,6.91,Moderate,-48.37,Mixed,3053088.97,3624591.94,72.53,11.71,36.84,1.94,2.0,789.0,0.0,526.0,127.0,,,,,,,,,,INSUFFICIENT,INSUFFICIENT,INSUFFICIENT,25.63
DMART,Mar 2014,3.44,7.28,16.84,21.35,8.9,0.67,False,6.38,,False,625.0,2.59,-72.0,High Quality,5.76,Moderate,-21.11,Mixed,3053088.97,3624591.94,72.53,11.71,36.84,1.94,3.0,956.0,0.0,641.0,198.0,,,,,,,,,,INSUFFICIENT,INSUFFICIENT,INSUFFICIENT,27.83
DMART,Mar 2015,3.29,7.08,17.67,21.67,9.0,0.75,False,6.61,,False,889.0,2.73,-252.0,High Quality,7.36,Moderate,-55.26,Mixed,3053088.97,3624591.94,72.53,11.71,36.84,1.94,4.0,1200.0,0.0,904.0,222.0,,,,,,,,,,INSUFFICIENT,INSUFFICIENT,INSUFFICIENT,28.07
DMART,Mar 2016,3.73,7.74,21.04,24.47,10.32,0.78,False,7.48,,False,1163.0,2.77,-200.0,High Quality,7.37,Moderate,-30.12,Mixed,3053088.97,3624591.94,72.53,11.71,36.84,1.94,6.0,1521.0,0.0,1192.0,433.0,,,,,,,,,,INSUFFICIENT,INSUFFICIENT,INSUFFICIENT,29.32
DMART,Mar 2017,4.03,8.14,12.47,18.15,8.23,0.39,False,8.17,,False,1471.0,2.04,-2027.0,Moderate,20.86,Capital Intensive,-209.18,Mixed,3053088.97,3624591.94,72.53,11.71,36.84,1.94,8.0,3842.0,0.0,1497.0,455.0,,,,,,,,,,INSUFFICIENT,INSUFFICIENT,INSUFFICIENT,26.43
DMART,Mar 2018,5.36,9.0,17.26,26.49,14.27,0.09,False,24.02,,False,371.0,2.66,1194.0,Moderate,3.09,Moderate,88.25,Liquidating Assets,3053088.97,3624591.94,72.53,11.71,36.84,1.94,13.0,4669.0,0.0,439.0,730.0,,35.09,,,53.69,,,45.41,,OK,OK,OK,40.23
DMART,Mar 2019,4.51,8.16,16.14,25.97,12.87,0.13,False,35.77,,False,683.0,2.86,-151.0,Moderate,4.79,Moderate,-9.25,Mixed,3053088.97,3624591.94,72.53,11.71,36.84,1.94,14.0,5587.0,0.0,700.0,807.0,,33.68,,,41.15,,,36.08,,OK,OK,OK,38.32
DMART,Mar 2020,5.23,8.56,11.74,18.65,10.77,0.03,False,31.71,,False,318.0,2.06,-3377.0,Moderate,18.73,Capital Intensive,-158.69,Mixed,3053088.97,3624591.94,72.53,11.71,36.84,1.94,20.0,11080.0,0.0,333.0,1280.0,,31.03,,,43.74,,,37.97,,OK,OK,OK,36.18
DMART,Mar 2021,4.55,7.23,9.02,13.87,8.05,0.03,False,46.17,,False,390.0,1.77,265.0,High Quality,4.6,Moderate,15.19,Reinvestor,3053088.97,3624591.94,72.53,11.71,36.84,1.94,17.0,12184.0,0.0,393.0,1375.0,,22.98,,,27.99,,,23.16,,OK,OK,OK,32.02
DMART,Mar 2022,4.82,8.08,10.91,17.47,9.64,0.05,False,48.44,,False,641.0,2.0,83.0,Moderate,4.16,Moderate,3.32,Reinvestor,3053088.97,3624591.94,72.53,11.71,36.84,1.94,23.0,13678.0,0.0,647.0,1372.0,,21.09,,,25.51,,,23.52,,OK,OK,OK,32.4
DMART,Mar 2023,5.55,8.49,14.79,21.76,13.13,0.04,False,56.22,,False,441.0,2.37,317.0,High Quality,5.4,Moderate,8.71,Reinvestor,3053088.97,3624591.94,72.53,11.71,36.84,1.94,37.0,16078.0,0.0,643.0,2630.0,,23.3,,,24.16,,,23.27,,OK,OK,OK,34.49
DMART,Mar 2024,4.99,8.08,13.56,21.29,11.98,0.03,False,73.29,,False,485.0,2.4,278.0,High Quality,4.86,Moderate,6.77,Reinvestor,3053088.97,3624591.94,72.53,11.71,36.84,1.94,39.0,18698.0,0.0,592.0,2746.0,,20.48,,,22.97,,,22.74,,OK,OK,OK,33.45
DRREDDY,Mar 2013,12.9,22.56,23.98,26.55,11.41,0.58,False,28.15,,False,3485.0,0.88,-59.0,Moderate,12.14,Capital Intensive,-2.21,Reinvestor,2441803.28,2725256.67,11.73,10.19,14.56,0.09,18.0,6369.0,17.0,3682.0,1378.0,,,,,,,,,,INSUFFICIENT,INSUFFICIENT,INSUFFICIENT,30.69
DRREDDY,Mar 2014,14.63,24.23,24.96,26.34,12.34,0.57,False,26.94,,False,3410.0,0.84,366.0,High Quality,11.96,Capital Intensive,11.26,Reinvestor,2441803.28,2725256.67,11.73,10.19,14.56,0.09,23.0,7865.0,16.0,4477.0,1970.0,,,,,,,,,,INSUFFICIENT,INSUFFICIENT,INSUFFICIENT,31.36
DRREDDY,Mar 2015,15.55,23.35,23.71,24.76,12.66,0.44,False,34.89,,False,2066.0,0.81,154.0,High Quality,15.78,Capital Intensive,4.39,Reinvestor,2441803.28,2725256.67,11.73,10.19,14.56,0.09,27.0,9853.0,15.0,4314.0,2524.0,,,,,,,,,,INSUFFICIENT,INSUFFICIENT,INSUFFICIENT,31.34
DRREDDY,Mar 2016,13.69,23.03,16.95,22.52,10.48,0.27,False,46.75,,False,-481.0,0.77,1653.0,High Quality,10.34,Capital Intensive,46.11,Reinvestor,2441803.28,2725256.67,11.73,10.19,14.56,0.09,25.0,12569.0,16.0,3352.0,3263.0,,,,,,,,,,INSUFFICIENT,INSUFFICIENT,INSUFFICIENT,28.9
DRREDDY,Mar 2017,9.1,17.41,10.54,14.39,5.97,0.4,False,33.47,,False,2808.0,0.66,254.0,High Quality,13.31,Capital Intensive,10.28,Reinvestor,2441803.28,2725256.67,11.73,10.19,14.56,0.09,16.0,12262.0,26.0,4918.0,2144.0,,,,,,,,,,INSUFFICIENT,INSUFFICIENT,INSUFFICIENT,25.37
DRREDDY,Mar 2018,6.63,16.46,7.53,13.33,4.24,0.4,False,31.72,,False,2773.0,0.64,320.0,High Quality,10.38,Capital Intensive,13.61,Reinvestor,2441803.28,2725256.67,11.73,10.19,14.56,0.09,11.0,12572.0,35.0,5071.0,1803.0,,3.83,,,-9.11,,,-9.38,,OK,OK,OK,23.46
DRREDDY,Mar 2019,12.62,20.57,13.9,17.79,8.7,0.27,False,39.99,,False,1251.0,0.69,2101.0,High Quality,4.98,Moderate,66.11,Reinvestor,2441803.28,2725256.67,11.73,10.19,14.56,0.09,23.0,14024.0,17.0,3838.0,2870.0,,2.86,,,-0.13,,,0.0,,OK,OK,OK,27.96
DRREDDY,Mar 2020,11.57,14.14,12.99,13.91,8.72,0.14,False,32.11,,False,-468.0,0.75,2489.0,High Quality,2.83,Asset Light,100.48,Reinvestor,2441803.28,2725256.67,11.73,10.19,14.56,0.09,24.0,15599.0,21.0,2210.0,2984.0,,3.12,,,-2.81,,,-2.33,,OK,OK,OK,27.52
DRREDDY,Mar 2021,10.25,20.34,11.07,18.74,7.34,0.17,False,43.39,,False,819.0,0.72,1315.0,High Quality,11.84,Capital Intensive,33.94,Reinvestor,2441803.28,2725256.67,11.73,10.19,14.56,0.09,23.0,17641.0,21.0,3031.0,3570.0,,4.12,,,-1.74,,,-1.65,,OK,OK,OK,26.75
DRREDDY,Mar 2022,10.13,17.49,11.36,16.68,7.34,0.18,False,45.03,,False,768.0,0.72,246.0,High Quality,11.91,Capital Intensive,6.53,Reinvestor,2441803.28,2725256.67,11.73,10.19,14.56,0.09,26.0,19212.0,23.0,3384.0,2811.0,,8.7,,,11.05,,,10.2,,OK,OK,OK,28.77
DRREDDY,Mar 2023,18.27,26.23,19.35,26.27,13.99,0.06,False,52.03,,False,-3639.0,0.77,1779.0,High Quality,16.66,Capital Intensive,27.5,Reinvestor,2441803.28,2725256.67,11.73,10.19,14.56,0.09,54.0,23286.0,15.0,1347.0,5888.0,,11.55,,,36.62,,,37.47,,OK,OK,OK,36.47
DRREDDY,Mar 2024,19.91,28.32,19.74,26.22,14.38,0.07,False,51.71,,False,-2928.0,0.72,509.0,Moderate,14.4,Capital Intensive,6.42,Reinvestor,2441803.28,2725256.67,11.73,10.19,14.56,0.09,67.0,28254.0,12.0,2002.0,4543.0,,12.64,,,23.39,,,23.84,,OK,OK,OK,35.71
EICHERMOT,Dec 2012,7.43,8.61,27.07,30.93,10.62,0.01,False,171.5,,False,-615.0,1.43,-277.0,High Quality,12.1,Capital Intensive,-50.36,Reinvestor,222391.83,234358.89,15.62,13.61,19.29,4.41,12.0,1755.0,17.0,23.0,496.0,,,,,,,,,,INSUFFICIENT,INSUFFICIENT,INSUFFICIENT,32.37
EICHERMOT,Dec 2013,7.71,10.5,25.55,33.43,9.84,0.04,False,101.0,,False,-741.0,1.28,-74.0,High Quality,11.6,Capital Intensive,-10.35,Reinvestor,222391.83,234358.89,15.62,13.61,19.29,4.41,15.0,2055.0,21.0,84.0,716.0,,,,,,,,,,INSUFFICIENT,INSUFFICIENT,INSUFFICIENT,31.68
EICHERMOT,Dec 2014,8.03,12.79,27.9,43.43,10.96,0.02,False,122.3,,False,-1020.0,1.36,-167.0,High Quality,13.89,Capital Intensive,-14.94,Reinvestor,222391.83,234358.89,15.62,13.61,19.29,4.41,23.0,2516.0,22.0,58.0,1047.0,,,,,,,,,,INSUFFICIENT,INSUFFICIENT,INSUFFICIENT,32.69
EICHERMOT,Mar 2016,21.68,27.38,36.63,45.97,27.09,0.01,False,1008.0,,False,-3365.0,1.25,462.0,High Quality,16.22,Capital Intensive,27.34,Reinvestor,222391.83,234358.89,15.62,13.61,19.29,4.41,49.0,3653.0,20.0,23.0,1463.0,,,,,,,,,,INSUFFICIENT,INSUFFICIENT,INSUFFICIENT,38.39
EICHERMOT,Mar 2017,23.7,30.91,31.19,39.84,23.78,0.02,False,647.5,,False,-4875.0,1.0,-36.0,High Quality,24.8,Capital Intensive,-1.66,Mixed,222391.83,234358.89,15.62,13.61,19.29,4.41,61.0,5345.0,16.0,112.0,1708.0,,1.94,,,28.54,,,38.43,,OK,OK,OK,39.76
EICHERMOT,Mar 2018,21.86,31.33,27.88,39.12,20.58,0.02,False,669.0,,False,-5430.0,0.94,337.0,High Quality,23.93,Capital Intensive,12.0,Reinvestor,222391.83,234358.89,15.62,13.61,19.29,4.41,72.0,7030.0,15.0,151.0,2482.0,,5.65,,,30.14,,,36.85,,OK,OK,OK,38.89
EICHERMOT,Mar 2019,22.49,29.64,24.7,31.89,19.35,0.02,False,515.0,,False,-4736.0,0.86,915.0,Moderate,6.74,Moderate,31.51,Reinvestor,222391.83,234358.89,15.62,13.61,19.29,4.41,81.0,8918.0,15.0,187.0,1575.0,,2.31,,,25.7,,,28.63,,OK,OK,OK,36.88
EICHERMOT,Mar 2020,19.96,23.85,18.3,21.34,14.67,0.02,False,145.0,,False,-5500.0,0.74,186.0,Moderate,16.47,Capital Intensive,8.52,Reinvestor,222391.83,234358.89,15.62,13.61,19.29,4.41,67.0,9981.0,19.0,249.0,1694.0,,,,,,,,,,INSUFFICIENT,INSUFFICIENT,INSUFFICIENT,31.1
EICHERMOT,Mar 2021,15.45,20.45,11.78,15.3,9.25,0.02,False,141.56,,False,-3683.0,0.6,66.0,High Quality,18.64,Capital Intensive,3.7,Reinvestor,222391.83,234358.89,15.62,13.61,19.29,4.41,49.0,11438.0,34.0,219.0,1691.0,,7.15,,,0.13,,,0.0,,OK,OK,OK,28.86
EICHERMOT,Mar 2022,16.28,21.15,13.3,17.13,10.39,0.01,False,140.74,,False,-7613.0,0.64,544.0,Moderate,9.55,Capital Intensive,24.98,Reinvestor,222391.83,234358.89,15.62,13.61,19.29,4.41,61.0,12608.0,34.0,108.0,1527.0,,7.93,,,0.12,,,0.0,,OK,OK,OK,29.73
EICHERMOT,Mar 2023,20.18,23.86,19.44,22.56,15.18,0.02,False,155.5,,False,-12033.0,0.75,426.0,Moderate,16.6,Capital Intensive,12.36,Reinvestor,222391.83,234358.89,15.62,13.61,19.29,4.41,107.0,14990.0,35.0,288.0,2823.0,,10.01,,,8.25,,,8.25,,OK,OK,OK,33.88
EICHERMOT,Mar 2024,24.2,26.18,22.17,23.45,17.31,0.02,False,114.71,,False,-13108.0,0.72,890.0,Moderate,17.14,Capital Intensive,20.56,Reinvestor,222391.83,234358.89,15.62,13.61,19.29,4.41,146.0,18045.0,35.0,419.0,3724.0,,11.04,,,12.68,,,12.51,,OK,OK,OK,36.2
GAIL,Mar 2013,8.57,14.57,15.17,16.41,7.3,0.57,False,19.03,,False,15218.0,0.85,-2023.0,High Quality,16.92,Capital Intensive,-27.24,Mixed,1531867.57,1613856.89,25.84,9.54,33.07,0.31,6.0,28794.0,28.0,16472.0,6603.0,,,,,,,,,,INSUFFICIENT,INSUFFICIENT,INSUFFICIENT,26.73
GAIL,Mar 2014,7.75,12.93,14.75,15.66,7.16,0.57,False,13.8,,False,17255.0,0.92,149.0,Moderate,7.23,Moderate,1.87,Reinvestor,1531867.57,1613856.89,25.84,9.54,33.07,0.31,7.0,32456.0,28.0,18537.0,4615.0,,,,,,,,,,INSUFFICIENT,INSUFFICIENT,INSUFFICIENT,26.49
GAIL,Mar 2015,5.22,9.3,9.29,10.76,4.54,0.54,False,10.09,,False,17019.0,0.87,1405.0,High Quality,4.64,Moderate,24.95,Reinvestor,1531867.57,1613856.89,25.84,9.54,33.07,0.31,5.0,34022.0,24.0,18291.0,4214.0,,,,,,,,,,INSUFFICIENT,INSUFFICIENT,INSUFFICIENT,24.09
GAIL,Mar 2016,3.6,8.71,5.15,9.98,3.17,0.25,False,6.41,,False,-792.0,0.88,3056.0,High Quality,1.74,Asset Light,67.37,Reinvestor,1531867.57,1613856.89,25.84,9.54,33.07,0.31,3.0,36403.0,37.0,9052.0,3960.0,,,,,,,,,,INSUFFICIENT,INSUFFICIENT,INSUFFICIENT,22.9
GAIL,Mar 2017,6.95,12.4,8.58,13.13,5.79,0.17,False,14.21,,False,-3572.0,0.83,5690.0,High Quality,0.69,Asset Light,94.5,Reinvestor,1531867.57,1613856.89,25.84,9.54,33.07,0.31,5.0,39305.0,56.0,6553.0,6024.0,,,,,,,,,,INSUFFICIENT,INSUFFICIENT,INSUFFICIENT,24.88
GAIL,Mar 2018,8.82,14.32,11.53,17.13,7.83,0.09,False,29.66,,False,-6576.0,0.89,6109.0,High Quality,4.88,Moderate,78.3,Reinvestor,1531867.57,1613856.89,25.84,9.54,33.07,0.31,7.0,41679.0,43.0,3876.0,8769.0,,1.35,,,1.93,,,3.13,,OK,OK,OK,26.91
GAIL,Mar 2019,8.6,13.04,14.24,20.61,9.58,0.05,False,73.31,,False,-8498.0,1.11,2283.0,High Quality,7.48,Moderate,22.97,Reinvestor,1531867.57,1613856.89,25.84,9.54,33.07,0.31,10.0,46004.0,25.0,2224.0,7984.0,,4.29,,,6.49,,,7.39,,OK,OK,OK,29.01
GAIL,Mar 2020,13.12,12.44,19.31,16.06,12.7,0.14,False,41.48,,False,-2981.0,0.97,46.0,Moderate,11.44,Capital Intensive,0.51,Mixed,1531867.57,1613856.89,25.84,9.54,33.07,0.31,14.0,49268.0,31.0,6912.0,8345.0,,3.67,,,24.66,,,22.87,,OK,OK,OK,33.09
GAIL,Mar 2021,10.71,12.63,11.55,11.87,7.58,0.15,False,56.3,,False,-5185.0,0.71,4353.0,High Quality,8.09,Capital Intensive,60.08,Reinvestor,1531867.57,1613856.89,25.84,9.54,33.07,0.31,9.0,53182.0,36.0,7873.0,8993.0,,1.96,,,26.8,,,24.57,,OK,OK,OK,29.57
GAIL,Mar 2022,13.26,16.34,19.19,20.68,12.74,0.14,False,89.53,,False,-7192.0,0.96,3930.0,Moderate,5.92,Moderate,25.92,Reinvestor,1531867.57,1613856.89,25.84,9.54,33.07,0.31,18.0,64114.0,36.0,9216.0,9420.0,,13.83,,,29.53,,,29.2,,OK,OK,OK,35.08
GAIL,Mar 2023,3.84,5.15,8.62,9.06,5.19,0.27,False,28.28,,False,568.0,1.35,-4248.0,Moderate,5.12,Moderate,-56.64,Mixed,1531867.57,1613856.89,25.84,9.54,33.07,0.31,9.0,64927.0,59.0,17816.0,3205.0,,21.73,,,3.09,,,5.15,,OK,OK,OK,28.16
GAIL,Mar 2024,7.43,10.74,12.86,14.49,7.94,0.28,False,23.62,,False,-116.0,1.07,4360.0,High Quality,6.17,Moderate,30.46,Reinvestor,1531867.57,1613856.89,25.84,9.54,33.07,0.31,15.0,76997.0,37.0,21794.0,12586.0,,11.83,,,8.61,,,8.45,,OK,OK,OK,29.13
GODREJCP,Mar 2013,13.18,15.52,25.51,17.25,10.98,0.74,False,13.67,,False,2335.0,0.83,-45.0,Moderate,13.49,Capital Intensive,-4.52,Mixed,1327797.2,1350416.57,33.59,8.07,23.55,3.09,8.0,3313.0,22.0,2456.0,820.0,,,,,,,,,,INSUFFICIENT,INSUFFICIENT,INSUFFICIENT,30.91
GODREJCP,Mar 2014,10.78,15.38,21.7,19.01,9.84,0.63,False,10.26,,False,2237.0,0.91,622.0,High Quality,6.5,Moderate,53.21,Reinvestor,1327797.2,1350416.57,33.59,8.07,23.55,3.09,7.0,3775.0,24.0,2373.0,1116.0,,,,,,,,,,INSUFFICIENT,INSUFFICIENT,INSUFFICIENT,29.4
GODREJCP,Mar 2015,11.8,16.67,22.64,19.62,10.7,0.63,False,12.96,,False,2531.0,0.91,-209.0,High Quality,14.94,Capital Intensive,-15.16,Reinvestor,1327797.2,1350416.57,33.59,8.07,23.55,3.09,9.0,4311.0,21.0,2717.0,1027.0,,,,,,,,,,INSUFFICIENT,INSUFFICIENT,INSUFFICIENT,29.93
GODREJCP,Mar 2016,9.86,19.67,19.48,23.15,8.59,0.68,False,10.9,,False,2701.0,0.87,225.0,High Quality,7.38,Moderate,13.58,Reinvestor,1327797.2,1350416.57,33.59,8.07,23.55,3.09,8.0,4267.0,24.0,2891.0,847.0,,,,,,,,,,INSUFFICIENT,INSUFFICIENT,INSUFFICIENT,28.3
GODREJCP,Mar 2017,14.11,20.58,24.67,20.5,10.11,0.75,False,12.88,,False,3067.0,0.72,-383.0,High Quality,24.2,Capital Intensive,-20.08,Mixed,1327797.2,1350416.57,33.59,8.07,23.55,3.09,13.0,5302.0,39.0,4001.0,1860.0,,,,,,,,,,INSUFFICIENT,INSUFFICIENT,INSUFFICIENT,30.68
GODREJCP,Mar 2018,16.59,21.16,26.11,21.34,11.79,0.56,False,13.68,,False,2511.0,0.71,1387.0,High Quality,3.41,Moderate,66.55,Reinvestor,1327797.2,1350416.57,33.59,8.07,23.55,3.09,16.0,6258.0,42.0,3508.0,1723.0,,8.96,,,14.1,,,14.87,,OK,OK,OK,34.8
GODREJCP,Mar 2019,22.71,20.67,32.23,20.02,16.62,0.47,False,10.48,,False,2866.0,0.73,2003.0,Moderate,2.66,Asset Light,93.95,Liquidating Assets,1327797.2,1350416.57,33.59,8.07,23.55,3.09,23.0,7267.0,44.0,3382.0,1729.0,,6.3,,,23.38,,,26.86,,OK,OK,OK,38.9
GODREJCP,Mar 2020,15.1,21.73,18.95,18.77,10.06,0.45,False,9.59,,False,2903.0,0.67,1036.0,High Quality,5.57,Moderate,48.1,Reinvestor,1327797.2,1350416.57,33.59,8.07,23.55,3.09,15.0,7898.0,55.0,3575.0,1588.0,,3.68,,,8.93,,,10.76,,OK,OK,OK,30.87
GODREJCP,Mar 2021,15.6,21.75,18.23,21.22,12.08,0.2,False,17.55,,False,1185.0,0.77,1738.0,High Quality,2.65,Asset Light,72.45,Reinvestor,1327797.2,1350416.57,33.59,8.07,23.55,3.09,17.0,9439.0,0.0,1864.0,2030.0,,5.54,,,15.67,,,16.27,,OK,OK,OK,32.27
GODREJCP,Mar 2022,14.52,19.62,15.43,18.17,11.09,0.15,False,20.39,,False,689.0,0.76,607.0,Moderate,6.88,Moderate,25.2,Reinvestor,1327797.2,1350416.57,33.59,8.07,23.55,3.09,17.0,11556.0,0.0,1704.0,1451.0,,5.78,,,6.39,,,5.51,,OK,OK,OK,30.27
GODREJCP,Mar 2023,12.78,18.35,12.34,16.37,9.76,0.08,False,13.6,,False,-1899.0,0.76,397.0,High Quality,13.17,Capital Intensive,16.25,Reinvestor,1327797.2,1350416.57,33.59,8.07,23.55,3.09,17.0,13794.0,0.0,1130.0,2151.0,,6.22,,,0.82,,,1.22,,OK,OK,OK,28.49
GODREJCP,Mar 2024,-3.98,20.98,-4.45,18.69,-3.05,0.26,False,2.41,,False,-282.0,0.77,-1365.0,Accrual Risk,24.37,Capital Intensive,-46.16,Mixed,1327797.2,1350416.57,33.59,8.07,23.55,3.09,-5.0,12598.0,,3222.0,2070.0,,6.45,,,,,,,,OK,DECLINE_TO_LOSS,DECLINE_TO_LOSS,18.86
GRASIM,Mar 2013,13.54,21.23,19.22,20.28,8.56,0.49,False,20.83,,False,1539.0,0.63,-1445.0,High Quality,20.38,Capital Intensive,-24.39,Mixed,478951.82,601673.21,79.35,5.68,15.23,0.98,57.0,19657.0,8.0,9550.0,4242.0,,,,,,,,,,INSUFFICIENT,INSUFFICIENT,INSUFFICIENT,29.09
GRASIM,Mar 2014,10.43,17.35,13.67,15.7,6.19,0.45,False,12.28,,False,2070.0,0.59,1213.0,High Quality,8.25,Capital Intensive,24.68,Reinvestor,478951.82,601673.21,79.35,5.68,15.23,0.98,44.0,21615.0,9.0,9681.0,3549.0,,,,,,,,,,INSUFFICIENT,INSUFFICIENT,INSUFFICIENT,26.56
GRASIM,Mar 2015,8.14,16.21,11.16,14.67,4.78,0.52,False,8.51,,False,4675.0,0.59,2235.0,High Quality,7.43,Moderate,43.45,Reinvestor,478951.82,601673.21,79.35,5.68,15.23,0.98,37.0,23140.0,9.0,11930.0,4594.0,,,,,,,,,,INSUFFICIENT,INSUFFICIENT,INSUFFICIENT,25.08
GRASIM,Mar 2016,10.02,17.14,12.6,14.8,5.8,0.46,False,10.07,,False,1904.0,0.58,1353.0,High Quality,13.09,Capital Intensive,22.89,Reinvestor,478951.82,601673.21,79.35,5.68,15.23,0.98,51.0,27429.0,9.0,12505.0,5868.0,,,,,,,,,,INSUFFICIENT,INSUFFICIENT,INSUFFICIENT,26.07
GRASIM,Mar 2017,11.77,20.48,13.53,18.19,6.77,0.29,False,12.06,,False,-4987.0,0.57,3779.0,High Quality,9.73,Capital Intensive,51.16,Reinvestor,478951.82,601673.21,79.35,5.68,15.23,0.98,66.0,31387.0,8.0,9213.0,7288.0,,,,,,,,,,INSUFFICIENT,INSUFFICIENT,INSUFFICIENT,27.08
GRASIM,Mar 2018,6.6,20.78,6.43,9.33,1.77,1.17,False,3.28,,False,1075.0,0.27,-2594.0,Accrual Risk,2.77,Asset Light,-22.34,Distress Signal,478951.82,601673.21,79.35,5.68,15.23,0.98,39.0,57361.0,15.0,67070.0,-4140.0,,14.9,,,-0.48,,,-7.31,,OK,OK,OK,23.69
GRASIM,Mar 2019,3.56,21.55,4.73,11.68,1.14,1.46,False,2.44,,False,21740.0,0.32,-3871.0,Accrual Risk,2.87,Asset Light,-23.26,Growth Funded by Debt,478951.82,601673.21,79.35,5.68,15.23,0.98,25.0,58020.0,27.0,84487.0,-1659.0,,22.2,,,-1.46,,,-10.69,,OK,OK,OK,22.95
GRASIM,Mar 2020,9.73,15.2,11.72,7.34,2.72,1.5,False,2.53,,False,18440.0,0.28,5256.0,High Quality,16.65,Capital Intensive,50.67,Reinvestor,478951.82,601673.21,79.35,5.68,15.23,0.98,65.0,56633.0,6.0,84777.0,16620.0,,16.55,,,20.79,,,11.93,,OK,OK,OK,27.89
GRASIM,Mar 2021,9.14,24.39,10.67,12.89,2.61,1.21,False,3.45,,False,-8939.0,0.29,7929.0,High Quality,9.35,Capital Intensive,42.55,Reinvestor,478951.82,601673.21,79.35,5.68,15.23,0.98,63.0,65494.0,14.0,79078.0,15075.0,,17.24,,,15.12,,,4.32,,OK,OK,OK,27.53
GRASIM,Mar 2022,11.71,21.35,14.8,13.58,3.88,0.99,False,4.62,,False,-22022.0,0.33,5985.0,Moderate,1.1,Asset Light,29.29,Reinvestor,478951.82,601673.21,79.35,5.68,15.23,0.98,111.0,75699.0,9.0,74744.0,7038.0,,21.55,,,21.42,,,10.96,,OK,OK,OK,31.25
GRASIM,Mar 2023,9.42,18.35,14.07,11.88,3.29,1.31,False,4.19,,False,-2316.0,0.35,-26397.0,Accrual Risk,11.66,Capital Intensive,-122.27,Growth Funded by Debt,478951.82,601673.21,79.35,5.68,15.23,0.98,100.0,78742.0,10.0,103039.0,-12685.0,,16.05,,,24.6,,,20.72,,OK,OK,OK,29.41
GRASIM,Mar 2024,7.58,20.76,11.2,12.04,2.41,1.55,False,3.02,,False,7849.0,0.32,-33833.0,Accrual Risk,17.65,Capital Intensive,-124.41,Growth Funded by Debt,478951.82,601673.21,79.35,5.68,15.23,0.98,85.0,88653.0,12.0,137155.0,-10719.0,,11.15,,,29.31,,,27.73,,OK,OK,OK,27.26
HAL,Mar 2013,20.92,5.36,,,,,False,820.6,,False,,,,Accrual Risk,,Capital Intensive,,Pre-Revenue,2643616.86,3140281.78,71.89,3.65,8.76,2.77,124.0,,28.0,,,,,,,,,,,,INSUFFICIENT,INSUFFICIENT,INSUFFICIENT,24.18
HAL,Mar 2014,17.79,10.37,,,,,False,523.5,,False,,,,Accrual Risk,,Capital Intensive,,Pre-Revenue,2643616.86,3140281.78,71.89,3.65,8.76,2.77,28.0,,33.0,,,,,,,,,,,,INSUFFICIENT,INSUFFICIENT,INSUFFICIENT,23.56
HAL,Mar 2015,15.18,14.95,,,,,False,266.2,,False,,,,Accrual Risk,,Capital Intensive,,Pre-Revenue,2643616.86,3140281.78,71.89,3.65,8.76,2.77,25.0,,20.0,,,,,,,,,,,,INSUFFICIENT,INSUFFICIENT,INSUFFICIENT,23.04
HAL,Mar 2016,11.92,14.79,1665.0,1795.65,1135.23,0.15,False,679.33,,False,18.0,95.22,,Accrual Risk,,Capital Intensive,,Pre-Revenue,2643616.86,3140281.78,71.89,3.65,8.76,2.77,28.0,120.0,31.0,18.0,,,,,,,,,,,INSUFFICIENT,INSUFFICIENT,INSUFFICIENT,700.05
HAL,Mar 2017,14.57,18.03,1966.92,2397.04,1538.82,0.02,False,267.5,,False,-20.0,105.59,2598.0,Accrual Risk,16.83,Capital Intensive,80.28,Unknown,2643616.86,3140281.78,71.89,3.65,8.76,2.77,36.0,133.0,31.0,2.0,-423.0,,,,,,,,,,INSUFFICIENT,INSUFFICIENT,INSUFFICIENT,816.89
HAL,Mar 2018,10.73,18.68,1528.46,2601.5,1196.99,0.02,False,120.6,,False,-21.0,111.56,-140.0,Accrual Risk,3.21,Moderate,-4.05,Unknown,2643616.86,3140281.78,71.89,3.65,8.76,2.77,30.0,130.0,54.0,3.0,-734.0,,5.27,,,-7.89,,,-24.71,,OK,OK,OK,668.63
HAL,Mar 2019,11.73,22.84,1763.91,3240.43,1340.57,0.06,False,27.94,,False,-14.0,114.33,-2402.0,Accrual Risk,26.45,Capital Intensive,-52.57,Distress Signal,2643616.86,3140281.78,71.89,3.65,8.76,2.77,35.0,133.0,28.0,8.0,-7694.0,,5.74,,,-2.72,,,4.56,,OK,OK,OK,754.51
HAL,Mar 2020,13.25,22.76,2059.42,3485.71,1642.77,0.01,False,14.75,,False,-16.0,123.96,203.0,Moderate,6.22,Moderate,4.16,Mixed,2643616.86,3140281.78,71.89,3.65,8.76,2.77,42.0,138.0,39.0,2.0,1537.0,,6.39,,,3.54,,,10.93,,OK,OK,OK,868.7
HAL,Mar 2021,14.16,23.34,2249.31,3560.67,1741.4,0.04,False,21.35,,False,-11.0,123.02,13934.0,High Quality,5.2,Moderate,260.89,Reinvestor,2643616.86,3140281.78,71.89,3.65,8.76,2.77,48.0,144.0,31.0,6.0,15124.0,,6.43,,,10.14,,,11.38,,OK,OK,OK,935.01
HAL,Mar 2022,20.66,22.01,3324.18,3284.85,2517.82,0.08,False,98.55,,False,-17.0,121.88,-2609.0,High Quality,51.95,Capital Intensive,-48.14,Reinvestor,2643616.86,3140281.78,71.89,3.65,8.76,2.77,76.0,153.0,26.0,12.0,10180.0,,6.52,,,14.22,,,16.12,,OK,OK,OK,1311.71
HAL,Mar 2023,21.58,24.77,3283.05,2977.23,2144.28,0.27,False,130.33,,False,12.0,99.37,3102.0,High Quality,21.29,Capital Intensive,46.51,Reinvestor,2643616.86,3140281.78,71.89,3.65,8.76,2.77,87.0,177.0,32.0,47.0,8836.0,,7.77,,,23.94,,,23.73,,OK,OK,OK,1275.77
HAL,Mar 2024,25.0,32.09,3816.58,3027.64,1687.78,0.62,False,270.88,,False,80.0,67.51,1814.0,High Quality,21.11,Capital Intensive,18.61,Reinvestor,2643616.86,3140281.78,71.89,3.65,8.76,2.77,114.0,199.0,31.0,123.0,8226.0,,8.71,,,26.49,,,26.64,,OK,OK,OK,1431.03
HAVELLS,Mar 2013,8.14,9.45,40.29,27.81,13.03,0.68,False,7.28,,False,982.0,1.6,494.0,High Quality,2.02,Asset Light,73.29,Reinvestor,2521508.87,2620805.22,45.41,14.08,30.73,2.6,9.0,1442.0,16.0,982.0,638.0,,,,,,,,,,INSUFFICIENT,INSUFFICIENT,INSUFFICIENT,35.97
HAVELLS,Mar 2014,5.54,9.65,26.77,28.57,8.36,0.63,False,7.96,,False,1054.0,1.51,492.0,High Quality,4.67,Moderate,63.32,Reinvestor,2521508.87,2620805.22,45.41,14.08,30.73,2.6,7.0,1666.0,42.0,1054.0,868.0,,,,,,,,,,INSUFFICIENT,INSUFFICIENT,INSUFFICIENT,30.73
HAVELLS,Mar 2015,4.55,8.92,21.18,33.68,8.04,0.23,False,8.36,,False,424.0,1.77,478.0,High Quality,5.73,Moderate,63.31,Reinvestor,2521508.87,2620805.22,45.41,14.08,30.73,2.6,6.0,1818.0,49.0,424.0,963.0,,,,,,,,,,INSUFFICIENT,INSUFFICIENT,INSUFFICIENT,29.63
HAVELLS,Mar 2016,17.12,10.48,42.95,25.18,29.63,0.04,False,19.18,,False,-55.0,1.73,392.0,Accrual Risk,1.59,Asset Light,49.25,Reinvestor,2521508.87,2620805.22,45.41,14.08,30.73,2.6,21.0,3027.0,29.0,134.0,513.0,,,,,,,,,,INSUFFICIENT,INSUFFICIENT,INSUFFICIENT,40.11
HAVELLS,Mar 2017,8.06,13.3,15.08,23.39,9.56,0.06,False,65.92,,False,46.0,1.19,547.0,High Quality,3.59,Moderate,67.12,Reinvestor,2521508.87,2620805.22,45.41,14.08,30.73,2.6,8.0,3276.0,44.0,208.0,767.0,,,,,,,,,,INSUFFICIENT,INSUFFICIENT,INSUFFICIENT,27.96
HAVELLS,Mar 2018,8.14,12.73,17.72,26.87,10.0,0.03,False,45.2,,False,115.0,1.23,154.0,High Quality,11.66,Capital Intensive,14.91,Reinvestor,2521508.87,2620805.22,45.41,14.08,30.73,2.6,11.0,3730.0,4.0,115.0,1100.0,,2.61,,,2.61,,,4.1,,OK,OK,OK,29.65
HAVELLS,Mar 2019,7.82,11.8,18.77,27.7,11.02,0.02,False,82.06,,False,94.0,1.41,686.0,Moderate,1.84,Asset Light,57.7,Liquidating Assets,2521508.87,2620805.22,45.41,14.08,30.73,2.6,13.0,4198.0,36.0,94.0,501.0,,4.58,,,12.06,,,13.18,,OK,OK,OK,31.4
HAVELLS,Mar 2020,7.79,11.3,17.05,24.34,10.39,0.02,False,23.02,,False,72.0,1.33,279.0,High Quality,5.81,Moderate,26.15,Reinvestor,2521508.87,2620805.22,45.41,14.08,30.73,2.6,12.0,4312.0,34.0,72.0,827.0,,2.2,,,13.81,,,14.87,,OK,OK,OK,30.53
HAVELLS,Mar 2021,9.98,15.2,20.17,27.89,11.79,0.1,False,19.73,,False,215.0,1.18,-103.0,Moderate,7.3,Moderate,-6.48,Mixed,2521508.87,2620805.22,45.41,14.08,30.73,2.6,17.0,5177.0,39.0,521.0,660.0,,6.61,,,-4.29,,,-4.14,,OK,OK,OK,30.6
HAVELLS,Mar 2022,8.58,12.73,19.92,26.82,11.37,0.1,False,28.87,,False,190.0,1.32,969.0,High Quality,5.45,Moderate,54.59,Reinvestor,2521508.87,2620805.22,45.41,14.08,30.73,2.6,19.0,6003.0,39.0,616.0,1728.0,,17.85,,,19.34,,,18.89,,OK,OK,OK,34.42
HAVELLS,Mar 2023,6.34,9.59,16.18,23.67,9.61,0.03,False,32.71,,False,22.0,1.52,596.0,Moderate,0.18,Asset Light,36.77,Liquidating Assets,2521508.87,2620805.22,45.41,14.08,30.73,2.6,17.0,6626.0,44.0,223.0,565.0,,15.82,,,10.15,,,9.1,,OK,OK,OK,31.78
HAVELLS,Mar 2024,6.84,10.12,17.07,24.27,10.22,0.04,False,25.36,,False,283.0,1.5,335.0,High Quality,8.7,Capital Intensive,17.81,Reinvestor,2521508.87,2620805.22,45.41,14.08,30.73,2.6,20.0,7447.0,44.0,303.0,1953.0,,13.04,,,10.03,,,9.0,,OK,OK,OK,31.72
HCLTECH,Jun 2013,15.79,22.2,30.69,39.98,18.04,0.08,False,56.72,,False,331.0,1.14,2131.0,High Quality,9.23,Capital Intensive,37.52,Reinvestor,412593.29,461362.25,63.63,5.44,31.21,1.99,14.0,13164.0,21.0,1044.0,4492.0,,,,,,,,,,INSUFFICIENT,INSUFFICIENT,INSUFFICIENT,34.88
HCLTECH,Jun 2014,20.31,25.0,33.39,39.07,21.77,0.05,False,76.42,,False,356.0,1.07,1615.0,Moderate,15.06,Capital Intensive,20.1,Reinvestor,412593.29,461362.25,63.63,5.44,31.21,1.99,23.0,19550.0,11.0,1018.0,6457.0,,,,,,,,,,INSUFFICIENT,INSUFFICIENT,INSUFFICIENT,36.72
HCLTECH,Jun 2015,20.0,23.12,30.31,34.12,20.83,0.03,False,105.63,,False,-221.0,1.04,3451.0,Moderate,5.69,Moderate,40.67,Reinvestor,412593.29,461362.25,63.63,5.44,31.21,1.99,26.0,24224.0,58.0,648.0,5539.0,,,,,,,,,,INSUFFICIENT,INSUFFICIENT,INSUFFICIENT,35.59
HCLTECH,Mar 2017,18.09,21.84,26.12,30.99,18.81,0.02,False,128.75,,False,-724.0,1.04,5105.0,High Quality,8.18,Capital Intensive,49.13,Reinvestor,412593.29,461362.25,63.63,5.44,31.21,1.99,30.0,32949.0,40.0,582.0,8995.0,,,,,,,,,,INSUFFICIENT,INSUFFICIENT,INSUFFICIENT,33.76
HCLTECH,Mar 2018,17.25,22.24,23.97,30.44,18.17,0.02,False,180.81,,False,-2103.0,1.05,6092.0,Moderate,4.42,Moderate,54.17,Reinvestor,412593.29,461362.25,63.63,5.44,31.21,1.99,31.0,36386.0,19.0,557.0,8328.0,,14.6,,,16.64,,,17.23,,OK,OK,OK,36.7
HCLTECH,Mar 2019,16.75,23.05,24.46,30.57,17.34,0.1,False,85.45,,False,1890.0,1.04,5715.0,Moderate,5.39,Moderate,41.04,Reinvestor,412593.29,461362.25,63.63,5.44,31.21,1.99,37.0,41366.0,11.0,4195.0,8971.0,,13.46,,,9.16,,,9.98,,OK,OK,OK,35.69
HCLTECH,Mar 2020,15.64,24.5,21.57,29.22,13.35,0.16,False,35.46,,False,920.0,0.85,1027.0,High Quality,17.45,Capital Intensive,5.93,Reinvestor,412593.29,461362.25,63.63,5.44,31.21,1.99,41.0,51267.0,25.0,7986.0,13359.0,,14.0,,,8.53,,,9.54,,OK,OK,OK,34.16
HCLTECH,Mar 2021,14.82,26.6,18.64,30.02,12.98,0.11,False,41.05,,False,2.0,0.88,13953.0,High Quality,7.52,Moderate,69.6,Reinvestor,412593.29,461362.25,63.63,5.44,31.21,1.99,41.0,59913.0,24.0,6864.0,19618.0,,19.34,,,14.8,,,15.44,,OK,OK,OK,34.53
HCLTECH,Mar 2022,15.79,23.97,21.84,30.08,15.21,0.1,False,67.7,,False,-8.0,0.96,18497.0,High Quality,1.86,Asset Light,90.1,Liquidating Assets,412593.29,461362.25,63.63,5.44,31.21,1.99,50.0,61914.0,84.0,6343.0,16900.0,,12.48,,,9.46,,,10.76,,OK,OK,OK,34.38
HCLTECH,Mar 2023,14.63,22.3,22.7,32.23,15.92,0.07,False,67.95,,False,-701.0,1.09,14436.0,High Quality,3.52,Moderate,63.8,Reinvestor,412593.29,461362.25,63.63,5.44,31.21,1.99,55.0,65405.0,88.0,4794.0,18009.0,,14.94,,,11.22,,,12.15,,OK,OK,OK,35.18
HCLTECH,Mar 2024,14.29,22.02,23.01,32.69,15.87,0.08,False,46.46,,False,-1379.0,1.11,15840.0,High Quality,6.01,Moderate,65.46,Reinvestor,412593.29,461362.25,63.63,5.44,31.21,1.99,58.0,68263.0,90.0,5758.0,22448.0,,12.71,,,9.19,,,9.41,,OK,OK,OK,34.69
HDFCBANK,Mar 2013,19.25,35.22,18.84,3.39,1.69,9.16,False,1.77,,False,224628.0,0.09,-6749.0,Accrual Risk,2.52,Asset Light,-53.43,Growth Funded by Debt,808359.03,976938.14,49.42,4.4,22.54,4.33,14.0,36643.0,19.0,335588.0,-5847.0,,,,,,,,,,INSUFFICIENT,INSUFFICIENT,INSUFFICIENT,12.21
HDFCBANK,Mar 2014,20.6,31.74,19.85,2.93,1.74,9.43,False,1.63,,False,297106.0,0.08,3112.0,Accrual Risk,2.58,Asset Light,23.04,Mixed,808359.03,976938.14,49.42,4.4,22.54,4.33,18.0,44167.0,19.0,416677.0,4211.0,,,,,,,,,,INSUFFICIENT,INSUFFICIENT,INSUFFICIENT,12.29
HDFCBANK,Mar 2015,21.12,31.9,16.95,2.82,1.76,8.07,False,1.69,,False,360308.0,0.08,-22081.0,Accrual Risk,1.58,Asset Light,-136.61,Growth Funded by Debt,808359.03,976938.14,49.42,4.4,22.54,4.33,21.0,63154.0,19.0,509762.0,-21281.0,,,,,,,,,,INSUFFICIENT,INSUFFICIENT,INSUFFICIENT,14.1
HDFCBANK,Mar 2016,20.3,31.75,17.25,2.77,1.68,8.74,False,1.79,,False,455953.0,0.08,-35272.0,Accrual Risk,1.33,Asset Light,-175.88,Growth Funded by Debt,808359.03,976938.14,49.42,4.4,22.54,4.33,25.0,74304.0,19.0,649587.0,-34435.0,,,,,,,,,,INSUFFICIENT,INSUFFICIENT,INSUFFICIENT,12.7
HDFCBANK,Mar 2017,20.9,32.56,16.69,2.86,1.72,8.08,False,1.85,,False,530773.0,0.08,16136.0,High Quality,1.56,Asset Light,67.64,Reinvestor,808359.03,976938.14,49.42,4.4,22.54,4.33,30.0,91794.0,18.0,741550.0,17282.0,,,,,,,,,,INSUFFICIENT,INSUFFICIENT,INSUFFICIENT,13.94
HDFCBANK,Mar 2018,21.76,34.63,16.94,2.8,1.68,8.62,False,1.84,,False,706356.0,0.08,16372.0,Moderate,0.99,Asset Light,55.44,Mixed,808359.03,976938.14,49.42,4.4,22.54,4.33,36.0,109599.0,18.0,944817.0,17214.0,,18.92,,,21.87,,,20.79,,OK,OK,OK,18.15
HDFCBANK,Mar 2019,21.34,33.15,14.61,2.82,1.74,7.03,False,1.84,,False,790789.0,0.08,-64375.0,Accrual Risk,1.43,Asset Light,-184.69,Growth Funded by Debt,808359.03,976938.14,49.42,4.4,22.54,4.33,41.0,153673.0,18.0,1080235.0,-62872.0,,19.83,,,20.68,,,17.9,,OK,OK,OK,20.44
HDFCBANK,Mar 2020,22.34,37.2,15.48,3.01,1.73,7.56,False,1.83,,False,943736.0,0.08,-18272.0,Accrual Risk,1.15,Asset Light,-40.19,Growth Funded by Debt,808359.03,976938.14,49.42,4.4,22.54,4.33,50.0,176358.0,5.0,1333041.0,-16869.0,,19.25,,,20.59,,,18.95,,OK,OK,OK,19.79
HDFCBANK,Mar 2021,24.78,40.81,15.18,3.05,1.77,7.2,False,1.92,,False,1072595.0,0.07,40653.0,High Quality,1.42,Asset Light,77.5,Reinvestor,808359.03,976938.14,49.42,4.4,22.54,4.33,58.0,209810.0,11.0,1511418.0,42476.0,,15.27,,,19.97,,,18.33,,OK,OK,OK,20.23
HDFCBANK,Mar 2022,28.07,41.61,15.43,2.78,1.8,7.22,False,1.78,,False,1335706.0,0.06,-14011.0,Accrual Risk,1.51,Asset Light,-24.77,Growth Funded by Debt,808359.03,976938.14,49.42,4.4,22.54,4.33,69.0,247327.0,23.0,1784970.0,-11960.0,,13.16,,,20.02,,,18.13,,OK,OK,OK,20.61
HDFCBANK,Mar 2023,27.03,36.92,15.94,2.6,1.82,7.39,False,1.86,,False,1627630.0,0.07,17822.0,Accrual Risk,1.75,Asset Light,28.27,Mixed,808359.03,976938.14,49.42,4.4,22.54,4.33,82.0,289438.0,23.0,2139212.0,20814.0,,14.89,,,19.98,,,17.9,,OK,OK,OK,20.51
HDFCBANK,Mar 2024,23.07,61.41,14.34,4.89,1.62,6.81,False,1.4,,True,2101821.0,0.07,35669.0,Accrual Risk,5.85,Moderate,20.48,Liquidating Assets,808359.03,976938.14,49.42,4.4,22.54,4.33,84.0,456396.0,23.0,3107503.0,19069.0,,21.95,,,23.87,,,15.42,,OK,OK,OK,21.76
HDFCLIFE,Mar 2013,3.18,96.27,33.43,1012.34,1.07,0.0,False,483.54,,False,-40404.0,0.34,,Accrual Risk,,Capital Intensive,,Pre-Revenue,47027.6,42921.31,50.59,11.28,31.63,3.22,2.0,1337.0,0.0,0.0,,,,,,,,,,,INSUFFICIENT,INSUFFICIENT,INSUFFICIENT,32.68
HDFCLIFE,Mar 2014,4.22,96.48,37.6,858.97,1.39,0.0,False,68.73,,False,-50527.0,0.33,,Accrual Risk,,Capital Intensive,,Pre-Revenue,47027.6,42921.31,50.59,11.28,31.63,3.22,4.0,1928.0,14.0,0.0,,,,,,,,,,,INSUFFICIENT,INSUFFICIENT,INSUFFICIENT,34.33
HDFCLIFE,Mar 2015,2.89,96.79,30.93,1036.64,1.13,0.0,False,333.47,,False,-67024.0,0.39,945.0,High Quality,12.91,Capital Intensive,3.59,Reinvestor,47027.6,42921.31,50.59,11.28,31.63,3.22,4.0,2541.0,18.0,0.0,4459.0,,,,,,,,,,INSUFFICIENT,INSUFFICIENT,INSUFFICIENT,31.79
HDFCLIFE,Mar 2016,4.5,94.74,26.33,553.88,1.07,0.0,False,159.19,,False,-74144.0,0.24,1725.0,High Quality,21.84,Capital Intensive,10.04,Reinvestor,47027.6,42921.31,50.59,11.28,31.63,3.22,4.0,3103.0,22.0,0.0,5687.0,,,,,,,,,,INSUFFICIENT,INSUFFICIENT,INSUFFICIENT,30.36
HDFCLIFE,Mar 2017,2.89,96.83,23.18,775.59,0.93,0.0,False,213.5,,False,-91723.0,0.32,1053.0,High Quality,16.89,Capital Intensive,3.55,Reinvestor,47027.6,42921.31,50.59,11.28,31.63,3.22,4.0,3826.0,25.0,0.0,6230.0,,,,,,,,,,INSUFFICIENT,INSUFFICIENT,INSUFFICIENT,29.01
HDFCLIFE,Mar 2018,3.43,96.67,23.53,662.83,1.0,0.0,False,110.6,,False,-106590.0,0.29,2318.0,High Quality,13.7,Capital Intensive,7.43,Reinvestor,47027.6,42921.31,50.59,11.28,31.63,3.22,6.0,4705.0,25.0,0.0,6739.0,,18.07,,,19.89,,,24.57,,OK,OK,OK,33.91
HDFCLIFE,Mar 2019,3.29,96.87,22.65,667.14,0.98,0.0,False,276.79,,False,-124958.0,0.3,-314.0,High Quality,26.21,Capital Intensive,-0.83,Reinvestor,47027.6,42921.31,50.59,11.28,31.63,3.22,6.0,5642.0,26.0,0.0,9868.0,,17.75,,,12.01,,,8.45,,OK,OK,OK,32.75
HDFCLIFE,Mar 2020,4.41,96.12,19.05,414.85,0.98,0.0,False,76.54,,False,-127256.0,0.22,-401.0,High Quality,26.51,Capital Intensive,-1.42,Mixed,47027.6,42921.31,50.59,11.28,31.63,3.22,6.0,6807.0,0.0,0.0,7388.0,,1.54,,,10.54,,,8.45,,OK,OK,OK,29.05
HDFCLIFE,Mar 2021,1.9,98.27,15.75,760.76,0.76,0.07,False,157.97,,False,-172964.0,0.4,751.0,High Quality,12.52,Capital Intensive,1.07,Mixed,47027.6,42921.31,50.59,11.28,31.63,3.22,7.0,8640.0,30.0,600.0,9703.0,,31.57,,,10.75,,,11.84,,OK,OK,OK,31.96
HDFCLIFE,Mar 2022,1.98,98.84,8.5,409.2,0.58,0.04,False,86.62,,False,-215951.0,0.29,5142.0,High Quality,1.19,Asset Light,7.75,Reinvestor,47027.6,42921.31,50.59,11.28,31.63,3.22,6.0,15614.0,27.0,600.0,5943.0,,16.98,,,8.39,,,8.45,,OK,OK,OK,26.97
HDFCLIFE,Mar 2023,1.95,99.89,10.53,502.95,0.55,0.07,False,48.8,,False,-237247.0,0.28,-3188.0,High Quality,14.34,Capital Intensive,-4.55,Mixed,47027.6,42921.31,50.59,11.28,31.63,3.22,6.0,12993.0,30.0,950.0,6883.0,,16.83,,,4.32,,,0.0,,OK,OK,OK,27.17
HDFCLIFE,Mar 2024,1.55,99.48,10.73,646.46,0.52,0.06,False,192.29,,False,-290178.0,0.34,-2893.0,High Quality,13.42,Capital Intensive,-2.87,Reinvestor,47027.6,42921.31,50.59,11.28,31.63,3.22,7.0,14666.0,27.0,950.0,10721.0,,21.17,,,4.25,,,3.13,,OK,OK,OK,27.89
HEROMOTOCO,Mar 2014,8.32,85.94,37.38,367.73,20.77,0.05,False,50.55,,False,-3822.0,2.5,1347.0,High Quality,6.39,Moderate,6.2,Reinvestor,1593400.88,1475343.49,53.86,12.6,28.27,1.91,105.0,5623.0,62.0,284.0,2963.0,,,,,,,,,,INSUFFICIENT,INSUFFICIENT,INSUFFICIENT,37.15
HEROMOTOCO,Mar 2015,8.58,87.22,36.15,361.72,22.19,0.02,False,73.94,,False,-3018.0,2.58,2217.0,Moderate,0.11,Asset Light,9.23,Liquidating Assets,1593400.88,1475343.49,53.86,12.6,28.27,1.91,118.0,6540.0,51.0,100.0,2186.0,,,,,,,,,,INSUFFICIENT,INSUFFICIENT,INSUFFICIENT,36.91
HEROMOTOCO,Mar 2016,10.94,84.45,35.23,265.09,24.13,0.03,False,57.12,,False,-4269.0,2.21,1422.0,High Quality,8.08,Capital Intensive,5.92,Reinvestor,1593400.88,1475343.49,53.86,12.6,28.27,1.91,157.0,8834.0,46.0,232.0,3722.0,,,,,,,,,,INSUFFICIENT,INSUFFICIENT,INSUFFICIENT,36.67
HEROMOTOCO,Mar 2017,12.39,83.97,34.37,227.14,23.16,0.03,False,28.97,,False,-5805.0,1.87,2035.0,High Quality,6.89,Moderate,8.47,Reinvestor,1593400.88,1475343.49,53.86,12.6,28.27,1.91,179.0,10316.0,47.0,261.0,4007.0,,,,,,,,,,INSUFFICIENT,INSUFFICIENT,INSUFFICIENT,36.32
HEROMOTOCO,Mar 2018,11.47,83.57,31.09,222.33,21.39,0.02,False,48.12,,False,-7441.0,1.87,2159.0,High Quality,5.72,Moderate,7.96,Reinvestor,1593400.88,1475343.49,53.86,12.6,28.27,1.91,186.0,11972.0,51.0,228.0,4017.0,,,,,,,,,,INSUFFICIENT,INSUFFICIENT,INSUFFICIENT,35.01
HEROMOTOCO,Mar 2019,10.2,85.21,26.42,215.5,18.73,0.02,False,39.08,,False,-5802.0,1.84,2330.0,Accrual Risk,3.82,Moderate,8.05,Liquidating Assets,1593400.88,1475343.49,53.86,12.6,28.27,1.91,172.0,13120.0,50.0,312.0,1032.0,,6.09,,,10.52,,,10.37,,OK,OK,OK,35.05
HEROMOTOCO,Mar 2020,12.51,86.09,25.4,169.49,18.6,0.03,False,17.57,,False,-7906.0,1.49,2699.0,High Quality,9.64,Capital Intensive,10.72,Reinvestor,1593400.88,1475343.49,53.86,12.6,28.27,1.91,182.0,14406.0,49.0,453.0,5518.0,,1.22,,,9.13,,,9.05,,OK,OK,OK,33.92
HEROMOTOCO,Mar 2021,9.48,86.9,19.05,168.14,12.71,0.04,False,48.67,,False,-9998.0,1.34,1821.0,High Quality,7.39,Moderate,6.77,Reinvestor,1593400.88,1475343.49,53.86,12.6,28.27,1.91,146.0,15416.0,72.0,584.0,4110.0,,1.7,,,-1.16,,,-1.44,,OK,OK,OK,29.96
HEROMOTOCO,Mar 2022,7.88,88.98,14.7,159.83,10.36,0.04,False,48.27,,False,-9923.0,1.31,1882.0,Moderate,0.75,Asset Light,7.16,Reinvestor,1593400.88,1475343.49,53.86,12.6,28.27,1.91,116.0,15847.0,82.0,605.0,2104.0,,0.65,,,-8.06,,,-8.31,,OK,OK,OK,27.24
HEROMOTOCO,Mar 2023,8.2,88.0,16.81,174.52,11.71,0.03,False,53.04,,False,-10323.0,1.43,2193.0,Moderate,1.23,Asset Light,7.3,Reinvestor,1593400.88,1475343.49,53.86,12.6,28.27,1.91,141.0,16656.0,71.0,568.0,2614.0,,1.03,,,-5.53,,,-5.39,,OK,OK,OK,28.49
HEROMOTOCO,Mar 2024,9.9,86.15,21.14,177.84,14.31,0.03,False,47.27,,False,-12145.0,1.44,3095.0,High Quality,4.84,Moderate,9.51,Reinvestor,1593400.88,1475343.49,53.86,12.6,28.27,1.91,187.0,17699.0,75.0,606.0,4923.0,,2.15,,,1.54,,,1.69,,OK,OK,OK,31.24
HINDALCO,Mar 2013,3.75,90.4,8.51,78.56,2.49,1.61,False,65.26,,False,44350.0,0.67,-10824.0,Moderate,17.21,Capital Intensive,-14.93,Mixed,722281.1,656285.92,56.45,9.32,27.63,0.98,16.0,35330.0,6.0,56951.0,2977.0,,,,,,,,,,INSUFFICIENT,INSUFFICIENT,INSUFFICIENT,21.18
HINDALCO,Mar 2014,2.5,90.85,5.41,75.62,1.59,1.59,False,117.7,,False,51795.0,0.64,-139.0,High Quality,9.23,Capital Intensive,-0.17,Mixed,722281.1,656285.92,56.45,9.32,27.63,0.98,11.0,40604.0,9.0,64756.0,7956.0,,,,,,,,,,INSUFFICIENT,INSUFFICIENT,INSUFFICIENT,19.85
HINDALCO,Mar 2015,0.25,91.52,0.68,89.36,0.18,1.79,False,-114.72,,True,56122.0,0.74,3270.0,High Quality,3.71,Moderate,3.43,Reinvestor,722281.1,656285.92,56.45,9.32,27.63,0.98,4.0,38329.0,24.0,68468.0,7143.0,,,,,,,,,,INSUFFICIENT,INSUFFICIENT,INSUFFICIENT,17.45
HINDALCO,Mar 2016,-0.71,92.12,-1.73,84.12,-0.5,1.66,False,60.66,,False,55089.0,0.7,8468.0,Accrual Risk,3.26,Moderate,9.31,Reinvestor,722281.1,656285.92,56.45,9.32,27.63,0.98,-1.0,40609.0,-82.0,67552.0,11688.0,,,,,,,,,,INSUFFICIENT,INSUFFICIENT,INSUFFICIENT,16.63
HINDALCO,Mar 2017,1.88,87.71,4.09,79.97,1.29,1.39,False,73.35,,False,48660.0,0.69,9811.0,High Quality,2.87,Asset Light,11.17,Reinvestor,722281.1,656285.92,56.45,9.32,27.63,0.98,8.0,46059.0,13.0,63817.0,12687.0,,,,,,,,,,INSUFFICIENT,INSUFFICIENT,INSUFFICIENT,19.72
HINDALCO,Mar 2018,5.28,88.11,11.09,94.91,4.14,0.95,False,35.26,,False,41293.0,0.78,16231.0,High Quality,4.63,Moderate,15.99,Liquidating Assets,722281.1,656285.92,56.45,9.32,27.63,0.98,27.0,54852.0,4.0,52074.0,10898.0,,7.51,,,15.13,,,11.03,,OK,OK,OK,26.46
HINDALCO,Mar 2019,4.21,88.12,9.56,104.65,3.62,0.91,False,102.08,,False,43403.0,0.86,6521.0,High Quality,4.18,Moderate,5.67,Reinvestor,722281.1,656285.92,56.45,9.32,27.63,0.98,24.0,57501.0,5.0,52415.0,11977.0,,8.28,,,20.15,,,16.89,,OK,OK,OK,26.48
HINDALCO,Mar 2020,3.19,87.89,6.46,81.95,2.23,1.17,False,114.62,,False,58988.0,0.7,5518.0,High Quality,6.12,Moderate,5.31,Mixed,722281.1,656285.92,56.45,9.32,27.63,0.98,17.0,58317.0,6.0,68399.0,12745.0,,2.53,,,70.82,,,33.56,,OK,OK,OK,28.72
HINDALCO,Mar 2021,2.64,86.7,5.23,85.58,1.84,1.01,False,-115.97,,True,50073.0,0.7,-8048.0,High Quality,19.15,Capital Intensive,-7.03,Reinvestor,722281.1,656285.92,56.45,9.32,27.63,0.98,16.0,66533.0,19.0,67206.0,17232.0,,5.98,,,,,,,,OK,TURNAROUND,TURNAROUND,21.94
HINDALCO,Mar 2022,7.04,85.47,17.56,116.85,6.19,0.82,False,133.06,,False,50367.0,0.88,10065.0,High Quality,3.47,Moderate,6.04,Reinvestor,722281.1,656285.92,56.45,9.32,27.63,0.98,61.0,78191.0,6.0,64486.0,16838.0,,14.25,,,48.8,,,50.12,,OK,OK,OK,33.81
HINDALCO,Mar 2023,4.52,89.85,10.65,129.3,4.52,0.64,False,153.44,,False,46175.0,1.0,11649.0,High Quality,3.39,Moderate,5.81,Reinvestor,722281.1,656285.92,56.45,9.32,27.63,0.98,45.0,94806.0,7.0,60291.0,19208.0,,14.15,,,10.67,,,10.76,,OK,OK,OK,27.54
HINDALCO,Mar 2024,4.7,88.95,9.57,118.21,4.4,0.53,False,126.47,,False,40912.0,0.94,9789.0,High Quality,6.61,Moderate,5.1,Reinvestor,722281.1,656285.92,56.45,9.32,27.63,0.98,45.0,106146.0,8.0,56356.0,24056.0,,10.59,,,13.07,,,13.4,,OK,OK,OK,27.07
HINDUNILVR,Mar 2013,14.22,84.37,134.0,788.37,31.75,0.01,False,20.3,,False,-2227.0,2.23,3668.0,Moderate,0.23,Asset Light,16.1,Liquidating Assets,548890.59,587463.38,34.51,11.88,7.52,4.32,18.0,2865.0,104.0,25.0,3605.0,,,,,,,,,,INSUFFICIENT,INSUFFICIENT,INSUFFICIENT,71.95
HINDUNILVR,Mar 2014,13.53,83.72,111.85,683.09,28.76,0.01,False,30.92,,False,-2792.0,2.13,3343.0,Moderate,1.62,Asset Light,13.66,Reinvestor,548890.59,587463.38,34.51,11.88,7.52,4.32,18.0,3537.0,71.0,46.0,3818.0,,,,,,,,,,INSUFFICIENT,INSUFFICIENT,INSUFFICIENT,63.96
HINDUNILVR,Mar 2015,13.69,83.07,108.67,652.58,30.33,0.01,False,21.31,,False,-2982.0,2.22,3430.0,Moderate,0.43,Asset Light,12.91,Liquidating Assets,548890.59,587463.38,34.51,11.88,7.52,4.32,20.0,4027.0,74.0,43.0,3292.0,,,,,,,,,,INSUFFICIENT,INSUFFICIENT,INSUFFICIENT,62.97
HINDUNILVR,Mar 2016,12.9,81.64,63.15,389.27,28.06,0.03,False,54.1,,False,-2415.0,2.18,3889.0,High Quality,0.88,Asset Light,14.8,Reinvestor,548890.59,587463.38,34.51,11.88,7.52,4.32,19.0,6573.0,83.0,177.0,4171.0,,,,,,,,,,INSUFFICIENT,INSUFFICIENT,INSUFFICIENT,46.8
HINDUNILVR,Mar 2017,13.54,80.92,66.58,382.2,28.59,0.04,False,44.31,,False,-3517.0,2.11,4012.0,High Quality,3.54,Moderate,14.95,Reinvestor,548890.59,587463.38,34.51,11.88,7.52,4.32,21.0,6744.0,82.0,277.0,5185.0,,,,,,,,,,INSUFFICIENT,INSUFFICIENT,INSUFFICIENT,48.04
HINDUNILVR,Mar 2018,14.71,78.9,71.79,385.19,29.26,0.0,False,79.51,,False,-2873.0,1.99,4996.0,High Quality,2.99,Asset Light,17.81,Reinvestor,548890.59,587463.38,34.51,11.88,7.52,4.32,24.0,7281.0,83.0,0.0,6059.0,,5.65,,,6.37,,,5.92,,OK,OK,OK,51.54
HINDUNILVR,Mar 2019,15.42,77.41,77.03,382.0,32.53,0.01,False,94.57,,False,-2617.0,2.11,5362.0,Moderate,1.11,Asset Light,17.62,Reinvestor,548890.59,587463.38,34.51,11.88,7.52,4.32,28.0,7867.0,78.0,99.0,5800.0,,6.1,,,8.9,,,9.24,,OK,OK,OK,53.94
HINDUNILVR,Mar 2020,16.98,75.21,82.1,363.62,33.52,0.0,False,70.63,,False,-1255.0,1.97,9414.0,High Quality,4.5,Moderate,31.46,Liquidating Assets,548890.59,587463.38,34.51,11.88,7.52,4.32,31.0,8229.0,80.0,0.0,7623.0,,4.47,,,9.07,,,9.16,,OK,OK,OK,55.68
HINDUNILVR,Mar 2021,17.01,75.28,16.78,74.26,11.64,0.0,False,208.39,,False,-2709.0,0.68,7935.0,High Quality,2.61,Asset Light,22.41,Reinvestor,548890.59,587463.38,34.51,11.88,7.52,4.32,34.0,47674.0,119.0,0.0,9163.0,,7.88,,,14.02,,,12.34,,OK,OK,OK,32.54
HINDUNILVR,Mar 2022,16.95,75.49,18.12,79.01,12.61,0.02,False,180.89,,False,-2478.0,0.74,7320.0,High Quality,3.29,Moderate,18.49,Reinvestor,548890.59,587463.38,34.51,11.88,7.52,4.32,38.0,49061.0,90.0,1043.0,9048.0,,9.6,,,14.64,,,12.59,,OK,OK,OK,33.34
HINDUNILVR,Mar 2023,16.74,76.65,20.16,90.12,13.88,0.02,False,103.7,,False,-1663.0,0.83,8507.0,Moderate,2.45,Asset Light,18.32,Reinvestor,548890.59,587463.38,34.51,11.88,7.52,4.32,43.0,50304.0,91.0,1219.0,9991.0,,11.25,,,14.18,,,12.37,,OK,OK,OK,34.3
HINDUNILVR,Mar 2024,16.61,76.32,20.07,89.63,13.1,0.03,False,57.85,,False,-3141.0,0.79,10145.0,High Quality,8.6,Capital Intensive,21.48,Reinvestor,548890.59,587463.38,34.51,11.88,7.52,4.32,44.0,51218.0,96.0,1484.0,15469.0,,9.5,,,11.15,,,9.46,,OK,OK,OK,33.62
ICICIBANK,Mar 2013,22.57,70.59,14.73,5.69,1.5,7.09,False,1.08,,True,231992.0,0.07,-1069.0,High Quality,41.36,Capital Intensive,-3.37,Mixed,1319221.86,1598760.1,25.76,6.2,38.28,3.43,15.0,68763.0,24.0,487659.0,17494.0,,,,,,,,,,INSUFFICIENT,INSUFFICIENT,INSUFFICIENT,15.56
ICICIBANK,Mar 2014,23.6,66.4,15.28,5.3,1.56,7.11,False,1.09,,True,275446.0,0.07,-8985.0,Moderate,31.83,Capital Intensive,-27.35,Mixed,1319221.86,1598760.1,25.76,6.2,38.28,3.43,17.0,76430.0,24.0,543055.0,6765.0,,,,,,,,,,INSUFFICIENT,INSUFFICIENT,INSUFFICIENT,15.92
ICICIBANK,Mar 2015,23.55,70.53,15.28,5.68,1.57,7.05,False,1.1,,True,322896.0,0.07,-25448.0,Accrual Risk,23.97,Capital Intensive,-65.65,Growth Funded by Debt,1319221.86,1598760.1,25.76,6.2,38.28,3.43,19.0,84705.0,24.0,597207.0,-12273.0,,,,,,,,,,INSUFFICIENT,INSUFFICIENT,INSUFFICIENT,16.03
ICICIBANK,Mar 2016,18.43,88.12,11.61,6.83,1.19,7.13,False,1.24,,True,385411.0,0.06,11585.0,High Quality,20.34,Capital Intensive,22.17,Mixed,1319221.86,1598760.1,25.76,6.2,38.28,3.43,16.0,94111.0,29.0,671455.0,23645.0,,,,,,,,,,INSUFFICIENT,INSUFFICIENT,INSUFFICIENT,13.55
ICICIBANK,Mar 2017,18.61,104.76,10.84,7.93,1.15,6.7,False,1.22,,True,396501.0,0.06,50925.0,High Quality,2.81,Asset Light,79.77,Reinvestor,1319221.86,1598760.1,25.76,6.2,38.28,3.43,16.0,104632.0,14.0,700874.0,52636.0,,,,,,,,,,INSUFFICIENT,INSUFFICIENT,INSUFFICIENT,14.18
ICICIBANK,Mar 2018,14.64,117.12,8.23,7.86,0.81,7.37,False,1.28,,True,442990.0,0.06,-31168.0,High Quality,81.32,Capital Intensive,-42.81,Mixed,1319221.86,1598760.1,25.76,6.2,38.28,3.43,12.0,110630.0,12.0,815198.0,19383.0,,6.73,,,-2.12,,,-4.36,,OK,OK,OK,11.93
ICICIBANK,Mar 2019,7.9,116.38,4.98,8.33,0.46,7.8,False,1.41,,True,493440.0,0.06,18389.0,High Quality,42.07,Capital Intensive,21.95,Reinvestor,1319221.86,1598760.1,25.76,6.2,38.28,3.43,7.0,114253.0,15.0,891641.0,48671.0,,7.79,,,-13.4,,,-16.26,,OK,OK,OK,7.61
ICICIBANK,Mar 2020,13.23,100.62,9.13,7.5,0.82,8.25,False,1.31,,True,571163.0,0.06,37470.0,High Quality,49.62,Capital Intensive,43.9,Mixed,1319221.86,1598760.1,25.76,6.2,38.28,3.43,15.0,122960.0,0.0,1014636.0,79565.0,,9.07,,,-2.81,,,-4.62,,OK,OK,OK,10.48
ICICIBANK,Mar 2021,22.84,102.41,12.92,7.24,1.29,7.0,False,1.26,,True,567261.0,0.06,74384.0,High Quality,71.36,Capital Intensive,81.46,Reinvestor,1319221.86,1598760.1,25.76,6.2,38.28,3.43,27.0,157587.0,8.0,1103840.0,138015.0,,8.5,,,13.26,,,11.03,,OK,OK,OK,17.75
ICICIBANK,Mar 2022,27.82,84.69,14.58,5.63,1.51,6.88,False,1.3,,True,685870.0,0.05,18663.0,High Quality,41.35,Capital Intensive,23.1,Mixed,1319221.86,1598760.1,25.76,6.2,38.28,3.43,36.0,182053.0,14.0,1252968.0,58111.0,,9.38,,,18.54,,,17.61,,OK,OK,OK,20.22
ICICIBANK,Mar 2023,29.29,72.57,16.53,5.44,1.81,6.53,False,1.35,,True,760342.0,0.06,-71460.0,Accrual Risk,55.91,Capital Intensive,-81.33,Growth Funded by Debt,1319221.86,1598760.1,25.76,6.2,38.28,3.43,49.0,214498.0,16.0,1399894.0,-3771.0,,14.26,,,31.26,,,32.5,,OK,OK,OK,23.91
ICICIBANK,Mar 2024,28.89,62.41,17.99,5.22,1.95,6.45,False,1.3,,True,823845.0,0.07,12547.0,High Quality,90.74,Capital Intensive,12.6,Mixed,1319221.86,1598760.1,25.76,6.2,38.28,3.43,63.0,256144.0,16.0,1651008.0,157284.0,,17.25,,,51.95,,,55.18,,OK,OK,OK,27.03
ICICIGI,Mar 2013,8.8,104.46,18.88,224.12,2.79,0.0,False,7.15,,False,-7800.0,0.32,22.0,High Quality,23.98,Capital Intensive,0.52,Mixed,1271789.21,1382030.89,49.0,7.86,36.96,3.46,8.0,1870.0,0.0,0.0,984.0,,,,,,,,,,INSUFFICIENT,INSUFFICIENT,INSUFFICIENT,28.69
ICICIGI,Mar 2014,11.95,105.19,21.72,191.23,3.53,0.0,False,5.6,,False,-9290.0,0.3,-111.0,High Quality,16.22,Capital Intensive,-2.42,Mixed,1271789.21,1382030.89,49.0,7.86,36.96,3.46,12.0,2394.0,0.0,0.0,595.0,,,,,,,,,,INSUFFICIENT,INSUFFICIENT,INSUFFICIENT,30.29
ICICIGI,Mar 2015,13.82,105.24,20.27,154.4,3.99,0.0,False,4.49,,False,-10200.0,0.29,73.0,Accrual Risk,4.04,Moderate,1.64,Unknown,1271789.21,1382030.89,49.0,7.86,36.96,3.46,13.0,2886.0,15.0,0.0,-98.0,,,,,,,,,,INSUFFICIENT,INSUFFICIENT,INSUFFICIENT,30.15
ICICIGI,Mar 2016,8.4,87.34,15.66,162.77,3.23,0.0,False,,Debt Free,False,-11426.0,0.38,201.0,High Quality,5.14,Moderate,3.81,Reinvestor,1271789.21,1382030.89,49.0,7.86,36.96,3.46,11.0,3237.0,26.0,0.0,511.0,,,,,,,,,,INSUFFICIENT,INSUFFICIENT,INSUFFICIENT,27.54
ICICIGI,Mar 2017,9.34,87.78,18.0,150.5,3.01,0.12,False,-3306.5,,True,-14321.0,0.32,-362.0,High Quality,26.46,Capital Intensive,-5.48,Mixed,1271789.21,1382030.89,49.0,7.86,36.96,3.46,16.0,3901.0,22.0,485.0,1628.0,,,,,,,,,,INSUFFICIENT,INSUFFICIENT,INSUFFICIENT,28.25
ICICIGI,Mar 2018,12.47,103.79,18.98,142.74,2.9,0.11,False,4.57,,False,-17708.0,0.23,494.0,High Quality,27.43,Capital Intensive,6.89,Reinvestor,1271789.21,1382030.89,49.0,7.86,36.96,3.46,19.0,4541.0,17.0,485.0,2390.0,,11.49,,,19.55,,,18.89,,OK,OK,OK,32.83
ICICIGI,Mar 2019,9.4,85.05,19.43,161.33,3.14,0.09,False,-4754.5,,True,-20229.0,0.33,120.0,High Quality,25.58,Capital Intensive,1.26,Reinvestor,1271789.21,1382030.89,49.0,7.86,36.96,3.46,23.0,5400.0,26.0,485.0,2976.0,,20.73,,,15.07,,,13.9,,OK,OK,OK,33.45
ICICIGI,Mar 2020,10.37,84.61,19.47,147.23,3.22,0.08,False,650.67,,False,-25842.0,0.31,51.0,High Quality,29.37,Capital Intensive,0.52,Reinvestor,1271789.21,1382030.89,49.0,7.86,36.96,3.46,26.0,6134.0,13.0,485.0,3433.0,,22.16,,,15.34,,,14.87,,OK,OK,OK,33.9
ICICIGI,Mar 2021,12.11,82.97,19.38,124.81,3.75,0.06,False,842.25,,False,-30303.0,0.31,407.0,High Quality,11.24,Capital Intensive,4.03,Reinvestor,1271789.21,1382030.89,49.0,7.86,36.96,3.46,32.0,7599.0,25.0,485.0,1774.0,,15.05,,,23.78,,,23.81,,OK,OK,OK,34.03
ICICIGI,Mar 2022,7.93,93.66,13.83,158.87,2.5,0.03,False,18.56,,False,-38157.0,0.32,944.0,Moderate,0.84,Asset Light,6.29,Liquidating Assets,1271789.21,1382030.89,49.0,7.86,36.96,3.46,26.0,9193.0,35.0,255.0,809.0,,16.34,,,12.61,,,10.2,,OK,OK,OK,30.4
ICICIGI,Mar 2023,9.67,92.93,16.55,158.53,3.14,0.0,False,16.77,,False,-42801.0,0.32,605.0,High Quality,9.43,Capital Intensive,3.64,Reinvestor,1271789.21,1382030.89,49.0,7.86,36.96,3.46,35.0,10444.0,31.0,35.0,2290.0,,20.93,,,14.94,,,13.0,,OK,OK,OK,32.68
ICICIGI,Mar 2024,9.37,87.42,15.72,146.32,3.03,0.0,False,160.03,,False,-48549.0,0.32,486.0,High Quality,9.38,Capital Intensive,2.71,Reinvestor,1271789.21,1382030.89,49.0,7.86,36.96,3.46,39.0,12205.0,28.0,35.0,2407.0,,12.91,,,12.84,,,11.14,,OK,OK,OK,30.92
ICICIPRULI,Mar 2013,7.57,96.28,38.25,486.75,2.01,0.0,False,21.43,,False,-73716.0,0.27,-1077.0,Accrual Risk,7.81,Moderate,-5.59,Unknown,1596987.55,2014403.87,20.83,12.38,22.57,0.35,11.0,3961.0,32.0,0.0,-2641.0,,,,,,,,,,INSUFFICIENT,INSUFFICIENT,INSUFFICIENT,35.17
ICICIPRULI,Mar 2014,7.13,93.13,35.61,465.07,1.92,0.0,False,158.07,,False,-80101.0,0.27,3630.0,Accrual Risk,27.47,Capital Intensive,17.81,Unknown,1596987.55,2014403.87,20.83,12.38,22.57,0.35,11.0,4383.0,70.0,0.0,-2382.0,,,,,,,,,,INSUFFICIENT,INSUFFICIENT,INSUFFICIENT,34.16
ICICIPRULI,Mar 2015,4.76,95.2,31.15,622.94,1.62,0.0,False,762.86,,False,-99491.0,0.34,-1299.0,Accrual Risk,5.29,Moderate,-3.96,Reinvestor,1596987.55,2014403.87,20.83,12.38,22.57,0.35,11.0,5265.0,51.0,0.0,523.0,,,,,,,,,,INSUFFICIENT,INSUFFICIENT,INSUFFICIENT,32.19
ICICIPRULI,Mar 2016,7.91,91.17,31.0,299.24,1.57,0.19,False,,Debt Free,False,-101995.0,0.2,3661.0,High Quality,0.13,Asset Light,19.26,Liquidating Assets,1596987.55,2014403.87,20.83,12.38,22.57,0.35,12.0,5323.0,73.0,1029.0,3634.0,,,,,,,,,,INSUFFICIENT,INSUFFICIENT,INSUFFICIENT,32.25
ICICIPRULI,Mar 2017,4.45,95.22,26.26,562.13,1.35,0.0,False,277.04,,False,-121581.0,0.3,3434.0,High Quality,1.84,Asset Light,9.54,Reinvestor,1596987.55,2014403.87,20.83,12.38,22.57,0.35,12.0,6406.0,63.0,0.0,4130.0,,,,,,,,,,INSUFFICIENT,INSUFFICIENT,INSUFFICIENT,30.38
ICICIPRULI,Mar 2018,4.17,95.44,24.63,563.77,1.14,0.0,False,280.81,,False,-138537.0,0.27,301.0,High Quality,13.88,Capital Intensive,0.81,Reinvestor,1596987.55,2014403.87,20.83,12.38,22.57,0.35,11.0,6574.0,59.0,0.0,5690.0,,14.16,,,1.34,,,0.0,,OK,OK,OK,31.98
ICICIPRULI,Mar 2019,2.75,98.7,16.58,595.58,0.7,0.0,False,50.34,,False,-159003.0,0.25,3818.0,High Quality,18.23,Capital Intensive,9.33,Reinvestor,1596987.55,2014403.87,20.83,12.38,22.57,0.35,8.0,6871.0,40.0,0.0,11377.0,,13.63,,,-6.11,,,-6.17,,OK,OK,OK,28.04
ICICIPRULI,Mar 2020,5.07,101.52,14.79,295.91,0.68,0.0,False,13.52,,False,-150776.0,0.13,-2201.0,High Quality,51.35,Capital Intensive,-10.31,Reinvestor,1596987.55,2014403.87,20.83,12.38,22.57,0.35,7.0,7213.0,11.0,0.0,8596.0,,-9.41,,,-8.24,,,-8.64,,OK,OK,OK,24.09
ICICIPRULI,Mar 2021,1.15,100.47,10.5,810.67,0.44,0.13,False,50.07,,False,-210527.0,0.38,2230.0,High Quality,6.11,Moderate,2.67,Mixed,1596987.55,2014403.87,20.83,12.38,22.57,0.35,7.0,9109.0,30.0,1200.0,7314.0,,31.88,,,-10.34,,,-10.22,,OK,OK,OK,27.77
ICICIPRULI,Mar 2022,1.19,103.4,8.29,634.56,0.31,0.13,False,20.6,,False,-236901.0,0.26,1015.0,High Quality,1.28,Asset Light,1.54,Reinvestor,1596987.55,2014403.87,20.83,12.38,22.57,0.35,5.0,9158.0,10.0,1200.0,1831.0,,10.94,,,-14.71,,,-16.06,,OK,OK,OK,23.31
ICICIPRULI,Mar 2023,1.61,103.48,8.06,462.67,0.32,0.12,False,17.86,,False,-247016.0,0.2,-1056.0,Accrual Risk,2.27,Asset Light,-2.02,Reinvestor,1596987.55,2014403.87,20.83,12.38,22.57,0.35,6.0,10090.0,11.0,1200.0,89.0,,5.39,,,-12.87,,,-11.42,,OK,OK,OK,22.62
ICICIPRULI,Mar 2024,0.94,102.03,7.73,754.9,0.28,0.11,False,31.02,,False,-288528.0,0.3,105.0,Accrual Risk,8.22,Capital Intensive,0.11,Unknown,1596987.55,2014403.87,20.83,12.38,22.57,0.35,6.0,11005.0,10.0,1200.0,-7315.0,,16.85,,,-5.66,,,-5.59,,OK,OK,OK,24.94
INDIGO,Mar 2013,8.55,90.71,17886.36,54207.79,3026.92,2.5,False,28.23,,False,11.0,353.96,-149.0,High Quality,20.54,Capital Intensive,-1.78,Mixed,1040632.92,1061542.29,76.23,7.87,24.64,4.27,25647.0,4.4,70.0,11.0,1741.0,,,,,,,,,,INSUFFICIENT,INSUFFICIENT,INSUFFICIENT,6630.9
INDIGO,Mar 2014,4.26,96.11,10772.73,58065.22,1354.29,3.18,False,27.34,,False,14.0,317.63,-1319.0,High Quality,26.21,Capital Intensive,-12.35,Mixed,1040632.92,1061542.29,76.23,7.87,24.64,4.27,15454.0,4.4,80.0,14.0,1595.0,,,,,,,,,,INSUFFICIENT,INSUFFICIENT,INSUFFICIENT,4102.58
INDIGO,Mar 2015,9.36,86.33,4939.39,39546.05,2137.7,0.15,False,30.47,,False,3.0,228.28,1444.0,High Quality,6.75,Moderate,12.01,Reinvestor,1040632.92,1061542.29,76.23,7.87,24.64,4.27,42481.0,26.4,83.0,4.0,2384.0,,,,,,,,,,INSUFFICIENT,INSUFFICIENT,INSUFFICIENT,1978.64
INDIGO,Mar 2016,12.3,80.4,1534.78,9443.96,1013.27,0.06,False,25.23,,False,-116.0,82.35,1779.0,High Quality,8.28,Capital Intensive,13.71,Reinvestor,1040632.92,1061542.29,76.23,7.87,24.64,4.27,55.0,129.4,27.0,8.0,3116.0,,,,,,,,,,INSUFFICIENT,INSUFFICIENT,INSUFFICIENT,641.86
INDIGO,Mar 2017,8.93,88.06,1692.86,10908.0,674.39,0.53,False,20.75,,False,36.0,75.53,749.0,High Quality,16.32,Capital Intensive,4.58,Reinvestor,1040632.92,1061542.29,76.23,7.87,24.64,4.27,46.0,98.0,74.0,52.0,3782.0,,,,,,,,,,INSUFFICIENT,INSUFFICIENT,INSUFFICIENT,688.76
INDIGO,Mar 2018,9.74,86.84,2242.0,12981.17,803.58,0.54,False,21.12,,False,39.0,82.51,-249.0,High Quality,18.04,Capital Intensive,-1.25,Mixed,1040632.92,1061542.29,76.23,7.87,24.64,4.27,58.0,100.0,10.0,54.0,3903.0,,20.13,,,23.29,,,-70.43,,OK,OK,OK,893.43
INDIGO,Mar 2019,0.55,100.53,120.93,13201.84,41.82,0.68,False,21.62,,False,68.0,76.4,634.0,High Quality,8.86,Capital Intensive,2.21,Reinvestor,1040632.92,1061542.29,76.23,7.87,24.64,4.27,4.0,129.0,123.0,88.0,3160.0,,20.72,,,-19.93,,,-80.83,,OK,OK,OK,138.59
INDIGO,Mar 2020,-0.69,88.62,-138.55,12475.2,-58.77,0.42,False,20.7,,False,54.0,84.73,2370.0,Accrual Risk,12.79,Capital Intensive,7.48,Reinvestor,1040632.92,1061542.29,76.23,7.87,24.64,4.27,-6.0,179.0,0.0,75.0,6943.0,,20.76,,,,,,,,OK,DECLINE_TO_LOSS,DECLINE_TO_LOSS,58.37
INDIGO,Mar 2021,-42.15,99.98,-1094.15,2554.62,-760.91,0.02,False,14.13,,False,-41.0,18.05,1608.0,Accrual Risk,22.05,Capital Intensive,10.99,Unknown,1040632.92,1061542.29,76.23,7.87,24.64,4.27,-151.0,564.0,0.0,9.0,-1620.0,,-1.93,,,,,,,,OK,DECLINE_TO_LOSS,DECLINE_TO_LOSS,-353.66
INDIGO,Mar 2022,-1.22,97.85,-48.77,3832.78,-34.46,0.02,False,35.0,,False,-161.0,28.19,3591.0,Accrual Risk,5.89,Moderate,14.15,Liquidating Assets,1040632.92,1061542.29,76.23,7.87,24.64,4.27,-160.0,650.0,0.0,12.0,2064.0,,6.89,,,,,,,,OK,DECLINE_TO_LOSS,DECLINE_TO_LOSS,31.87
INDIGO,Mar 2023,-0.58,88.02,-40.8,6074.27,-29.85,0.02,False,33.5,,False,-120.0,51.27,8664.0,Accrual Risk,7.42,Moderate,18.08,Reinvestor,1040632.92,1061542.29,76.23,7.87,24.64,4.27,-8.0,777.0,0.0,12.0,12703.0,,18.79,,,,,,,,OK,DECLINE_TO_LOSS,DECLINE_TO_LOSS,59.65
INDIGO,Mar 2024,11.85,76.3,892.57,5640.88,668.33,0.02,False,22.61,,False,-171.0,56.39,9424.0,High Quality,17.07,Capital Intensive,17.93,Reinvestor,1040632.92,1061542.29,76.23,7.87,24.64,4.27,212.0,915.0,0.0,17.0,21183.0,,19.31,,,120.69,,,121.24,,OK,OK,OK,406.08
INDUSINDBK,Mar 2013,15.19,27.88,13.91,2.73,1.45,8.33,False,1.43,,True,43922.0,0.1,-660.0,Accrual Risk,2.49,Asset Light,-33.9,Growth Funded by Debt,1807433.12,1674611.06,8.99,3.7,28.79,1.42,20.0,7630.0,15.0,63576.0,-486.0,,,,,,,,,,INSUFFICIENT,INSUFFICIENT,INSUFFICIENT,11.35
INDUSINDBK,Mar 2014,17.06,30.95,15.57,3.03,1.62,8.32,False,1.35,,True,53701.0,0.09,-4280.0,Accrual Risk,2.11,Asset Light,-167.51,Growth Funded by Debt,1807433.12,1674611.06,8.99,3.7,28.79,1.42,27.0,9043.0,13.0,75264.0,-4106.0,,,,,,,,,,INSUFFICIENT,INSUFFICIENT,INSUFFICIENT,12.31
INDUSINDBK,Mar 2015,18.51,32.33,16.85,2.97,1.6,8.9,False,1.23,,True,71874.0,0.09,-1697.0,Accrual Risk,2.85,Asset Light,-54.17,Growth Funded by Debt,1807433.12,1674611.06,8.99,3.7,28.79,1.42,34.0,10644.0,12.0,94752.0,-1421.0,,,,,,,,,,INSUFFICIENT,INSUFFICIENT,INSUFFICIENT,11.89
INDUSINDBK,Mar 2016,19.26,35.28,12.92,3.09,1.6,6.67,False,1.27,,True,83942.0,0.08,-3185.0,Accrual Risk,2.17,Asset Light,-76.05,Growth Funded by Debt,1807433.12,1674611.06,8.99,3.7,28.79,1.42,38.0,17696.0,12.0,117996.0,-2927.0,,,,,,,,,,INSUFFICIENT,INSUFFICIENT,INSUFFICIENT,15.11
INDUSINDBK,Mar 2017,19.91,39.46,13.89,3.35,1.61,7.22,False,1.36,,True,112324.0,0.08,11284.0,High Quality,1.98,Asset Light,198.52,Reinvestor,1807433.12,1674611.06,8.99,3.7,28.79,1.42,48.0,20646.0,13.0,149026.0,11569.0,,,,,,,,,,INSUFFICIENT,INSUFFICIENT,INSUFFICIENT,14.48
INDUSINDBK,Mar 2018,20.87,37.93,15.13,3.07,1.63,7.97,False,1.38,,True,139851.0,0.08,-20917.0,Accrual Risk,1.26,Asset Light,-319.1,Growth Funded by Debt,1807433.12,1674611.06,8.99,3.7,28.79,1.42,60.0,23841.0,12.0,189928.0,-20700.0,,19.87,,,27.72,,,24.57,,OK,OK,OK,19.36
INDUSINDBK,Mar 2019,14.83,41.7,12.37,3.45,1.19,9.08,False,1.64,,False,182923.0,0.08,-7022.0,Accrual Risk,2.84,Asset Light,-75.64,Growth Funded by Debt,1807433.12,1674611.06,8.99,3.7,28.79,1.42,55.0,26686.0,14.0,242189.0,-6389.0,,21.95,,,18.58,,,15.29,,OK,OK,OK,14.37
INDUSINDBK,Mar 2020,15.35,43.81,12.73,4.24,1.44,7.57,False,1.81,,False,202813.0,0.09,-11513.0,Accrual Risk,1.83,Asset Light,-91.29,Distress Signal,1807433.12,1674611.06,8.99,3.7,28.79,1.42,64.0,34707.0,0.0,262793.0,-12039.0,,24.32,,,19.75,,,13.49,,OK,OK,OK,18.1
INDUSINDBK,Mar 2021,9.78,55.16,6.54,4.56,0.78,7.09,False,2.44,,False,237833.0,0.08,44420.0,High Quality,0.78,Asset Light,277.68,Reinvestor,1807433.12,1674611.06,8.99,3.7,28.79,1.42,37.0,43365.0,14.0,307528.0,44646.0,,19.56,,,4.41,,,-0.53,,OK,OK,OK,13.52
INDUSINDBK,Mar 2022,14.96,51.39,9.67,4.08,1.15,7.15,False,2.16,,False,270034.0,0.08,16249.0,High Quality,1.14,Asset Light,102.58,Reinvestor,1807433.12,1674611.06,8.99,3.7,28.79,1.42,60.0,47698.0,14.0,341005.0,16600.0,,16.43,,,9.96,,,4.56,,OK,OK,OK,15.62
INDUSINDBK,Mar 2023,20.32,42.69,13.53,3.53,1.61,7.06,False,1.9,,False,302333.0,0.08,-12879.0,Accrual Risk,1.21,Asset Light,-82.96,Growth Funded by Debt,1807433.12,1674611.06,8.99,3.7,28.79,1.42,95.0,54622.0,15.0,385449.0,-12438.0,,16.05,,,15.43,,,9.63,,OK,OK,OK,18.71
INDUSINDBK,Mar 2024,19.56,38.55,14.25,3.56,1.74,6.89,False,1.88,,False,325877.0,0.09,-17468.0,Accrual Risk,1.37,Asset Light,-99.04,Pre-Revenue,1807433.12,1674611.06,8.99,3.7,28.79,1.42,115.0,62797.0,14.0,432404.0,-16843.0,,15.5,,,22.08,,,15.9,,OK,OK,OK,19.74
INFY,Mar 2013,23.37,28.59,24.82,30.37,20.38,0.0,False,2780.6,,False,-2116.0,0.87,4451.0,Moderate,7.24,Moderate,38.58,Reinvestor,1112279.92,1372029.68,35.99,8.97,36.7,4.1,21.0,37994.0,25.0,0.0,7373.0,,,,,,,,,,INSUFFICIENT,INSUFFICIENT,INSUFFICIENT,34.23
INFY,Mar 2014,21.26,26.71,23.93,30.07,18.71,0.0,False,1783.78,,False,-4331.0,0.88,7262.0,Moderate,5.11,Moderate,54.23,Reinvestor,1112279.92,1372029.68,35.99,8.97,36.7,4.1,23.0,44530.0,34.0,0.0,9825.0,,,,,,,,,,INSUFFICIENT,INSUFFICIENT,INSUFFICIENT,33.51
INFY,Mar 2015,23.2,27.91,24.39,29.33,18.66,0.0,False,1526.08,,False,-2270.0,0.8,9352.0,Moderate,1.87,Asset Light,62.84,Liquidating Assets,1112279.92,1372029.68,35.99,8.97,36.7,4.1,27.0,50736.0,55.0,0.0,8353.0,,,,,,,,,,INSUFFICIENT,INSUFFICIENT,INSUFFICIENT,33.98
INFY,Mar 2016,21.6,27.35,21.85,27.66,17.96,0.0,False,,Debt Free,False,-1892.0,0.83,9143.0,Moderate,1.42,Asset Light,53.53,Reinvestor,1112279.92,1372029.68,35.99,8.97,36.7,4.1,29.0,61744.0,41.0,0.0,10028.0,,,,,,,,,,INSUFFICIENT,INSUFFICIENT,INSUFFICIENT,32.8
INFY,Mar 2017,20.96,27.17,20.81,26.97,17.26,0.0,False,,Debt Free,False,-16423.0,0.82,-3133.0,Moderate,21.41,Capital Intensive,-16.84,Reinvestor,1112279.92,1372029.68,35.99,8.97,36.7,4.1,31.0,68982.0,41.0,0.0,11531.0,,,,,,,,,,INSUFFICIENT,INSUFFICIENT,INSUFFICIENT,32.3
INFY,Mar 2018,22.73,26.69,24.69,28.99,20.2,0.0,False,,Debt Free,False,-12163.0,0.89,17751.0,Moderate,6.43,Moderate,94.31,Liquidating Assets,1112279.92,1372029.68,35.99,8.97,36.7,4.1,37.0,64923.0,59.0,0.0,13218.0,,11.81,,,11.2,,,11.99,,OK,OK,OK,36.97
INFY,Mar 2019,18.64,24.4,23.73,31.06,18.33,0.0,False,,Debt Free,False,-11261.0,0.98,14209.0,Moderate,0.76,Asset Light,70.45,Reinvestor,1112279.92,1372029.68,35.99,8.97,36.7,4.1,35.0,64948.0,60.0,0.0,14841.0,,10.52,,,7.66,,,8.76,,OK,OK,OK,35.36
INFY,Mar 2020,18.33,24.53,25.42,31.77,18.13,0.07,False,147.47,,False,-4159.0,0.99,16672.0,High Quality,0.36,Asset Light,74.87,Reinvestor,1112279.92,1372029.68,35.99,8.97,36.7,4.1,39.0,65450.0,45.0,4633.0,17003.0,,11.23,,,6.11,,,7.63,,OK,OK,OK,35.71
INFY,Mar 2021,19.33,27.76,25.44,34.15,18.07,0.07,False,154.31,,False,-8880.0,0.93,15851.0,High Quality,7.34,Moderate,56.84,Reinvestor,1112279.92,1372029.68,35.99,8.97,36.7,4.1,45.0,76351.0,59.0,5325.0,23224.0,,9.98,,,7.56,,,9.18,,OK,OK,OK,35.81
INFY,Mar 2022,18.21,25.89,29.39,38.96,18.97,0.07,False,168.93,,False,-14850.0,1.04,17400.0,High Quality,5.33,Moderate,55.25,Reinvestor,1112279.92,1372029.68,35.99,8.97,36.7,4.1,53.0,75350.0,59.0,5474.0,23885.0,,12.18,,,9.06,,,11.32,,OK,OK,OK,37.56
INFY,Mar 2023,16.43,23.94,31.97,41.97,19.35,0.11,False,133.21,,False,-11179.0,1.18,21396.0,Moderate,0.73,Asset Light,60.91,Reinvestor,1112279.92,1372029.68,35.99,8.97,36.7,4.1,58.0,75407.0,73.0,8299.0,22467.0,,15.79,,,8.51,,,9.41,,OK,OK,OK,38.66
INFY,Mar 2024,17.08,23.7,29.79,37.76,19.3,0.09,False,87.52,,False,-16264.0,1.13,20117.0,Moderate,3.31,Moderate,55.23,Reinvestor,1112279.92,1372029.68,35.99,8.97,36.7,4.1,63.0,88116.0,,8359.0,25210.0,,13.2,,,11.24,,,12.47,,OK,OK,OK,37.9
IOC,Mar 2013,0.79,3.0,5.75,9.08,1.5,1.42,False,2.42,,False,72320.0,1.91,46.0,High Quality,2.01,Asset Light,0.33,Mixed,1418164.33,1786391.89,28.61,4.24,33.71,1.25,3.0,63037.0,36.0,89671.0,9340.0,,,,,,,,,,INSUFFICIENT,INSUFFICIENT,INSUFFICIENT,21.24
IOC,Mar 2014,1.43,3.53,10.26,10.58,2.62,1.4,False,3.75,,False,79021.0,1.84,5601.0,High Quality,3.81,Moderate,32.52,Reinvestor,1418164.33,1786391.89,28.61,4.24,33.71,1.25,5.0,67913.0,30.0,94916.0,24195.0,,,,,,,,,,INSUFFICIENT,INSUFFICIENT,INSUFFICIENT,22.92
IOC,Mar 2015,1.08,2.35,7.08,7.91,2.08,0.94,False,3.91,,False,48824.0,1.92,35877.0,High Quality,2.27,Asset Light,339.26,Reinvestor,1418164.33,1786391.89,28.61,4.24,33.71,1.25,3.0,68832.0,33.0,64893.0,46092.0,,,,,,,,,,INSUFFICIENT,INSUFFICIENT,INSUFFICIENT,22.73
IOC,Mar 2016,3.59,6.37,13.8,14.84,5.36,0.65,False,7.82,,False,27367.0,1.49,12014.0,High Quality,3.93,Moderate,54.51,Reinvestor,1418164.33,1786391.89,28.61,4.24,33.71,1.25,8.0,89980.0,28.0,58552.0,25624.0,,,,,,,,,,INSUFFICIENT,INSUFFICIENT,INSUFFICIENT,25.74
IOC,Mar 2017,5.74,9.61,19.97,20.65,7.45,0.62,False,10.29,,False,19584.0,1.3,10532.0,High Quality,4.98,Moderate,30.84,Reinvestor,1418164.33,1786391.89,28.61,4.24,33.71,1.25,14.0,102096.0,45.0,63271.0,28216.0,,,,,,,,,,INSUFFICIENT,INSUFFICIENT,INSUFFICIENT,28.2
IOC,Mar 2018,5.37,9.88,19.87,23.2,7.65,0.58,False,11.87,,False,20844.0,1.42,11996.0,High Quality,4.06,Moderate,28.8,Reinvestor,1418164.33,1786391.89,28.61,4.24,33.71,1.25,15.0,113874.0,90.0,65650.0,29115.0,,-1.81,,,44.22,,,37.97,,OK,OK,OK,32.44
IOC,Mar 2019,3.27,6.68,15.36,16.85,5.15,0.86,False,7.99,,False,52653.0,1.57,-9822.0,Moderate,4.27,Moderate,-27.85,Mixed,1418164.33,1786391.89,28.61,4.24,33.71,1.25,12.0,112469.0,49.0,96765.0,12747.0,,1.58,,,19.91,,,19.14,,OK,OK,OK,28.11
IOC,Mar 2020,-0.39,3.32,-1.97,7.13,-0.57,1.36,False,1.53,,False,94219.0,1.47,-21955.0,Accrual Risk,6.02,Moderate,-136.77,Mixed,1418164.33,1786391.89,28.61,4.24,33.71,1.25,-1.0,95398.0,-437.0,129790.0,7146.0,,1.48,,,,,,,,OK,DECLINE_TO_LOSS,DECLINE_TO_LOSS,18.2
IOC,Mar 2021,5.98,10.97,19.46,17.48,6.13,1.04,False,15.21,,False,71932.0,1.02,26715.0,High Quality,6.3,Moderate,66.91,Reinvestor,1418164.33,1786391.89,28.61,4.24,33.71,1.25,15.0,111838.0,51.0,116649.0,49650.0,,1.01,,,11.88,,,13.4,,OK,OK,OK,28.29
IOC,Mar 2022,4.37,8.1,19.27,17.98,6.26,0.99,False,9.55,,False,79668.0,1.43,4453.0,High Quality,3.61,Moderate,9.32,Reinvestor,1418164.33,1786391.89,28.61,4.24,33.71,1.25,18.0,133535.0,46.0,132020.0,25747.0,,10.65,,,4.76,,,5.15,,OK,OK,OK,29.14
IOC,Mar 2023,1.39,3.65,8.38,10.63,2.65,1.07,False,4.72,,False,96787.0,1.9,1614.0,High Quality,3.33,Moderate,5.26,Reinvestor,1418164.33,1786391.89,28.61,4.24,33.71,1.25,7.0,139721.0,42.0,148977.0,29644.0,,14.84,,,-12.35,,,-14.14,,OK,OK,OK,23.96
IOC,Mar 2024,5.56,9.74,23.53,23.94,8.94,0.72,False,10.28,,False,67086.0,1.61,39635.0,High Quality,4.05,Moderate,52.4,Reinvestor,1418164.33,1786391.89,28.61,4.24,33.71,1.25,30.0,183417.0,40.0,132628.0,71099.0,,8.01,,,20.1,,,20.11,,OK,OK,OK,32.73
IRCTC,Mar 2015,12.37,14.35,29.5,34.23,11.27,0.0,False,,Debt Free,False,0.0,0.91,23.0,Moderate,4.34,Moderate,15.13,Reinvestor,1258520.29,1473943.68,60.44,5.74,32.47,1.08,13.0,444.0,20.0,0.0,69.0,,,,,,,,,,INSUFFICIENT,INSUFFICIENT,INSUFFICIENT,33.71
IRCTC,Mar 2016,13.83,13.9,34.87,35.06,13.15,0.0,False,,Debt Free,False,0.0,0.95,295.0,High Quality,0.51,Asset Light,155.26,Liquidating Assets,1258520.29,1473943.68,60.44,5.74,32.47,1.08,19.0,542.0,40.0,0.0,288.0,,,,,,,,,,INSUFFICIENT,INSUFFICIENT,INSUFFICIENT,35.92
IRCTC,Mar 2017,15.07,20.66,29.1,39.9,12.54,0.0,False,127.0,,False,0.0,0.83,432.0,High Quality,6.18,Moderate,137.58,Liquidating Assets,1258520.29,1473943.68,60.44,5.74,32.47,1.08,11.0,787.0,49.0,0.0,338.0,,,,,,,,,,INSUFFICIENT,INSUFFICIENT,INSUFFICIENT,34.03
IRCTC,Mar 2018,15.08,18.69,23.14,28.69,9.53,0.0,False,124.33,,False,0.0,0.63,64.0,Accrual Risk,2.73,Asset Light,23.36,Liquidating Assets,1258520.29,1473943.68,60.44,5.74,32.47,1.08,11.0,955.0,21.0,0.0,24.0,,,,,,,,,,INSUFFICIENT,INSUFFICIENT,INSUFFICIENT,31.75
IRCTC,Mar 2019,16.52,20.48,28.85,35.76,11.91,0.0,False,254.5,,False,0.0,0.72,146.0,High Quality,18.88,Capital Intensive,38.12,Reinvestor,1258520.29,1473943.68,60.44,5.74,32.47,1.08,4.0,1071.0,98.0,0.0,499.0,,,,,,,,,,INSUFFICIENT,INSUFFICIENT,INSUFFICIENT,34.12
IRCTC,Mar 2020,22.66,31.05,39.04,53.5,15.83,0.0,False,78.0,,False,0.0,0.7,417.0,Moderate,0.35,Asset Light,59.32,Liquidating Assets,1258520.29,1473943.68,60.44,5.74,32.47,1.08,6.0,1314.0,39.0,0.0,409.0,,16.41,,,31.39,,,-14.33,,OK,OK,OK,44.5
IRCTC,Mar 2021,24.07,24.2,12.84,12.25,5.93,0.05,False,39.0,,False,79.0,0.25,-205.0,High Quality,58.3,Capital Intensive,-109.04,Reinvestor,1258520.29,1473943.68,60.44,5.74,32.47,1.08,2.0,1456.0,43.0,79.0,248.0,,-10.68,,,-0.21,,,-36.25,,OK,OK,OK,27.83
IRCTC,Mar 2022,35.13,46.51,35.29,44.25,16.99,0.06,False,86.0,,False,105.0,0.48,282.0,Moderate,12.88,Capital Intensive,32.27,Reinvestor,1258520.29,1473943.68,60.44,5.74,32.47,1.08,8.0,1870.0,42.0,105.0,524.0,,4.33,,,23.58,,,-6.17,,OK,OK,OK,42.75
IRCTC,Mar 2023,28.41,36.04,40.6,49.8,19.77,0.03,False,89.0,,False,84.0,0.7,495.0,Moderate,8.95,Capital Intensive,38.79,Reinvestor,1258520.29,1473943.68,60.44,5.74,32.47,1.08,13.0,2478.0,44.0,84.0,812.0,,19.29,,,35.41,,,3.4,,OK,OK,OK,46.97
IRCTC,Mar 2024,26.02,34.33,34.4,44.56,18.24,0.02,False,82.74,,False,60.0,0.7,667.0,Moderate,5.04,Moderate,45.5,Reinvestor,1258520.29,1473943.68,60.44,5.74,32.47,1.08,14.0,3230.0,47.0,60.0,882.0,,17.96,,,29.17,,,28.47,,OK,OK,OK,43.52
IRFC,Mar 2013,9.41,99.6,8.16,8.49,0.74,9.19,False,1.36,,True,58740.0,0.08,,Accrual Risk,,Capital Intensive,,Pre-Revenue,2618348.58,2449260.08,9.81,3.91,16.66,2.82,222.0,6394.0,21.0,58753.0,,,,,,,,,,,INSUFFICIENT,INSUFFICIENT,INSUFFICIENT,6.44
IRFC,Mar 2014,11.31,99.69,9.27,7.97,0.84,9.25,False,1.34,,True,69906.0,0.07,,Accrual Risk,,Capital Intensive,,Pre-Revenue,2618348.58,2449260.08,9.81,3.91,16.66,2.82,209.0,7562.0,6.0,69917.0,,,,,,,,,,,INSUFFICIENT,INSUFFICIENT,INSUFFICIENT,7.08
IRFC,Mar 2015,10.92,99.51,8.73,8.64,0.86,8.21,False,1.38,,True,71261.0,0.08,,Accrual Risk,,Capital Intensive,,Pre-Revenue,2618348.58,2449260.08,9.81,3.91,16.66,2.82,212.0,8682.0,20.0,71270.0,,,,,,,,,,,INSUFFICIENT,INSUFFICIENT,INSUFFICIENT,8.9
IRFC,Mar 2016,11.31,99.48,7.37,7.54,0.78,7.59,False,1.35,,True,87495.0,0.07,-16376.0,Accrual Risk,0.03,Asset Light,-219.28,Distress Signal,2618348.58,2449260.08,9.81,3.91,16.66,2.82,188.0,11525.0,40.0,87503.0,-16378.0,,,,,,,,,,INSUFFICIENT,INSUFFICIENT,INSUFFICIENT,9.73
IRFC,Mar 2017,10.32,99.71,7.78,7.62,0.72,8.86,False,1.31,,True,106387.0,0.07,-19453.0,Accrual Risk,0.02,Asset Light,-215.64,Distress Signal,2618348.58,2449260.08,9.81,3.91,16.66,2.82,143.0,12009.0,40.0,106395.0,-19455.0,,,,,,,,,,INSUFFICIENT,INSUFFICIENT,INSUFFICIENT,7.14
IRFC,Mar 2018,22.18,99.59,14.75,6.24,1.27,9.62,False,1.39,,True,133992.0,0.06,-28074.0,Accrual Risk,0.02,Asset Light,-304.19,Distress Signal,2618348.58,2449260.08,9.81,3.91,16.66,2.82,3.0,13928.0,18.0,134006.0,-28076.0,,10.8,,,31.53,,,-57.72,,OK,OK,OK,15.19
IRFC,Mar 2019,20.25,99.56,9.01,5.57,1.09,6.95,False,1.35,,True,173920.0,0.05,-41747.0,Accrual Risk,0.01,Asset Light,-376.61,Distress Signal,2618348.58,2449260.08,9.81,3.91,16.66,2.82,2.0,25028.0,18.0,173933.0,-41748.0,,12.43,,,26.32,,,-60.54,,OK,OK,OK,17.85
IRFC,Mar 2020,23.78,99.51,10.54,5.05,1.16,7.74,False,1.31,,True,234365.0,0.05,-62700.0,Accrual Risk,0.01,Asset Light,-469.49,Distress Signal,2618348.58,2449260.08,9.81,3.91,16.66,2.82,3.0,30299.0,0.0,234377.0,-62701.0,,14.1,,,33.31,,,-57.33,,OK,OK,OK,18.46
IRFC,Mar 2021,28.0,99.28,12.3,4.36,1.16,9.0,False,1.39,,True,323133.0,0.04,-89907.0,Accrual Risk,0.0,Asset Light,-574.23,Distress Signal,2618348.58,2449260.08,9.81,3.91,16.66,2.82,3.0,35914.0,31.0,323145.0,-89907.0,,16.01,,,39.07,,,-56.29,,OK,OK,OK,18.25
IRFC,Mar 2022,30.0,99.4,14.85,4.7,1.35,9.47,False,1.43,,True,388430.0,0.05,-64417.0,Accrual Risk,0.02,Asset Light,-319.26,Growth Funded by Debt,2618348.58,2449260.08,9.81,3.91,16.66,2.82,5.0,40997.0,30.0,388440.0,-64412.0,,17.54,,,45.5,,,-48.86,,OK,OK,OK,19.49
IRFC,Mar 2023,26.0,99.44,13.8,5.09,1.26,9.38,False,1.35,,True,418921.0,0.05,-28588.0,Accrual Risk,0.0,Asset Light,-121.2,Distress Signal,2618348.58,2449260.08,9.81,3.91,16.66,2.82,5.0,44681.0,32.0,418935.0,-28588.0,,20.68,,,24.58,,,10.76,,OK,OK,OK,16.88
IRFC,Mar 2024,24.06,99.5,13.04,5.75,1.32,8.38,False,1.32,,True,411985.0,0.05,7906.0,High Quality,0.03,Asset Light,29.82,Reinvestor,2618348.58,2449260.08,9.81,3.91,16.66,2.82,5.0,49179.0,31.0,412039.0,7914.0,,19.07,,,23.25,,,20.11,,OK,OK,OK,17.85
ITC,Mar 2013,24.37,35.49,33.27,48.24,21.81,0.0,False,111.79,,False,-5879.0,0.89,3221.0,Moderate,12.27,Capital Intensive,28.71,Reinvestor,332245.58,369131.93,47.85,3.24,17.19,4.26,6.0,23158.0,55.0,102.0,7102.0,,,,,,,,,,INSUFFICIENT,INSUFFICIENT,INSUFFICIENT,37.41
ITC,Mar 2014,25.49,37.05,33.05,47.6,22.04,0.01,False,484.34,,False,-7042.0,0.86,4090.0,Moderate,9.22,Capital Intensive,31.27,Reinvestor,332245.58,369131.93,47.85,3.24,17.19,4.26,7.0,27237.0,54.0,242.0,7344.0,,,,,,,,,,INSUFFICIENT,INSUFFICIENT,INSUFFICIENT,37.51
ITC,Mar 2015,25.19,36.72,30.81,44.53,21.28,0.01,False,170.12,,False,-6674.0,0.84,4568.0,High Quality,13.59,Capital Intensive,32.05,Reinvestor,332245.58,369131.93,47.85,3.24,17.19,4.26,8.0,31736.0,52.0,269.0,9843.0,,,,,,,,,,INSUFFICIENT,INSUFFICIENT,INSUFFICIENT,36.64
ITC,Mar 2016,24.24,37.08,22.26,33.98,18.39,0.0,False,205.31,,False,-11664.0,0.76,5878.0,High Quality,10.0,Capital Intensive,40.45,Reinvestor,332245.58,369131.93,47.85,3.24,17.19,4.26,8.0,42680.0,73.0,84.0,9799.0,,,,,,,,,,INSUFFICIENT,INSUFFICIENT,INSUFFICIENT,33.4
ITC,Mar 2017,24.5,36.17,22.57,33.3,18.74,0.0,False,351.61,,False,-17535.0,0.77,7376.0,High Quality,7.6,Moderate,47.68,Reinvestor,332245.58,369131.93,47.85,3.24,17.19,4.26,8.0,46413.0,56.0,46.0,10627.0,,,,,,,,,,INSUFFICIENT,INSUFFICIENT,INSUFFICIENT,33.57
ITC,Mar 2018,26.45,38.02,21.89,31.44,17.89,0.0,False,163.14,,False,-22017.0,0.68,6055.0,High Quality,16.37,Capital Intensive,36.65,Reinvestor,332245.58,369131.93,47.85,3.24,17.19,4.26,9.0,52510.0,56.0,36.0,13169.0,,6.56,,,8.33,,,8.45,,OK,OK,OK,35.45
ITC,Mar 2019,26.55,38.35,21.7,31.34,17.89,0.0,False,290.38,,False,-25030.0,0.67,7037.0,Moderate,11.47,Capital Intensive,37.96,Reinvestor,332245.58,369131.93,47.85,3.24,17.19,4.26,10.0,59141.0,56.0,13.0,12583.0,,6.49,,,7.36,,,7.39,,OK,OK,OK,35.28
ITC,Mar 2020,31.57,39.17,23.89,29.51,20.17,0.0,False,268.65,,False,-28386.0,0.64,8516.0,Moderate,12.5,Capital Intensive,44.02,Reinvestor,332245.58,369131.93,47.85,3.24,17.19,4.26,12.0,65273.0,82.0,277.0,14690.0,,4.93,,,9.78,,,8.45,,OK,OK,OK,37.03
ITC,Mar 2021,27.17,34.64,22.18,28.15,18.14,0.0,False,338.66,,False,-24600.0,0.67,18267.0,Moderate,11.65,Capital Intensive,107.04,Liquidating Assets,332245.58,369131.93,47.85,3.24,17.19,4.26,11.0,60347.0,101.0,271.0,12527.0,,4.68,,,7.09,,,6.58,,OK,OK,OK,35.28
ITC,Mar 2022,25.56,34.01,24.82,32.89,20.08,0.0,False,375.55,,False,-24592.0,0.79,13538.0,High Quality,3.69,Moderate,65.65,Reinvestor,332245.58,369131.93,47.85,3.24,17.19,4.26,12.0,62455.0,93.0,249.0,15776.0,,7.23,,,8.15,,,8.45,,OK,OK,OK,36.49
ITC,Mar 2023,27.46,36.24,28.16,37.0,22.69,0.0,False,356.44,,False,-29109.0,0.83,13146.0,Moderate,8.08,Capital Intensive,51.14,Reinvestor,332245.58,369131.93,47.85,3.24,17.19,4.26,15.0,69155.0,100.0,306.0,18878.0,,10.3,,,11.13,,,10.76,,OK,OK,OK,38.84
ITC,Mar 2024,29.28,37.02,27.85,35.07,22.62,0.0,False,362.96,,False,-30811.0,0.77,18742.0,Moderate,2.21,Asset Light,71.44,Liquidating Assets,332245.58,369131.93,47.85,3.24,17.19,4.26,16.0,74507.0,84.0,303.0,17179.0,,7.95,,,10.08,,,9.86,,OK,OK,OK,38.57
JINDALSTEL,Mar 2013,14.9,30.83,13.89,13.31,5.17,1.16,False,6.03,,False,23809.0,0.35,-6069.0,High Quality,48.42,Capital Intensive,-99.39,Mixed,396587.97,478682.44,77.64,5.73,20.22,1.9,31.0,21252.0,5.0,24618.0,3522.0,,,,,,,,,,INSUFFICIENT,INSUFFICIENT,INSUFFICIENT,25.87
JINDALSTEL,Mar 2014,9.83,30.07,8.39,9.83,2.75,1.61,False,3.4,,False,36026.0,0.28,-8114.0,High Quality,65.82,Capital Intensive,-139.92,Mixed,396587.97,478682.44,77.64,5.73,20.22,1.9,21.0,22610.0,7.0,36368.0,4580.0,,,,,,,,,,INSUFFICIENT,INSUFFICIENT,INSUFFICIENT,21.96
JINDALSTEL,Mar 2015,-7.48,28.16,-6.9,8.21,-1.92,2.16,False,1.41,,True,43716.0,0.26,-5535.0,Accrual Risk,34.62,Capital Intensive,-101.3,Mixed,396587.97,478682.44,77.64,5.73,20.22,1.9,-14.0,21042.0,0.0,45501.0,1182.0,,,,,,,,,,INSUFFICIENT,INSUFFICIENT,INSUFFICIENT,12.03
JINDALSTEL,Mar 2016,-15.86,17.65,-9.52,4.34,-3.34,1.44,False,1.03,,True,46405.0,0.21,2071.0,Accrual Risk,11.62,Capital Intensive,60.26,Reinvestor,396587.97,478682.44,77.64,5.73,20.22,1.9,-32.0,32436.0,0.0,46797.0,4333.0,,,,,,,,,,INSUFFICIENT,INSUFFICIENT,INSUFFICIENT,10.83
JINDALSTEL,Mar 2017,-11.75,21.8,-8.45,6.2,-2.8,1.53,False,1.26,,True,45482.0,0.24,4852.0,Accrual Risk,9.25,Capital Intensive,103.04,Reinvestor,396587.97,478682.44,77.64,5.73,20.22,1.9,-25.0,30051.0,0.0,45850.0,6850.0,,,,,,,,,,INSUFFICIENT,INSUFFICIENT,INSUFFICIENT,11.87
JINDALSTEL,Mar 2018,-4.85,19.43,-5.32,8.82,-1.81,1.41,False,1.52,,False,42816.0,0.37,6293.0,Accrual Risk,4.3,Moderate,97.28,Reinvestor,396587.97,478682.44,77.64,5.73,20.22,1.9,-15.0,30385.0,0.0,42962.0,7724.0,,10.94,,,,,,,,OK,DECLINE_TO_LOSS,DECLINE_TO_LOSS,16.36
JINDALSTEL,Mar 2019,-5.14,17.91,-7.52,11.74,-2.71,1.23,False,1.63,,False,39409.0,0.53,8195.0,Accrual Risk,1.77,Asset Light,97.42,Reinvestor,396587.97,478682.44,77.64,5.73,20.22,1.9,-17.0,32085.0,0.0,39559.0,9027.0,,19.48,,,,,,,,OK,DECLINE_TO_LOSS,DECLINE_TO_LOSS,17.33
JINDALSTEL,Mar 2020,-1.05,18.01,-1.24,9.91,-0.45,1.15,False,1.83,,False,36643.0,0.42,7338.0,Accrual Risk,3.89,Moderate,107.42,Reinvestor,396587.97,478682.44,77.64,5.73,20.22,1.9,-1.0,32137.0,0.0,36824.0,8814.0,,14.34,,,,,,,,OK,BOTH_NEGATIVE,BOTH_NEGATIVE,19.63
JINDALSTEL,Mar 2021,12.34,31.62,13.41,17.71,5.48,0.94,False,4.08,,False,28754.0,0.44,10077.0,High Quality,5.45,Moderate,92.17,Reinvestor,396587.97,478682.44,77.64,5.73,20.22,1.9,36.0,31815.0,0.0,29910.0,11961.0,,12.17,,,,,,,,OK,TURNAROUND,TURNAROUND,27.55
JINDALSTEL,Mar 2022,13.22,30.32,18.99,31.58,8.83,0.38,False,7.24,,False,13032.0,0.67,13717.0,High Quality,4.56,Moderate,88.41,Reinvestor,396587.97,478682.44,77.64,5.73,20.22,1.9,56.0,35625.0,5.0,13502.0,16048.0,,18.82,,,,,,,,OK,TURNAROUND,TURNAROUND,32.02
JINDALSTEL,Mar 2023,7.47,18.68,10.27,19.21,5.72,0.34,False,6.5,,False,12139.0,0.77,3257.0,High Quality,7.69,Moderate,32.76,Reinvestor,396587.97,478682.44,77.64,5.73,20.22,1.9,31.0,38706.0,6.0,13046.0,7347.0,,9.84,,,,,,,,OK,TURNAROUND,TURNAROUND,26.65
JINDALSTEL,Mar 2024,11.8,20.26,13.41,16.78,7.55,0.37,False,8.0,,False,15653.0,0.64,-2336.0,High Quality,16.57,Capital Intensive,-22.9,Mixed,396587.97,478682.44,77.64,5.73,20.22,1.9,58.0,44316.0,3.0,16472.0,6008.0,,1.4,,,,,,,,OK,TURNAROUND,TURNAROUND,27.16
JIOFIN,Mar 2023,68.89,86.67,0.03,0.03,0.03,0.01,False,,Debt Free,False,-107398.0,0.0,945.0,High Quality,2466.67,Capital Intensive,2423.08,Reinvestor,1401774.99,1814281.53,34.24,9.91,26.41,3.09,,114120.0,0.0,743.0,2055.0,,,,,,,,,,INSUFFICIENT,INSUFFICIENT,INSUFFICIENT,33.77
JIOFIN,Mar 2024,86.52,84.04,1.15,1.12,1.11,0.0,False,198.8,,False,-133292.0,0.01,763.0,Accrual Risk,77.68,Capital Intensive,48.94,Unknown,1401774.99,1814281.53,34.24,9.91,26.41,3.09,3.0,139147.0,0.0,0.0,-678.0,,,,,,,,,,INSUFFICIENT,INSUFFICIENT,INSUFFICIENT,37.72
JSWENERGY,Mar 2013,10.16,31.58,14.52,16.89,4.42,1.67,False,2.92,,False,9422.0,0.44,781.0,High Quality,10.64,Capital Intensive,27.88,Reinvestor,110870.53,124622.6,24.79,9.88,35.95,1.25,6.0,6204.0,36.0,10377.0,1725.0,,,,,,,,,,INSUFFICIENT,INSUFFICIENT,INSUFFICIENT,24.21
JSWENERGY,Mar 2014,8.79,37.64,11.57,19.52,3.95,1.54,False,2.55,,False,9218.0,0.45,1906.0,High Quality,4.2,Moderate,58.56,Reinvestor,110870.53,124622.6,24.79,9.88,35.95,1.25,5.0,6571.0,43.0,10106.0,2269.0,,,,,,,,,,INSUFFICIENT,INSUFFICIENT,INSUFFICIENT,23.18
JSWENERGY,Mar 2015,14.53,38.77,18.06,21.56,6.99,1.24,False,3.36,,False,7675.0,0.48,2972.0,High Quality,4.51,Moderate,82.01,Reinvestor,110870.53,124622.6,24.79,9.88,35.95,1.25,8.0,7518.0,24.0,9294.0,3394.0,,,,,,,,,,INSUFFICIENT,INSUFFICIENT,INSUFFICIENT,27.23
JSWENERGY,Mar 2016,14.86,41.01,15.05,16.4,5.12,1.53,False,2.92,,False,13850.0,0.34,266.0,High Quality,33.31,Capital Intensive,6.6,Reinvestor,110870.53,124622.6,24.79,9.88,35.95,1.25,9.0,9704.0,22.0,14862.0,3538.0,,,,,,,,,,INSUFFICIENT,INSUFFICIENT,INSUFFICIENT,25.52
JSWENERGY,Mar 2017,7.54,40.23,6.01,13.45,2.19,1.38,False,2.1,,False,12770.0,0.29,3091.0,High Quality,9.22,Capital Intensive,92.99,Reinvestor,110870.53,124622.6,24.79,9.88,35.95,1.25,4.0,10369.0,13.0,14349.0,3853.0,,,,,,,,,,INSUFFICIENT,INSUFFICIENT,INSUFFICIENT,21.14
JSWENERGY,Mar 2018,1.06,33.71,0.77,11.8,0.32,1.07,False,1.9,,False,9468.0,0.3,3719.0,High Quality,2.67,Asset Light,137.08,Reinvestor,110870.53,124622.6,24.79,9.88,35.95,1.25,0.0,11110.0,0.0,11883.0,3934.0,,-1.92,,,-37.64,,,-100.0,,OK,OK,OK,14.59
JSWENERGY,Mar 2019,7.49,31.24,5.79,12.76,2.64,0.89,False,2.73,,False,8104.0,0.35,2436.0,High Quality,0.6,Asset Light,85.32,Reinvestor,110870.53,124622.6,24.79,9.88,35.95,1.25,4.0,11822.0,24.0,10555.0,2491.0,,1.11,,,-2.09,,,-4.36,,OK,OK,OK,22.05
JSWENERGY,Mar 2020,13.07,35.74,9.28,13.76,4.34,0.84,False,3.17,,False,7986.0,0.33,2383.0,High Quality,3.64,Moderate,80.59,Liquidating Assets,110870.53,124622.6,24.79,9.88,35.95,1.25,7.0,11646.0,15.0,9840.0,2082.0,,-2.41,,,-4.46,,,-2.64,,OK,OK,OK,23.7
JSWENERGY,Mar 2021,11.89,42.08,5.67,12.73,3.14,0.58,False,3.53,,False,4319.0,0.26,2670.0,High Quality,14.88,Capital Intensive,91.66,Reinvestor,110870.53,124622.6,24.79,9.88,35.95,1.25,5.0,14507.0,41.0,8371.0,3700.0,,-6.76,,,-10.83,,,-11.09,,OK,OK,OK,21.37
JSWENERGY,Mar 2022,21.34,43.74,10.01,13.55,5.71,0.51,False,5.34,,False,2320.0,0.27,1565.0,High Quality,16.98,Capital Intensive,43.81,Reinvestor,110870.53,124622.6,24.79,9.88,35.95,1.25,11.0,17415.0,19.0,8943.0,2952.0,,-0.23,,,22.85,,,22.42,,OK,OK,OK,29.27
JSWENERGY,Mar 2023,14.32,31.77,7.94,7.51,3.06,1.34,False,4.69,,False,19018.0,0.21,-4694.0,High Quality,65.6,Capital Intensive,-143.02,Mixed,110870.53,124622.6,24.79,9.88,35.95,1.25,9.0,18629.0,22.0,25051.0,2084.0,,5.12,,,77.08,,,,,OK,OK,ZERO_BASE,31.65
JSWENERGY,Mar 2024,15.02,46.86,8.28,10.27,2.99,1.52,False,2.85,,False,24538.0,0.2,-1963.0,High Quality,71.37,Capital Intensive,-36.47,Mixed,110870.53,124622.6,24.79,9.88,35.95,1.25,10.0,20832.0,19.0,31573.0,6234.0,,4.68,,,20.32,,,20.11,,OK,OK,OK,25.8
JSWSTEEL,Mar 2013,2.43,17.04,5.44,16.83,1.62,1.27,False,3.15,,False,19875.0,0.66,411.0,High Quality,14.22,Capital Intensive,6.31,Reinvestor,2612646.38,3187328.18,69.27,4.37,35.49,2.94,4.0,17065.0,30.0,21625.0,5844.0,,,,,,,,,,INSUFFICIENT,INSUFFICIENT,INSUFFICIENT,20.51
JSWSTEEL,Mar 2014,0.78,17.9,1.9,16.17,0.52,1.68,False,2.47,,False,34864.0,0.66,-3024.0,High Quality,10.97,Capital Intensive,-32.98,Mixed,2612646.38,3187328.18,69.27,4.37,35.49,2.94,2.0,21174.0,74.0,35527.0,2594.0,,,,,,,,,,INSUFFICIENT,INSUFFICIENT,INSUFFICIENT,18.12
JSWSTEEL,Mar 2015,3.25,17.68,7.73,15.34,2.01,1.74,False,2.71,,False,38155.0,0.62,504.0,High Quality,13.92,Capital Intensive,5.38,Reinvestor,2612646.38,3187328.18,69.27,4.37,35.49,2.94,7.0,22290.0,19.0,38754.0,7876.0,,,,,,,,,,INSUFFICIENT,INSUFFICIENT,INSUFFICIENT,20.5
JSWSTEEL,Mar 2016,-1.16,15.46,-2.54,10.5,-0.59,2.23,False,1.24,,True,41009.0,0.51,3040.0,Accrual Risk,9.28,Capital Intensive,47.34,Reinvestor,2612646.38,3187328.18,69.27,4.37,35.49,2.94,-1.0,18966.0,-67.0,42204.0,6897.0,,,,,,,,,,INSUFFICIENT,INSUFFICIENT,INSUFFICIENT,14.93
JSWSTEEL,Mar 2017,6.24,22.14,15.31,18.65,3.94,1.91,False,3.27,,False,41968.0,0.63,2794.0,High Quality,9.16,Capital Intensive,22.7,Reinvestor,2612646.38,3187328.18,69.27,4.37,35.49,2.94,15.0,22647.0,19.0,43334.0,7888.0,,,,,,,,,,INSUFFICIENT,INSUFFICIENT,INSUFFICIENT,23.42
JSWSTEEL,Mar 2018,8.5,20.74,21.83,22.13,6.65,1.41,False,3.98,,False,37924.0,0.78,7850.0,High Quality,6.3,Moderate,52.63,Reinvestor,2612646.38,3187328.18,69.27,4.37,35.49,2.94,26.0,27998.0,16.0,39393.0,12379.0,,13.49,,,45.76,,,45.41,,OK,OK,OK,33.9
JSWSTEEL,Mar 2019,8.88,22.33,21.62,23.03,6.55,1.36,False,4.88,,False,45502.0,0.74,3246.0,High Quality,13.43,Capital Intensive,17.15,Mixed,2612646.38,3187328.18,69.27,4.37,35.49,2.94,32.0,34795.0,16.0,47396.0,14633.0,,10.6,,,79.66,,,74.11,,OK,OK,OK,36.92
JSWSTEEL,Mar 2020,5.34,16.11,10.71,12.05,2.97,1.68,False,2.7,,False,60164.0,0.56,-6804.0,High Quality,26.71,Capital Intensive,-57.6,Mixed,2612646.38,3187328.18,69.27,4.37,35.49,2.94,17.0,36599.0,15.0,61423.0,12785.0,,6.72,,,17.88,,,19.42,,OK,OK,OK,24.81
JSWSTEEL,Mar 2021,9.86,25.27,16.84,18.49,5.31,1.33,False,5.22,,False,53811.0,0.54,11087.0,High Quality,9.65,Capital Intensive,54.95,Reinvestor,2612646.38,3187328.18,69.27,4.37,35.49,2.94,33.0,46764.0,25.0,62392.0,18789.0,,13.96,,,,,,,,OK,TURNAROUND,TURNAROUND,27.84
JSWSTEEL,Mar 2022,14.3,26.72,31.11,28.03,10.66,1.07,False,8.2,,False,67297.0,0.74,11522.0,High Quality,10.08,Capital Intensive,29.46,Reinvestor,2612646.38,3187328.18,69.27,4.37,35.49,2.94,85.0,67297.0,25.0,72237.0,26270.0,,21.36,,,43.28,,,41.47,,OK,OK,OK,39.88
JSWSTEEL,Mar 2023,2.49,11.13,6.3,12.6,1.97,1.23,False,2.9,,False,76047.0,0.79,12593.0,High Quality,6.47,Moderate,68.18,Reinvestor,2612646.38,3187328.18,69.27,4.37,35.49,2.94,17.0,65695.0,25.0,80853.0,23323.0,,18.2,,,-7.5,,,-8.15,,OK,OK,OK,23.01
JSWSTEEL,Mar 2024,5.13,16.09,11.55,17.0,3.94,1.13,False,3.66,,False,80738.0,0.77,-2389.0,High Quality,8.27,Capital Intensive,-8.48,Reinvestor,2612646.38,3187328.18,69.27,4.37,35.49,2.94,36.0,77669.0,25.0,87984.0,12078.0,,15.6,,,3.59,,,2.38,,OK,OK,OK,26.28
KOTAKBANK,Mar 2013,20.65,60.92,14.66,6.55,1.93,5.6,False,1.29,,True,44654.0,0.09,-6157.0,High Quality,83.36,Capital Intensive,-93.25,Mixed,430223.52,548886.13,32.9,1.15,15.52,1.51,15.0,15267.0,2.0,85561.0,2878.0,,,,,,,,,,INSUFFICIENT,INSUFFICIENT,INSUFFICIENT,18.15
KOTAKBANK,Mar 2014,21.08,58.84,13.24,6.72,2.07,4.5,False,1.33,,True,47146.0,0.1,7938.0,High Quality,9.43,Capital Intensive,112.55,Reinvestor,430223.52,548886.13,32.9,1.15,15.52,1.51,16.0,19084.0,2.0,85937.0,9068.0,,,,,,,,,,INSUFFICIENT,INSUFFICIENT,INSUFFICIENT,19.95
KOTAKBANK,Mar 2015,23.31,72.96,14.01,7.69,2.09,4.71,False,1.19,,True,58669.0,0.09,-2165.0,Moderate,33.54,Capital Intensive,-22.28,Mixed,430223.52,548886.13,32.9,1.15,15.52,1.51,20.0,22156.0,2.0,104258.0,2302.0,,,,,,,,,,INSUFFICIENT,INSUFFICIENT,INSUFFICIENT,20.24
KOTAKBANK,Mar 2016,17.27,56.57,10.56,5.42,1.46,5.39,False,1.51,,False,109405.0,0.08,2672.0,High Quality,11.53,Capital Intensive,23.15,Mixed,430223.52,548886.13,32.9,1.15,15.52,1.51,19.0,33364.0,3.0,179679.0,5025.0,,,,,,,,,,INSUFFICIENT,INSUFFICIENT,INSUFFICIENT,16.45
KOTAKBANK,Mar 2017,22.48,66.44,13.04,6.09,1.82,5.33,False,1.27,,True,136768.0,0.08,7933.0,High Quality,23.69,Capital Intensive,53.49,Mixed,430223.52,548886.13,32.9,1.15,15.52,1.51,27.0,38492.0,2.0,205230.0,13222.0,,,,,,,,,,INSUFFICIENT,INSUFFICIENT,INSUFFICIENT,18.48
KOTAKBANK,Mar 2018,24.9,66.87,12.4,5.6,1.85,4.95,False,1.23,,True,158863.0,0.07,-15867.0,Accrual Risk,21.79,Capital Intensive,-94.42,Growth Funded by Debt,430223.52,548886.13,32.9,1.15,15.52,1.51,33.0,50488.0,2.0,249840.0,-10392.0,,18.32,,,22.83,,,17.08,,OK,OK,OK,24.52
KOTAKBANK,Mar 2019,24.15,66.23,12.47,5.65,1.82,5.05,False,1.22,,True,188276.0,0.08,-1501.0,Accrual Risk,11.14,Capital Intensive,-7.6,Mixed,430223.52,548886.13,32.9,1.15,15.52,1.51,38.0,57781.0,2.0,291763.0,1822.0,,20.0,,,23.31,,,18.89,,OK,OK,OK,24.51
KOTAKBANK,Mar 2020,25.67,67.45,12.9,5.74,1.94,4.9,False,1.34,,True,215280.0,0.08,33551.0,High Quality,39.04,Capital Intensive,148.6,Reinvestor,430223.52,548886.13,32.9,1.15,15.52,1.51,45.0,66637.0,0.0,326477.0,46619.0,,20.24,,,22.58,,,17.61,,OK,OK,OK,25.22
KOTAKBANK,Mar 2021,30.44,90.83,11.85,7.25,2.09,3.88,False,1.26,,True,170164.0,0.07,-6291.0,Accrual Risk,34.04,Capital Intensive,-21.1,Reinvestor,430223.52,548886.13,32.9,1.15,15.52,1.51,50.0,84339.0,2.0,327110.0,4881.0,,9.97,,,23.17,,,21.35,,OK,OK,OK,26.36
KOTAKBANK,Mar 2022,35.83,90.98,12.51,6.64,2.21,3.78,False,1.23,,True,201218.0,0.06,-2595.0,Moderate,32.31,Capital Intensive,-8.45,Mixed,430223.52,548886.13,32.9,1.15,15.52,1.51,61.0,96665.0,2.0,365747.0,8308.0,,8.61,,,19.22,,,17.7,,OK,OK,OK,27.26
KOTAKBANK,Mar 2023,35.41,79.44,13.35,6.31,2.41,3.75,False,1.29,,True,223469.0,0.07,-11623.0,Accrual Risk,24.63,Capital Intensive,-34.71,Growth Funded by Debt,430223.52,548886.13,32.9,1.15,15.52,1.51,75.0,111814.0,2.0,418807.0,-1242.0,,10.9,,,18.99,,,17.84,,OK,OK,OK,27.86
KOTAKBANK,Mar 2024,32.39,83.67,14.01,7.23,2.37,4.0,False,1.24,,True,273928.0,0.07,6766.0,Moderate,15.86,Capital Intensive,14.38,Mixed,430223.52,548886.13,32.9,1.15,15.52,1.51,92.0,129972.0,2.0,520374.0,15685.0,,13.52,,,20.38,,,19.34,,OK,OK,OK,27.52
LICI,Mar 2019,0.46,1.04,324.32,2.19,0.08,332.59,False,,Debt Free,False,-2630886.0,0.17,22910.0,High Quality,1.69,Asset Light,386.99,Liquidating Assets,183583.67,205478.22,30.67,8.1,12.21,3.77,,810.0,2.0,269401.0,13274.0,,,,,,,,,,INSUFFICIENT,INSUFFICIENT,INSUFFICIENT,113.77
LICI,Mar 2020,0.43,-1.11,270.46,-2.73,0.08,252.91,False,,Debt Free,False,-2722686.0,0.18,13952.0,High Quality,6.44,Moderate,-200.83,Reinvestor,183583.67,205478.22,30.67,8.1,12.21,3.77,,1002.0,2.0,253414.0,54367.0,,,,,,,,,,INSUFFICIENT,INSUFFICIENT,INSUFFICIENT,94.93
LICI,Mar 2021,0.43,-0.04,43.2,-3.66,0.08,0.0,False,,Debt Free,False,-3517441.0,0.18,229049.0,High Quality,21.49,Capital Intensive,-90892.46,Liquidating Assets,183583.67,205478.22,30.67,8.1,12.21,3.77,7.0,6884.0,0.0,4.0,80602.0,,,,,,,,,,INSUFFICIENT,INSUFFICIENT,INSUFFICIENT,35.39
LICI,Mar 2022,0.57,0.46,36.38,29.33,0.1,0.0,False,,Debt Free,False,-3926211.0,0.17,8748.0,Accrual Risk,1.73,Asset Light,263.02,Distress Signal,183583.67,205478.22,30.67,8.1,12.21,3.77,57.0,11338.0,23.0,1.0,-3783.0,,,,,,,,,,INSUFFICIENT,INSUFFICIENT,INSUFFICIENT,33.02
LICI,Mar 2023,4.59,4.36,77.86,73.99,0.79,0.0,False,545.55,,False,-4243008.0,0.17,1671.0,High Quality,6.74,Moderate,4.88,Reinvestor,183583.67,205478.22,30.67,8.1,12.21,3.77,65.0,46233.0,5.0,0.0,54519.0,,,,,,,,,,INSUFFICIENT,INSUFFICIENT,INSUFFICIENT,48.34
LICI,Mar 2024,4.84,3.87,49.45,39.61,0.77,0.0,False,371.94,,False,-4976133.0,0.16,853.0,Moderate,2.99,Asset Light,2.6,Reinvestor,183583.67,205478.22,30.67,8.1,12.21,3.77,66.0,82747.0,15.0,0.0,26122.0,,8.16,,,73.18,,,,,OK,OK,OK,46.98
LODHA,Mar 2011,12.15,23.47,35.48,8.04,2.79,7.52,True,2.31,,False,5220.0,0.23,,Accrual Risk,,Capital Intensive,,Pre-Revenue,1209919.99,1301112.44,51.95,7.65,34.33,4.05,6.0,744.0,0.0,5596.0,,,,,,,,,,,INSUFFICIENT,INSUFFICIENT,INSUFFICIENT,20.04
LODHA,Mar 2012,12.9,24.51,33.84,13.44,4.11,3.78,False,3.34,,False,4078.0,0.32,,Accrual Risk,,Capital Intensive,,Pre-Revenue,1209919.99,1301112.44,51.95,7.65,34.33,4.05,9.0,1126.0,0.0,4259.0,,,,,,,,,,,INSUFFICIENT,INSUFFICIENT,INSUFFICIENT,27.18
LODHA,Mar 2015,12.8,23.52,24.23,9.69,2.85,3.6,False,3.84,,False,11257.0,0.22,,Accrual Risk,,Capital Intensive,,Pre-Revenue,1209919.99,1301112.44,51.95,7.65,34.33,4.05,18.0,3294.0,0.0,11852.0,,,,,,,,,,,INSUFFICIENT,INSUFFICIENT,INSUFFICIENT,24.06
LODHA,Mar 2016,8.52,25.77,17.69,11.94,2.27,3.48,False,2.67,,False,13224.0,0.27,-467.0,Moderate,10.35,Capital Intensive,-21.97,Mixed,1209919.99,1301112.44,51.95,7.65,34.33,4.05,16.0,3973.0,0.0,13835.0,387.0,,30.58,,,21.64,,,21.67,,OK,OK,OK,27.96
LODHA,Mar 2017,7.37,20.36,14.48,7.98,1.72,4.01,False,2.99,,False,15003.0,0.23,295.0,High Quality,14.81,Capital Intensive,18.28,Reinvestor,1209919.99,1301112.44,51.95,7.65,34.33,4.05,13.0,4033.0,0.0,16183.0,1469.0,,21.82,,,8.92,,,7.63,,OK,OK,OK,22.92
LODHA,Mar 2018,8.21,17.38,15.41,6.06,1.97,4.39,False,5.04,,False,21232.0,0.24,45.0,Moderate,6.73,Moderate,2.68,Mixed,1209919.99,1301112.44,51.95,7.65,34.33,4.05,10.0,5152.0,0.0,22616.0,696.0,,,,,,,,,,INSUFFICIENT,INSUFFICIENT,INSUFFICIENT,18.5
LODHA,Mar 2019,13.81,26.7,42.8,10.78,3.3,6.68,True,5.72,,False,24236.0,0.24,-638.0,Accrual Risk,1.47,Asset Light,-20.07,Growth Funded by Debt,1209919.99,1301112.44,51.95,7.65,34.33,4.05,21.0,3841.0,0.0,25641.0,-463.0,,,,,,,,,,INSUFFICIENT,INSUFFICIENT,INSUFFICIENT,24.62
LODHA,Mar 2020,5.96,15.41,16.3,8.34,1.82,4.05,False,2.75,,False,16870.0,0.31,3954.0,High Quality,1.46,Asset Light,206.26,Liquidating Assets,1209919.99,1301112.44,51.95,7.65,34.33,4.05,9.0,4552.0,0.0,18423.0,3772.0,,14.82,,,-1.44,,,-12.94,,OK,OK,OK,21.19
LODHA,Mar 2021,0.88,25.38,1.04,6.07,0.12,3.96,False,1.09,,True,16614.0,0.14,2944.0,High Quality,7.71,Moderate,212.87,Liquidating Assets,1209919.99,1301112.44,51.95,7.65,34.33,4.05,1.0,4599.0,0.0,18193.0,2524.0,,-7.96,,,-41.54,,,-42.57,,OK,OK,OK,7.41
LODHA,Mar 2022,13.08,23.68,9.98,9.25,3.15,0.95,False,3.6,,False,10963.0,0.24,3137.0,High Quality,12.34,Capital Intensive,143.5,Liquidating Assets,1209919.99,1301112.44,51.95,7.65,34.33,4.05,12.0,12106.0,20.0,11537.0,1998.0,,3.1,,,15.65,,,-1.59,,OK,OK,OK,26.48
LODHA,Mar 2023,5.17,21.8,3.87,9.5,1.25,0.72,False,2.13,,False,8814.0,0.24,4539.0,High Quality,18.89,Capital Intensive,219.91,Liquidating Assets,1209919.99,1301112.44,51.95,7.65,34.33,4.05,5.0,12663.0,14.0,9060.0,2750.0,,-0.43,,,-9.2,,,-12.94,,OK,OK,OK,20.2
LODHA,Mar 2024,15.06,25.83,8.9,10.59,3.29,0.44,False,5.63,,False,5198.0,0.22,-435.0,High Quality,28.57,Capital Intensive,-16.32,Mixed,1209919.99,1301112.44,51.95,7.65,34.33,4.05,16.0,17469.0,,7698.0,2512.0,,-2.83,,,-1.12,,,-5.29,,OK,OK,OK,24.93
LT,Mar 2013,7.11,15.31,395.15,724.35,227.28,0.17,False,3.0,,False,185.0,31.97,-11277.0,Accrual Risk,9.3,Capital Intensive,-98.97,Growth Funded by Debt,1124597.5,1097873.76,30.8,2.48,16.63,1.26,38.0,1339.0,22.0,234.0,-4355.0,,,,,,,,,,INSUFFICIENT,INSUFFICIENT,INSUFFICIENT,191.35
LT,Mar 2014,5.74,16.56,303.42,818.95,183.23,0.07,False,2.37,,False,-59.0,31.9,-12653.0,Accrual Risk,6.48,Moderate,-89.83,Growth Funded by Debt,1124597.5,1097873.76,30.8,2.48,16.63,1.26,35.0,1610.0,27.0,110.0,-7143.0,,,,,,,,,,INSUFFICIENT,INSUFFICIENT,INSUFFICIENT,159.11
LT,Mar 2015,5.4,17.06,245.11,698.93,166.76,0.11,False,2.35,,False,114.0,30.87,-6143.0,Accrual Risk,5.2,Moderate,-39.17,Growth Funded by Debt,1124597.5,1097873.76,30.8,2.48,16.63,1.26,34.0,2026.0,32.0,218.0,-1365.0,,,,,,,,,,INSUFFICIENT,INSUFFICIENT,INSUFFICIENT,137.52
LT,Mar 2016,4.54,15.31,216.09,710.37,146.38,0.03,False,2.42,,False,12.0,32.24,-7867.0,Accrual Risk,4.58,Moderate,-50.8,Growth Funded by Debt,1124597.5,1097873.76,30.8,2.48,16.63,1.26,31.0,2125.0,40.0,55.0,-3240.0,,,,,,,,,,INSUFFICIENT,INSUFFICIENT,INSUFFICIENT,128.72
LT,Mar 2017,5.93,15.2,206.3,528.63,146.84,0.0,False,2.65,,False,-941.0,24.75,-3141.0,High Quality,8.96,Capital Intensive,-18.9,Mixed,1124597.5,1097873.76,30.8,2.48,16.63,1.26,43.0,3144.0,22.0,0.0,6655.0,,,,,,,,,,INSUFFICIENT,INSUFFICIENT,INSUFFICIENT,118.14
LT,Mar 2018,6.69,16.8,207.36,521.01,149.97,0.0,False,2.8,,False,-1264.0,22.43,-6117.0,Accrual Risk,3.27,Moderate,-30.42,Distress Signal,1124597.5,1097873.76,30.8,2.48,16.63,1.26,53.0,3860.0,30.0,0.0,-10031.0,,9.97,,,8.63,,,6.88,,OK,OK,OK,118.7
LT,Mar 2019,7.56,16.91,208.81,467.32,153.32,0.0,False,2.74,,False,-1740.0,20.29,-15779.0,Accrual Risk,8.15,Capital Intensive,-69.01,Growth Funded by Debt,1124597.5,1097873.76,30.8,2.48,16.63,1.26,63.0,4893.0,28.0,0.0,-4756.0,,9.72,,,15.9,,,12.47,,OK,OK,OK,117.93
LT,Mar 2020,7.49,16.88,201.59,388.74,123.58,0.17,False,2.5,,False,-1307.0,16.5,-1714.0,Moderate,5.78,Moderate,-6.98,Mixed,1124597.5,1097873.76,30.8,2.48,16.63,1.26,68.0,5404.0,26.0,912.0,6694.0,,9.61,,,17.01,,,14.87,,OK,OK,OK,111.36
LT,Mar 2021,9.5,17.25,176.9,289.56,120.69,0.11,False,2.69,,False,-2932.0,12.7,17324.0,High Quality,4.23,Moderate,73.84,Reinvestor,1124597.5,1097873.76,30.8,2.48,16.63,1.26,82.0,7304.0,44.0,798.0,23074.0,,6.1,,,22.99,,,21.48,,OK,OK,OK,99.51
LT,Mar 2022,6.66,15.53,72.92,167.15,50.65,0.02,False,2.89,,False,-5790.0,7.61,15579.0,High Quality,2.29,Asset Light,64.07,Reinvestor,1124597.5,1097873.76,30.8,2.48,16.63,1.26,62.0,14288.0,36.0,258.0,19164.0,,7.44,,,9.94,,,7.59,,OK,OK,OK,56.53
LT,Mar 2023,6.83,14.82,75.52,149.82,53.37,0.09,False,3.18,,False,-3917.0,7.81,14729.0,High Quality,4.39,Moderate,54.22,Reinvestor,1124597.5,1097873.76,30.8,2.48,16.63,1.26,75.0,16592.0,32.0,1541.0,22777.0,,8.9,,,9.38,,,7.19,,OK,OK,OK,57.7
LT,Mar 2024,7.03,13.51,77.67,135.2,56.44,0.1,False,3.54,,False,-6673.0,8.03,20445.0,High Quality,0.99,Asset Light,68.46,Liquidating Assets,1124597.5,1097873.76,30.8,2.48,16.63,1.26,95.0,20018.0,36.0,2071.0,18266.0,,10.34,,,8.76,,,8.56,,OK,OK,OK,58.85
LTIM,Mar 2013,14.59,22.59,41.97,55.31,24.14,0.17,False,42.48,,False,185.0,1.65,384.0,High Quality,5.82,Moderate,44.14,Reinvestor,1347046.9,1647384.23,64.52,2.38,18.9,4.43,174.0,1339.0,54.0,234.0,608.0,,,,,,,,,,INSUFFICIENT,INSUFFICIENT,INSUFFICIENT,38.92
LTIM,Mar 2014,20.24,23.31,61.86,66.69,37.36,0.07,False,44.0,,False,-59.0,1.85,808.0,Moderate,3.66,Moderate,70.44,Liquidating Assets,1347046.9,1647384.23,64.52,2.38,18.9,4.43,309.0,1610.0,55.0,110.0,628.0,,,,,,,,,,INSUFFICIENT,INSUFFICIENT,INSUFFICIENT,47.41
LTIM,Mar 2015,15.45,20.19,37.96,44.79,25.82,0.11,False,110.4,,False,114.0,1.67,539.0,Moderate,2.07,Asset Light,53.63,Reinvestor,1347046.9,1647384.23,64.52,2.38,18.9,4.43,238.0,2026.0,63.0,218.0,642.0,,,,,,,,,,INSUFFICIENT,INSUFFICIENT,INSUFFICIENT,37.83
LTIM,Mar 2016,14.3,17.58,39.34,47.16,26.65,0.03,False,202.5,,False,12.0,1.86,818.0,High Quality,0.68,Asset Light,79.57,Reinvestor,1347046.9,1647384.23,64.52,2.38,18.9,4.43,49.0,2125.0,72.0,55.0,858.0,,,,,,,,,,INSUFFICIENT,INSUFFICIENT,INSUFFICIENT,38.43
LTIM,Mar 2017,14.94,18.92,30.88,39.12,21.98,0.0,False,472.33,,False,-941.0,1.47,209.0,High Quality,14.78,Capital Intensive,16.99,Reinvestor,1347046.9,1647384.23,64.52,2.38,18.9,4.43,57.0,3144.0,29.0,0.0,1170.0,,,,,,,,,,INSUFFICIENT,INSUFFICIENT,INSUFFICIENT,35.27
LTIM,Mar 2018,15.22,16.25,28.81,30.75,20.84,0.0,False,100.81,,False,-1264.0,1.37,392.0,Moderate,6.19,Moderate,33.02,Reinvestor,1347046.9,1647384.23,64.52,2.38,18.9,4.43,65.0,3860.0,33.0,0.0,844.0,,13.66,,,14.62,,,-17.88,,OK,OK,OK,38.01
LTIM,Mar 2019,16.05,19.93,30.98,38.48,22.75,0.0,False,198.64,,False,-1740.0,1.42,646.0,Moderate,7.93,Moderate,34.31,Reinvestor,1347046.9,1647384.23,64.52,2.38,18.9,4.43,87.0,4893.0,32.0,0.0,1395.0,,13.93,,,8.76,,,-22.39,,OK,OK,OK,38.44
LTIM,Mar 2020,13.97,18.65,28.13,32.12,17.24,0.17,False,28.41,,False,-1307.0,1.23,1001.0,High Quality,5.91,Moderate,49.33,Reinvestor,1347046.9,1647384.23,64.52,2.38,18.9,4.43,87.0,5404.0,32.0,912.0,1644.0,,16.92,,,14.6,,,-18.23,,OK,OK,OK,37.53
LTIM,Mar 2021,15.67,22.03,26.53,33.63,18.1,0.11,False,37.96,,False,-2932.0,1.16,743.0,High Quality,13.4,Capital Intensive,27.27,Reinvestor,1347046.9,1647384.23,64.52,2.38,18.9,4.43,111.0,7304.0,36.0,798.0,2400.0,,16.17,,,18.31,,,17.77,,OK,OK,OK,37.62
LTIM,Mar 2022,15.13,20.1,27.65,36.09,19.2,0.02,False,48.9,,False,-5790.0,1.27,1608.0,Moderate,6.29,Moderate,30.63,Reinvestor,1347046.9,1647384.23,64.52,2.38,18.9,4.43,225.0,14288.0,41.0,258.0,3251.0,,32.06,,,32.4,,,31.6,,OK,OK,OK,41.98
LTIM,Mar 2023,13.29,18.41,26.58,33.68,18.78,0.09,False,44.43,,False,-3917.0,1.41,2824.0,Moderate,0.82,Asset Light,46.23,Reinvestor,1347046.9,1647384.23,64.52,2.38,18.9,4.43,149.0,16592.0,40.0,1541.0,3095.0,,35.35,,,31.72,,,18.05,,OK,OK,OK,41.67
LTIM,Mar 2024,12.91,17.98,22.9,28.91,16.65,0.1,False,31.93,,False,-6673.0,1.29,1752.0,High Quality,11.03,Capital Intensive,27.43,Reinvestor,1347046.9,1647384.23,64.52,2.38,18.9,4.43,155.0,20018.0,42.0,2071.0,5670.0,,30.33,,,24.78,,,12.24,,OK,OK,OK,38.71
M&M,Mar 2013,6.01,13.27,20.69,18.73,5.42,1.44,False,4.33,,False,22271.0,0.9,-3825.0,Accrual Risk,4.23,Moderate,-41.96,Growth Funded by Debt,4173085.48,3837414.39,14.22,0.81,29.08,2.37,33.0,19961.0,19.0,28711.0,-922.0,,,,,,,,,,INSUFFICIENT,INSUFFICIENT,INSUFFICIENT,26.46
M&M,Mar 2014,6.96,13.74,22.11,17.39,5.86,1.51,False,3.7,,False,27085.0,0.84,-4768.0,Accrual Risk,6.11,Moderate,-46.88,Growth Funded by Debt,4173085.48,3837414.39,14.22,0.81,29.08,2.37,38.0,23307.0,18.0,35167.0,-244.0,,,,,,,,,,INSUFFICIENT,INSUFFICIENT,INSUFFICIENT,26.95
M&M,Mar 2015,4.73,12.31,13.08,13.79,3.58,1.47,False,3.04,,False,27884.0,0.76,-3302.0,Accrual Risk,6.1,Moderate,-37.55,Mixed,4173085.48,3837414.39,14.22,0.81,29.08,2.37,25.0,25857.0,23.0,37911.0,1055.0,,,,,,,,,,INSUFFICIENT,INSUFFICIENT,INSUFFICIENT,23.34
M&M,Mar 2016,4.69,13.29,13.42,14.82,3.56,1.57,False,3.41,,False,29950.0,0.76,-3121.0,Moderate,7.26,Moderate,-30.96,Mixed,4173085.48,3837414.39,14.22,0.81,29.08,2.37,25.0,26492.0,21.0,41553.0,2385.0,,,,,,,,,,INSUFFICIENT,INSUFFICIENT,INSUFFICIENT,23.25
M&M,Mar 2017,4.84,12.81,13.6,13.67,3.56,1.64,False,3.51,,False,34100.0,0.74,-5692.0,Accrual Risk,7.01,Moderate,-53.02,Mixed,4173085.48,3837414.39,14.22,0.81,29.08,2.37,30.0,29778.0,22.0,48762.0,183.0,,,,,,,,,,INSUFFICIENT,INSUFFICIENT,INSUFFICIENT,23.19
M&M,Mar 2018,8.64,14.36,21.64,14.27,5.84,1.52,False,4.41,,False,39880.0,0.68,-4785.0,Accrual Risk,5.94,Moderate,-36.18,Mixed,4173085.48,3837414.39,14.22,0.81,29.08,2.37,60.0,36775.0,11.0,55898.0,682.0,,6.04,,,14.02,,,12.7,,OK,OK,OK,29.25
M&M,Mar 2019,5.75,14.52,15.05,13.72,3.72,1.77,False,3.56,,False,52580.0,0.65,-11521.0,Accrual Risk,6.85,Moderate,-75.76,Growth Funded by Debt,4173085.48,3837414.39,14.22,0.81,29.08,2.37,43.0,39983.0,17.0,70848.0,-4347.0,,7.19,,,3.14,,,2.5,,OK,OK,OK,24.92
M&M,Mar 2020,-0.43,13.48,-0.8,8.32,-0.19,2.05,False,1.83,,False,62882.0,0.45,-8327.0,High Quality,9.11,Capital Intensive,-81.97,Growth Funded by Debt,4173085.48,3837414.39,14.22,0.81,29.08,2.37,1.0,39969.0,205.0,82092.0,-1457.0,,1.08,,,,,,-47.47,,OK,DECLINE_TO_LOSS,OK,16.15
M&M,Mar 2021,2.04,15.46,3.64,9.4,0.92,1.94,False,2.07,,False,51847.0,0.45,-1777.0,High Quality,26.5,Capital Intensive,-15.47,Mixed,4173085.48,3837414.39,14.22,0.81,29.08,2.37,15.0,41582.0,54.0,80625.0,17909.0,,-0.42,,,-15.71,,,-9.71,,OK,OK,OK,16.62
M&M,Mar 2022,8.04,16.28,15.39,11.77,4.21,1.65,False,3.56,,False,47545.0,0.52,5996.0,High Quality,3.61,Moderate,40.84,Reinvestor,4173085.48,3837414.39,14.22,0.81,29.08,2.37,53.0,47123.0,20.0,77605.0,9248.0,,1.48,,,12.35,,,12.05,,OK,OK,OK,25.67
M&M,Mar 2023,9.38,16.73,20.18,13.65,5.57,1.64,False,4.16,,False,56975.0,0.59,-15940.0,Accrual Risk,7.31,Moderate,-78.58,Growth Funded by Debt,4173085.48,3837414.39,14.22,0.81,29.08,2.37,83.0,56366.0,18.0,92247.0,-7074.0,,5.66,,,7.4,,,6.71,,OK,OK,OK,27.84
M&M,Mar 2024,8.82,17.9,18.54,14.24,5.23,1.64,False,3.76,,False,73439.0,0.59,-11245.0,Accrual Risk,4.04,Moderate,-45.18,Growth Funded by Debt,4173085.48,3837414.39,14.22,0.81,29.08,2.37,91.0,66190.0,21.0,108647.0,-5630.0,,5.84,,,15.32,,,16.18,,OK,OK,OK,27.97
MARUTI,Mar 2013,5.58,9.84,12.98,21.17,8.98,0.08,False,26.05,,False,-5852.0,1.61,940.0,High Quality,7.04,Moderate,21.55,Reinvestor,1503863.63,1891991.87,20.78,8.26,29.97,1.78,82.0,19028.0,10.0,1569.0,4059.0,,,,,,,,,,INSUFFICIENT,INSUFFICIENT,INSUFFICIENT,27.11
MARUTI,Mar 2014,6.41,11.92,13.28,22.6,9.07,0.09,False,32.79,,False,-8523.0,1.42,-2.0,High Quality,11.22,Capital Intensive,-0.04,Reinvestor,1503863.63,1891991.87,20.78,8.26,29.97,1.78,94.0,21496.0,13.0,2004.0,4995.0,,,,,,,,,,INSUFFICIENT,INSUFFICIENT,INSUFFICIENT,27.17
MARUTI,Mar 2015,7.5,13.57,15.66,27.59,11.05,0.03,False,35.36,,False,-12632.0,1.47,1958.0,High Quality,8.84,Capital Intensive,28.41,Reinvestor,1503863.63,1891991.87,20.78,8.26,29.97,1.78,126.0,24318.0,20.0,666.0,6449.0,,,,,,,,,,INSUFFICIENT,INSUFFICIENT,INSUFFICIENT,28.39
MARUTI,Mar 2016,9.55,15.67,17.95,29.25,12.87,0.01,False,127.9,,False,-20445.0,1.35,1252.0,High Quality,12.55,Capital Intensive,13.87,Reinvestor,1503863.63,1891991.87,20.78,8.26,29.97,1.78,182.0,30616.0,19.0,231.0,8482.0,,,,,,,,,,INSUFFICIENT,INSUFFICIENT,INSUFFICIENT,29.52
MARUTI,Mar 2017,11.03,15.31,20.26,27.75,14.46,0.01,False,144.04,,False,-28667.0,1.31,1109.0,High Quality,13.47,Capital Intensive,10.64,Reinvestor,1503863.63,1891991.87,20.78,8.26,29.97,1.78,249.0,37075.0,30.0,484.0,10282.0,,,,,,,,,,INSUFFICIENT,INSUFFICIENT,INSUFFICIENT,30.59
MARUTI,Mar 2018,9.87,15.18,18.52,28.39,13.08,0.0,False,41.25,,False,-36002.0,1.32,3486.0,High Quality,10.4,Capital Intensive,28.77,Reinvestor,1503863.63,1891991.87,20.78,8.26,29.97,1.78,261.0,42559.0,31.0,121.0,11788.0,,12.49,,,26.12,,,26.06,,OK,OK,OK,34.26
MARUTI,Mar 2019,8.89,12.85,16.25,23.4,11.96,0.0,False,180.53,,False,-37344.0,1.35,3061.0,Moderate,4.11,Moderate,27.69,Reinvestor,1503863.63,1891991.87,20.78,8.26,29.97,1.78,253.0,47092.0,32.0,160.0,6601.0,,14.08,,,21.8,,,21.9,,OK,OK,OK,33.11
MARUTI,Mar 2020,7.5,9.72,11.49,14.83,8.92,0.0,False,80.34,,False,-37304.0,1.19,2939.0,Moderate,0.74,Asset Light,39.96,Reinvestor,1503863.63,1891991.87,20.78,8.26,29.97,1.78,188.0,49413.0,32.0,184.0,3496.0,,8.29,,,8.31,,,8.33,,OK,OK,OK,28.79
MARUTI,Mar 2021,6.24,7.69,8.36,10.2,6.15,0.01,False,82.91,,False,-42404.0,0.99,1565.0,High Quality,10.36,Capital Intensive,28.92,Reinvestor,1503863.63,1891991.87,20.78,8.26,29.97,1.78,145.0,52501.0,31.0,541.0,8856.0,,4.09,,,-4.4,,,-4.44,,OK,OK,OK,25.32
MARUTI,Mar 2022,4.39,6.51,7.01,10.32,5.2,0.01,False,59.94,,False,-41609.0,1.18,1601.0,Accrual Risk,0.27,Asset Light,27.83,Reinvestor,1503863.63,1891991.87,20.78,8.26,29.97,1.78,128.0,55333.0,47.0,426.0,1840.0,,5.34,,,-12.38,,,-12.46,,OK,OK,OK,24.05
MARUTI,Mar 2023,6.98,11.08,11.08,17.3,8.26,0.02,False,61.65,,False,-47936.0,1.18,1995.0,High Quality,7.45,Moderate,15.2,Reinvestor,1503863.63,1891991.87,20.78,8.26,29.97,1.78,274.0,74600.0,34.0,1248.0,10815.0,,8.21,,,0.95,,,0.98,,OK,OK,OK,27.74
MARUTI,Mar 2024,9.51,13.13,15.75,21.72,11.7,0.0,False,117.91,,False,-57177.0,1.23,4936.0,High Quality,8.36,Capital Intensive,26.5,Reinvestor,1503863.63,1891991.87,20.78,8.26,29.97,1.78,429.0,85636.0,29.0,119.0,16801.0,,10.51,,,12.01,,,11.14,,OK,OK,OK,31.42
MOTHERSON,Mar 2013,1.79,5.85,19.75,20.58,3.55,2.14,False,7.19,,False,4832.0,1.99,397.0,High Quality,4.3,Moderate,26.82,Reinvestor,146151.16,161406.34,9.54,2.38,33.39,2.18,1.0,2289.0,26.0,4904.0,1486.0,,,,,,,,,,INSUFFICIENT,INSUFFICIENT,INSUFFICIENT,24.98
MOTHERSON,Mar 2014,3.61,7.88,37.07,30.73,7.2,1.64,False,9.21,,False,4765.0,2.0,1323.0,High Quality,4.51,Moderate,55.19,Reinvestor,146151.16,161406.34,9.54,2.38,33.39,2.18,2.0,2959.0,29.0,4840.0,2695.0,,,,,,,,,,INSUFFICIENT,INSUFFICIENT,INSUFFICIENT,32.42
MOTHERSON,Mar 2015,3.73,8.21,38.87,33.64,7.41,1.54,False,9.61,,False,5066.0,1.99,546.0,High Quality,8.21,Capital Intensive,19.2,Mixed,146151.16,161406.34,9.54,2.38,33.39,2.18,2.0,3324.0,31.0,5131.0,3390.0,,,,,,,,,,INSUFFICIENT,INSUFFICIENT,INSUFFICIENT,33.26
MOTHERSON,Mar 2016,4.77,9.53,40.35,33.9,9.02,1.38,False,10.8,,False,5479.0,1.89,282.0,High Quality,5.12,Moderate,7.95,Reinvestor,146151.16,161406.34,9.54,2.38,33.39,2.18,3.0,4397.0,26.0,6069.0,2188.0,,,,,,,,,,INSUFFICIENT,INSUFFICIENT,INSUFFICIENT,34.21
MOTHERSON,Mar 2017,5.13,9.84,26.26,22.4,6.8,1.25,False,12.05,,False,9875.0,1.33,-2345.0,High Quality,14.5,Capital Intensive,-56.22,Mixed,146151.16,161406.34,9.54,2.38,33.39,2.18,3.0,8272.0,18.0,10349.0,3800.0,,,,,,,,,,INSUFFICIENT,INSUFFICIENT,INSUFFICIENT,29.05
MOTHERSON,Mar 2018,4.01,9.11,22.87,25.31,6.11,1.05,False,12.78,,False,9582.0,1.52,70.0,High Quality,5.67,Moderate,1.37,Reinvestor,146151.16,161406.34,9.54,2.38,33.39,2.18,3.0,9884.0,30.0,10374.0,3264.0,,17.35,,,37.97,,,24.57,,OK,OK,OK,34.63
MOTHERSON,Mar 2019,3.3,8.42,19.14,23.77,4.91,1.05,False,13.43,,False,10679.0,1.49,994.0,High Quality,5.22,Moderate,18.59,Reinvestor,146151.16,161406.34,9.54,2.38,33.39,2.18,3.0,10963.0,29.0,11534.0,4312.0,,15.87,,,13.85,,,8.45,,OK,OK,OK,30.51
MOTHERSON,Mar 2020,2.13,7.66,11.49,19.08,2.87,1.17,False,8.93,,False,12340.0,1.35,4132.0,High Quality,3.66,Moderate,88.78,Reinvestor,146151.16,161406.34,9.54,2.38,33.39,2.18,2.0,11261.0,40.0,13136.0,6352.0,,11.87,,,0.03,,,0.0,,OK,OK,OK,25.24
MOTHERSON,Mar 2021,2.73,7.62,12.49,17.84,3.29,0.95,False,9.64,,False,11084.0,1.2,3165.0,High Quality,3.29,Moderate,72.43,Reinvestor,146151.16,161406.34,9.54,2.38,33.39,2.18,2.0,12561.0,46.0,11930.0,5051.0,,9.04,,,-2.43,,,-7.79,,OK,OK,OK,25.33
MOTHERSON,Mar 2022,1.85,7.39,5.74,13.58,2.12,0.69,False,9.74,,False,7668.0,1.14,159.0,High Quality,3.61,Moderate,3.37,Reinvestor,146151.16,161406.34,9.54,2.38,33.39,2.18,1.0,20588.0,34.0,14130.0,2463.0,,8.52,,,-11.46,,,-19.73,,OK,OK,OK,22.27
MOTHERSON,Mar 2023,2.12,7.93,7.44,17.25,2.72,0.61,False,8.09,,False,7502.0,1.28,2395.0,High Quality,2.85,Asset Light,38.31,Reinvestor,146151.16,161406.34,9.54,2.38,33.39,2.18,2.0,22452.0,29.0,13792.0,4643.0,,6.95,,,-5.87,,,-7.79,,OK,OK,OK,23.54
MOTHERSON,Mar 2024,3.06,9.45,11.55,20.23,3.59,0.76,False,5.22,,False,13401.0,1.17,925.0,High Quality,6.73,Moderate,9.92,Mixed,146151.16,161406.34,9.54,2.38,33.39,2.18,4.0,26155.0,20.0,19922.0,7569.0,,9.21,,,7.56,,,5.92,,OK,OK,OK,26.44
NAUKRI,Mar 2013,16.1,25.64,12.5,19.87,9.21,0.0,False,48.33,,False,-260.0,0.57,29.0,Moderate,9.75,Capital Intensive,23.97,Reinvestor,563824.44,544283.76,32.88,8.33,11.87,4.29,8.0,608.0,12.0,1.0,75.0,,,,,,,,,,INSUFFICIENT,INSUFFICIENT,INSUFFICIENT,28.16
NAUKRI,Mar 2014,10.58,17.11,8.93,14.41,5.66,0.0,False,48.33,,False,-537.0,0.53,-123.0,High Quality,35.98,Capital Intensive,-126.8,Mixed,563824.44,544283.76,32.88,8.33,11.87,4.29,8.0,672.0,30.0,1.0,81.0,,,,,,,,,,INSUFFICIENT,INSUFFICIENT,INSUFFICIENT,25.77
NAUKRI,Mar 2015,-1.91,2.87,-0.99,1.48,-0.63,0.0,False,27.5,,False,-1174.0,0.33,-1000.0,Accrual Risk,143.58,Capital Intensive,-4761.9,Mixed,563824.44,544283.76,32.88,8.33,11.87,4.29,2.0,1415.0,150.0,1.0,51.0,,,,,,,,,,INSUFFICIENT,INSUFFICIENT,INSUFFICIENT,19.6
NAUKRI,Mar 2016,15.78,12.17,7.65,5.89,6.13,0.0,False,67.33,,False,-567.0,0.39,76.0,Moderate,0.27,Asset Light,83.52,Reinvestor,563824.44,544283.76,32.88,8.33,11.87,4.29,11.0,1543.0,27.0,1.0,78.0,,,,,,,,,,INSUFFICIENT,INSUFFICIENT,INSUFFICIENT,26.22
NAUKRI,Mar 2017,-4.84,-1.01,-2.7,-0.56,-2.09,0.0,False,10.25,,False,-550.0,0.43,48.0,Accrual Risk,18.58,Capital Intensive,-533.33,Reinvestor,563824.44,544283.76,32.88,8.33,11.87,4.29,-2.0,1592.0,-230.0,1.0,213.0,,,,,,,,,,INSUFFICIENT,INSUFFICIENT,INSUFFICIENT,18.52
NAUKRI,Mar 2018,50.71,22.17,24.5,10.7,19.3,0.0,False,124.0,,False,-1564.0,0.38,104.0,Moderate,15.08,Capital Intensive,47.49,Reinvestor,563824.44,544283.76,32.88,8.33,11.87,4.29,42.0,2045.0,13.0,1.0,253.0,,15.92,,,45.82,,,39.33,,OK,OK,OK,46.07
NAUKRI,Mar 2019,51.43,0.78,23.28,0.35,18.56,0.0,False,106.57,,False,-1203.0,0.36,217.0,Accrual Risk,5.13,Moderate,2411.11,Reinvestor,563824.44,544283.76,32.88,8.33,11.87,4.29,49.0,2543.0,12.0,1.0,276.0,,15.21,,,58.06,,,43.69,,OK,OK,OK,46.88
NAUKRI,Mar 2020,-18.75,-26.68,-11.21,-15.4,-8.5,0.04,False,-4.57,,True,-1056.0,0.45,447.0,Accrual Risk,7.39,Moderate,-127.71,Liquidating Assets,563824.44,544283.76,32.88,8.33,11.87,4.29,-19.0,2195.0,-31.0,77.0,350.0,,12.38,,,,,,,,OK,BOTH_NEGATIVE,DECLINE_TO_LOSS,14.55
NAUKRI,Mar 2021,125.71,6.56,26.28,1.36,22.54,0.01,False,150.73,,False,-2259.0,0.18,-1767.0,Accrual Risk,181.12,Capital Intensive,-2387.84,Mixed,563824.44,544283.76,32.88,8.33,11.87,4.29,110.0,5396.0,7.0,65.0,276.0,,8.56,,,64.42,,,58.49,,OK,OK,OK,62.23
NAUKRI,Mar 2022,810.7,28.07,74.71,2.58,62.89,0.0,False,1296.0,,False,-15550.0,0.08,-470.0,Accrual Risk,74.07,Capital Intensive,-105.38,Mixed,563824.44,544283.76,32.88,8.33,11.87,4.29,991.0,17242.0,1.0,64.0,707.0,,12.34,,,,,,,,OK,TURNAROUND,TURNAROUND,210.22
NAUKRI,Mar 2023,-2.98,14.83,-0.52,2.58,-0.42,0.01,False,12.89,,False,-12295.0,0.14,154.0,Accrual Risk,15.26,Capital Intensive,44.25,Mixed,563824.44,544283.76,32.88,8.33,11.87,4.29,-8.0,13398.0,-228.0,108.0,512.0,,18.88,,,,,,,,OK,DECLINE_TO_LOSS,DECLINE_TO_LOSS,22.17
NAUKRI,Mar 2024,23.46,28.04,1.97,2.33,1.65,0.01,False,28.97,,False,-30957.0,0.07,-150.0,High Quality,33.6,Capital Intensive,-21.1,Mixed,563824.44,544283.76,32.88,8.33,11.87,4.29,44.0,30262.0,49.0,246.0,702.0,,17.12,,,0.1,,,-2.13,,OK,OK,OK,28.01
NESTLEIND,Dec 2013,12.27,21.4,47.17,54.77,17.69,0.5,False,55.27,,False,338.0,1.44,1355.0,High Quality,4.85,Moderate,69.56,Reinvestor,1677775.19,1677279.88,54.96,14.34,15.49,3.85,12.0,2368.0,42.0,1189.0,1796.0,,,,,,,,,,INSUFFICIENT,INSUFFICIENT,INSUFFICIENT,39.4
NESTLEIND,Dec 2014,12.02,20.69,41.77,71.37,20.36,0.01,False,151.86,,False,-792.0,1.69,1212.0,High Quality,4.38,Moderate,59.44,Reinvestor,1677775.19,1677279.88,54.96,14.34,15.49,3.85,12.0,2837.0,51.0,20.0,1644.0,,,,,,,,,,INSUFFICIENT,INSUFFICIENT,INSUFFICIENT,38.69
NESTLEIND,Dec 2015,6.89,19.02,19.99,54.85,9.25,0.01,False,388.0,,False,-1307.0,1.34,1028.0,High Quality,0.86,Asset Light,66.11,Reinvestor,1677775.19,1677279.88,54.96,14.34,15.49,3.85,6.0,2817.0,83.0,18.0,1098.0,,,,,,,,,,INSUFFICIENT,INSUFFICIENT,INSUFFICIENT,29.69
NESTLEIND,Dec 2016,10.95,20.24,30.5,55.81,14.7,0.01,False,21.87,,False,-1723.0,1.34,1340.0,High Quality,1.38,Asset Light,72.43,Reinvestor,1677775.19,1677279.88,54.96,14.34,15.49,3.85,10.0,3282.0,61.0,33.0,1466.0,,,,,,,,,,INSUFFICIENT,INSUFFICIENT,INSUFFICIENT,34.19
NESTLEIND,Dec 2017,12.24,20.95,35.82,60.69,16.64,0.01,False,24.72,,False,-1944.0,1.36,1687.0,High Quality,1.31,Asset Light,80.45,Reinvestor,1677775.19,1677279.88,54.96,14.34,15.49,3.85,13.0,3420.0,68.0,35.0,1818.0,,,,,,,,,,INSUFFICIENT,INSUFFICIENT,INSUFFICIENT,36.33
NESTLEIND,Dec 2018,14.23,23.18,43.75,70.6,19.87,0.01,False,25.69,,False,-2623.0,1.4,2000.0,High Quality,0.46,Asset Light,76.39,Reinvestor,1677775.19,1677279.88,54.96,14.34,15.49,3.85,17.0,3673.0,69.0,35.0,2052.0,,4.41,,,7.55,,,7.21,,OK,OK,OK,40.95
NESTLEIND,Dec 2019,15.91,23.66,102.61,138.87,27.44,0.1,False,24.6,,False,-1562.0,1.72,2378.0,High Quality,0.67,Asset Light,81.27,Liquidating Assets,1677775.19,1677279.88,54.96,14.34,15.49,3.85,20.0,1918.0,168.0,189.0,2295.0,,4.65,,,10.68,,,10.76,,OK,OK,OK,62.38
NESTLEIND,Dec 2020,15.6,23.99,103.12,147.83,26.35,0.07,False,20.41,,False,-1317.0,1.69,2133.0,High Quality,2.4,Asset Light,66.61,Reinvestor,1677775.19,1677279.88,54.96,14.34,15.49,3.85,22.0,2019.0,93.0,147.0,2454.0,,10.31,,,29.9,,,29.67,,OK,OK,OK,65.3
NESTLEIND,Dec 2021,14.37,24.16,108.84,161.03,25.72,0.14,False,17.08,,False,-508.0,1.79,316.0,High Quality,13.02,Capital Intensive,8.87,Reinvestor,1677775.19,1677279.88,54.96,14.34,15.49,3.85,22.0,1946.0,91.0,266.0,2236.0,,10.03,,,16.17,,,17.08,,OK,OK,OK,65.6
NESTLEIND,Dec 2022,14.15,21.93,97.23,135.75,26.63,0.11,False,24.6,,False,-507.0,1.88,2345.0,High Quality,2.32,Asset Light,63.28,Reinvestor,1677775.19,1677279.88,54.96,14.34,15.49,3.85,25.0,2459.0,89.0,271.0,2737.0,,11.04,,,14.31,,,13.97,,OK,OK,OK,61.61
NESTLEIND,Dec 2023,15.68,23.38,121.96,163.77,33.4,0.11,False,38.55,,False,-507.0,2.13,2465.0,High Quality,4.85,Moderate,55.13,Reinvestor,1677775.19,1677279.88,54.96,14.34,15.49,3.85,31.0,2459.0,56.0,271.0,3392.0,,11.11,,,13.29,,,12.77,,OK,OK,OK,70.73
NESTLEIND,Mar 2024,16.12,23.83,117.75,157.75,37.38,0.1,False,41.19,,False,-119.0,2.32,2938.0,High Quality,5.07,Moderate,50.54,Reinvestor,1677775.19,1677279.88,54.96,14.34,15.49,3.85,41.0,3340.0,79.0,345.0,4175.0,,14.55,,,14.85,,,15.44,,OK,OK,OK,70.22
NHPC,Mar 2013,45.02,65.07,9.64,8.28,4.61,0.68,False,9.41,,False,18893.0,0.1,1516.0,Moderate,20.84,Capital Intensive,36.51,Reinvestor,1740404.25,2103124.81,71.17,13.74,18.26,1.68,2.0,29795.0,28.0,20340.0,2846.0,,,,,,,,,,INSUFFICIENT,INSUFFICIENT,INSUFFICIENT,31.12
NHPC,Mar 2014,22.1,58.76,5.78,8.85,2.66,0.74,False,4.35,,False,19546.0,0.12,2702.0,High Quality,15.18,Capital Intensive,62.23,Reinvestor,1740404.25,2103124.81,71.17,13.74,18.26,1.68,1.0,28246.0,27.0,20819.0,3824.0,,,,,,,,,,INSUFFICIENT,INSUFFICIENT,INSUFFICIENT,25.08
NHPC,Mar 2015,34.03,62.45,9.1,10.0,4.55,0.67,False,5.19,,False,19564.0,0.13,3293.0,High Quality,9.34,Capital Intensive,64.14,Reinvestor,1740404.25,2103124.81,71.17,13.74,18.26,1.68,2.0,30758.0,27.0,20584.0,4061.0,,,,,,,,,,INSUFFICIENT,INSUFFICIENT,INSUFFICIENT,28.78
NHPC,Mar 2016,28.31,57.25,7.47,9.27,3.76,0.63,False,5.14,,False,19332.0,0.13,5225.0,High Quality,8.93,Capital Intensive,109.24,Reinvestor,1740404.25,2103124.81,71.17,13.74,18.26,1.68,2.0,31643.0,81.0,19938.0,5971.0,,,,,,,,,,INSUFFICIENT,INSUFFICIENT,INSUFFICIENT,27.15
NHPC,Mar 2017,40.36,56.64,11.99,10.12,5.78,0.66,False,6.29,,False,18207.0,0.14,6465.0,High Quality,21.62,Capital Intensive,132.37,Reinvestor,1740404.25,2103124.81,71.17,13.74,18.26,1.68,3.0,29015.0,61.0,19227.0,8329.0,,,,,,,,,,INSUFFICIENT,INSUFFICIENT,INSUFFICIENT,31.09
NHPC,Mar 2018,35.91,54.78,9.27,8.73,4.43,0.62,False,5.88,,False,17477.0,0.12,3810.0,High Quality,11.42,Capital Intensive,89.69,Reinvestor,1740404.25,2103124.81,71.17,13.74,18.26,1.68,2.0,30041.0,57.0,18602.0,4696.0,,3.98,,,-0.62,,,0.0,,OK,OK,OK,29.84
NHPC,Mar 2019,31.57,55.45,9.21,9.99,4.25,0.62,False,7.49,,False,17783.0,0.13,2642.0,High Quality,13.16,Capital Intensive,53.04,Reinvestor,1740404.25,2103124.81,71.17,13.74,18.26,1.68,3.0,30798.0,56.0,19066.0,3824.0,,3.98,,,11.67,,,24.57,,OK,OK,OK,30.19
NHPC,Mar 2020,33.42,54.42,10.66,9.97,4.69,0.74,False,6.56,,False,21828.0,0.14,6.0,Moderate,29.85,Capital Intensive,0.11,Mixed,1740404.25,2103124.81,71.17,13.74,18.26,1.68,3.0,31381.0,52.0,23226.0,2993.0,,4.01,,,3.64,,,8.45,,OK,OK,OK,30.04
NHPC,Mar 2021,37.31,54.7,10.89,9.35,4.92,0.71,False,11.03,,False,21523.0,0.13,3463.0,High Quality,16.66,Capital Intensive,65.62,Reinvestor,1740404.25,2103124.81,71.17,13.74,18.26,1.68,3.0,33053.0,49.0,23365.0,5070.0,,2.92,,,8.77,,,8.45,,OK,OK,OK,31.3
NHPC,Mar 2022,41.27,43.89,10.81,6.58,4.88,0.75,False,8.52,,False,23710.0,0.12,1506.0,High Quality,33.73,Capital Intensive,37.53,Reinvestor,1740404.25,2103124.81,71.17,13.74,18.26,1.68,4.0,34921.0,52.0,26096.0,4590.0,,1.18,,,1.64,,,5.92,,OK,OK,OK,31.0
NHPC,Mar 2023,40.17,58.3,11.53,9.3,4.94,0.8,False,14.58,,False,29041.0,0.12,514.0,High Quality,39.51,Capital Intensive,8.31,Reinvestor,1740404.25,2103124.81,71.17,13.74,18.26,1.68,4.0,36961.0,48.0,29540.0,4705.0,,6.46,,,8.88,,,14.87,,OK,OK,OK,32.45
NHPC,Mar 2024,41.82,49.91,10.41,6.75,4.32,0.84,False,11.24,,False,32082.0,0.1,970.0,High Quality,61.96,Capital Intensive,20.18,Reinvestor,1740404.25,2103124.81,71.17,13.74,18.26,1.68,4.0,38702.0,53.0,32561.0,6938.0,,1.4,,,7.27,,,5.92,,OK,OK,OK,31.36
NTPC,Mar 2013,17.6,25.38,15.49,11.97,7.04,0.87,False,9.2,,False,65496.0,0.4,-337.0,High Quality,23.55,Capital Intensive,-1.86,Mixed,907823.11,1142814.16,30.8,5.24,37.12,0.06,13.0,81240.0,38.0,70419.0,16508.0,,,,,,,,,,INSUFFICIENT,INSUFFICIENT,INSUFFICIENT,27.6
NTPC,Mar 2014,14.56,25.18,13.06,11.69,5.7,0.93,False,6.9,,False,78155.0,0.39,1022.0,High Quality,19.8,Capital Intensive,5.18,Reinvestor,907823.11,1142814.16,30.8,5.24,37.12,0.06,12.0,87329.0,42.0,81455.0,16531.0,,,,,,,,,,INSUFFICIENT,INSUFFICIENT,INSUFFICIENT,26.01
NTPC,Mar 2015,12.5,21.7,12.17,9.41,4.55,1.25,False,5.37,,False,100350.0,0.36,-1088.0,High Quality,19.98,Capital Intensive,-6.27,Reinvestor,907823.11,1142814.16,30.8,5.24,37.12,0.06,10.0,82094.0,21.0,102252.0,14889.0,,,,,,,,,,INSUFFICIENT,INSUFFICIENT,INSUFFICIENT,24.62
NTPC,Mar 2016,14.69,25.3,11.77,9.72,4.8,1.09,False,5.87,,False,92951.0,0.33,4963.0,High Quality,26.11,Capital Intensive,26.73,Reinvestor,907823.11,1142814.16,30.8,5.24,37.12,0.06,11.0,91575.0,26.0,99424.0,24125.0,,,,,,,,,,INSUFFICIENT,INSUFFICIENT,INSUFFICIENT,25.21
NTPC,Mar 2017,13.06,26.33,10.95,10.21,4.31,1.16,False,6.18,,False,106159.0,0.33,-4313.0,High Quality,29.84,Capital Intensive,-19.97,Mixed,907823.11,1142814.16,30.8,5.24,37.12,0.06,11.0,97838.0,37.0,113773.0,20167.0,,,,,,,,,,INSUFFICIENT,INSUFFICIENT,INSUFFICIENT,24.45
NTPC,Mar 2018,11.92,25.53,10.14,9.62,3.72,1.26,False,6.31,,False,121173.0,0.31,-1008.0,High Quality,23.48,Capital Intensive,-4.48,Mixed,907823.11,1142814.16,30.8,5.24,37.12,0.06,11.0,103563.0,40.0,130049.0,19670.0,,4.25,,,-3.56,,,-3.29,,OK,OK,OK,24.0
NTPC,Mar 2019,13.99,22.65,12.6,7.98,4.05,1.55,False,4.55,,False,164926.0,0.29,-5377.0,High Quality,23.99,Capital Intensive,-23.68,Mixed,907823.11,1142814.16,30.8,5.24,37.12,0.06,14.0,111357.0,44.0,173058.0,18686.0,,5.07,,,4.24,,,3.13,,OK,OK,OK,25.58
NTPC,Mar 2020,10.87,28.86,10.02,9.81,3.15,1.71,False,4.86,,False,193677.0,0.29,-5738.0,High Quality,27.07,Capital Intensive,-18.17,Mixed,907823.11,1142814.16,30.8,5.24,37.12,0.06,12.0,118840.0,27.0,202984.0,23890.0,,6.48,,,3.56,,,3.71,,OK,OK,OK,23.88
NTPC,Mar 2021,13.42,30.52,11.9,10.13,3.76,1.67,False,4.24,,False,199619.0,0.28,11410.0,High Quality,18.86,Capital Intensive,33.52,Reinvestor,907823.11,1142814.16,30.8,5.24,37.12,0.06,15.0,125739.0,41.0,210208.0,32444.0,,8.73,,,6.78,,,6.4,,OK,OK,OK,25.78
NTPC,Mar 2022,12.78,30.42,12.53,11.66,4.08,1.56,False,4.82,,False,200081.0,0.32,18897.0,High Quality,17.25,Capital Intensive,46.82,Reinvestor,907823.11,1142814.16,30.8,5.24,37.12,0.06,17.0,135374.0,41.0,210707.0,41788.0,,10.09,,,9.62,,,9.1,,OK,OK,OK,26.62
NTPC,Mar 2023,9.72,27.01,11.65,12.87,3.83,1.52,False,4.38,,False,208978.0,0.39,21007.0,High Quality,14.84,Capital Intensive,44.14,Reinvestor,907823.11,1142814.16,30.8,5.24,37.12,0.06,17.0,147023.0,42.0,222913.0,47152.0,,14.88,,,10.27,,,9.1,,OK,OK,OK,26.63
NTPC,Mar 2024,11.95,28.83,13.27,12.93,4.45,1.48,False,4.6,,False,221246.0,0.37,8644.0,High Quality,18.01,Capital Intensive,16.8,Reinvestor,907823.11,1142814.16,30.8,5.24,37.12,0.06,21.0,160710.0,36.0,237131.0,40785.0,,12.22,,,8.74,,,8.45,,OK,OK,OK,27.15
ONGC,Mar 2013,14.81,26.86,15.73,25.11,9.47,0.14,False,101.22,,False,18558.0,0.64,-1346.0,High Quality,25.45,Capital Intensive,-3.09,Reinvestor,390111.05,499988.49,18.15,10.36,11.72,1.11,19.0,152528.0,34.0,20686.0,39874.0,,,,,,,,,,INSUFFICIENT,INSUFFICIENT,INSUFFICIENT,28.83
ONGC,Mar 2014,15.31,28.22,15.49,22.2,8.21,0.29,False,90.22,,False,44367.0,0.54,-10363.0,High Quality,36.55,Capital Intensive,-21.09,Mixed,390111.05,499988.49,18.15,10.36,11.72,1.11,21.0,172152.0,31.0,49113.0,53270.0,,,,,,,,,,INSUFFICIENT,INSUFFICIENT,INSUFFICIENT,28.44
ONGC,Mar 2015,11.0,26.29,9.81,18.05,5.24,0.3,False,16.85,,False,49195.0,0.48,3892.0,High Quality,18.68,Capital Intensive,9.2,Reinvestor,390111.05,499988.49,18.15,10.36,11.72,1.11,14.0,180455.0,44.0,53944.0,33950.0,,,,,,,,,,INSUFFICIENT,INSUFFICIENT,INSUFFICIENT,25.51
ONGC,Mar 2016,10.56,31.55,6.62,16.08,3.83,0.23,False,10.67,,False,12113.0,0.36,8036.0,High Quality,30.84,Capital Intensive,20.53,Reinvestor,390111.05,499988.49,18.15,10.36,11.72,1.11,10.0,197814.0,56.0,45500.0,46292.0,,,,,,,,,,INSUFFICIENT,INSUFFICIENT,INSUFFICIENT,24.33
ONGC,Mar 2017,10.33,18.69,15.01,19.24,6.56,0.41,False,18.25,,False,9283.0,0.64,1965.0,High Quality,15.51,Capital Intensive,3.72,Reinvestor,390111.05,499988.49,18.15,10.36,11.72,1.11,19.0,194386.0,40.0,80029.0,45780.0,,,,,,,,,,INSUFFICIENT,INSUFFICIENT,INSUFFICIENT,27.14
ONGC,Mar 2018,8.08,17.63,12.78,18.32,5.68,0.52,False,13.47,,False,39215.0,0.7,-10006.0,High Quality,20.7,Capital Intensive,-17.59,Mixed,390111.05,499988.49,18.15,10.36,11.72,1.11,17.0,204019.0,38.0,106550.0,56792.0,,14.78,,,1.67,,,-2.2,,OK,OK,OK,28.13
ONGC,Mar 2019,8.05,17.75,15.64,23.04,6.89,0.5,False,14.46,,False,40833.0,0.86,24326.0,High Quality,8.81,Capital Intensive,32.51,Reinvestor,390111.05,499988.49,18.15,10.36,11.72,1.11,24.0,216934.0,29.0,107742.0,61458.0,,19.35,,,4.94,,,2.71,,OK,OK,OK,30.34
ONGC,Mar 2020,2.89,13.13,5.59,15.57,2.25,0.63,False,7.09,,False,72718.0,0.78,17434.0,High Quality,13.4,Capital Intensive,33.46,Reinvestor,390111.05,499988.49,18.15,10.36,11.72,1.11,9.0,205104.0,58.0,129473.0,70593.0,,19.78,,,-8.34,,,-8.46,,OK,OK,OK,24.19
ONGC,Mar 2021,7.03,16.28,9.67,13.97,3.94,0.6,False,11.96,,False,72867.0,0.56,8044.0,High Quality,12.88,Capital Intensive,16.26,Reinvestor,390111.05,499988.49,18.15,10.36,11.72,1.11,13.0,220981.0,28.0,133187.0,47185.0,,19.63,,,10.27,,,5.39,,OK,OK,OK,28.12
ONGC,Mar 2022,10.03,16.26,19.0,20.94,8.45,0.47,False,15.22,,False,55344.0,0.84,37051.0,High Quality,8.39,Capital Intensive,46.39,Reinvestor,390111.05,499988.49,18.15,10.36,11.72,1.11,36.0,259503.0,29.0,121986.0,78248.0,,11.7,,,11.06,,,13.63,,OK,OK,OK,31.42
ONGC,Mar 2023,5.18,11.94,11.68,17.86,5.35,0.51,False,9.57,,False,63382.0,1.03,11372.0,High Quality,11.81,Capital Intensive,15.06,Reinvestor,390111.05,499988.49,18.15,10.36,11.72,1.11,28.0,280647.0,40.0,142255.0,86062.0,,14.4,,,4.69,,,10.49,,OK,OK,OK,27.76
ONGC,Mar 2024,9.66,17.39,16.94,20.98,8.04,0.45,False,11.36,,False,50974.0,0.83,42060.0,High Quality,9.67,Capital Intensive,40.9,Reinvestor,390111.05,499988.49,18.15,10.36,11.72,1.11,39.0,337070.0,31.0,153181.0,99263.0,,7.0,,,10.97,,,10.2,,OK,OK,OK,29.94
PFC,Mar 2013,25.63,34.58,18.74,3.67,2.62,5.89,False,0.55,,True,139446.0,0.1,-25080.0,Accrual Risk,0.13,Asset Light,-418.91,Distress Signal,2011885.81,2014246.29,35.6,6.59,15.67,0.42,13.0,23680.0,21.0,139473.0,-25102.0,,,,,,,,,,INSUFFICIENT,INSUFFICIENT,INSUFFICIENT,20.0
PFC,Mar 2014,25.52,35.54,19.85,4.07,2.81,5.79,False,0.58,,True,159188.0,0.11,-22464.0,Accrual Risk,0.04,Asset Light,-295.31,Distress Signal,2011885.81,2014246.29,35.6,6.59,15.67,0.42,17.0,27522.0,22.0,159215.0,-22473.0,,,,,,,,,,INSUFFICIENT,INSUFFICIENT,INSUFFICIENT,20.58
PFC,Mar 2015,24.03,33.73,18.52,3.83,2.62,5.79,False,0.55,,True,187267.0,0.11,-21946.0,Accrual Risk,1.96,Asset Light,-260.36,Growth Funded by Debt,2011885.81,2014246.29,35.6,6.59,15.67,0.42,18.0,32411.0,20.0,187795.0,-21455.0,,,,,,,,,,INSUFFICIENT,INSUFFICIENT,INSUFFICIENT,19.82
PFC,Mar 2016,22.2,32.88,17.16,3.87,2.5,5.57,False,0.55,,True,198430.0,0.11,-15271.0,Accrual Risk,7.08,Moderate,-166.68,Growth Funded by Debt,2011885.81,2014246.29,35.6,6.59,15.67,0.42,19.0,36028.0,30.0,200660.0,-13298.0,,,,,,,,,,INSUFFICIENT,INSUFFICIENT,INSUFFICIENT,19.42
PFC,Mar 2017,8.11,19.13,6.07,2.2,0.86,5.51,False,0.32,,True,199848.0,0.11,1128.0,Moderate,2.42,Asset Light,21.38,Mixed,2011885.81,2014246.29,35.6,6.59,15.67,0.42,7.0,36845.0,59.0,202993.0,1795.0,,,,,,,,,,INSUFFICIENT,INSUFFICIENT,INSUFFICIENT,12.84
PFC,Mar 2018,18.09,24.17,22.08,2.44,1.68,11.07,False,0.39,,True,435658.0,0.09,-55739.0,Accrual Risk,2.9,Asset Light,-474.29,Distress Signal,2011885.81,2014246.29,35.6,6.59,15.67,0.42,20.0,39834.0,31.0,441151.0,-57148.0,,22.94,,,14.66,,,9.0,,OK,OK,OK,16.34
PFC,Mar 2019,23.36,32.87,26.82,3.03,2.01,11.45,False,0.52,,True,534884.0,0.09,-93715.0,Accrual Risk,24.88,Capital Intensive,-526.99,Growth Funded by Debt,2011885.81,2014246.29,35.6,6.59,15.67,0.42,30.0,47121.0,0.0,539488.0,-80252.0,,20.38,,,18.27,,,12.03,,OK,OK,OK,19.03
PFC,Mar 2020,15.24,22.53,19.18,2.17,1.36,12.08,False,0.35,,True,592157.0,0.09,-42221.0,Accrual Risk,0.12,Asset Light,-301.32,Growth Funded by Debt,2011885.81,2014246.29,35.6,6.59,15.67,0.42,22.0,49400.0,35.0,596561.0,-42148.0,,20.0,,,9.56,,,4.1,,OK,OK,OK,13.81
PFC,Mar 2021,21.93,27.73,25.86,2.76,2.03,10.86,False,0.45,,True,656183.0,0.09,-57402.0,Accrual Risk,2.43,Asset Light,-288.87,Distress Signal,2011885.81,2014246.29,35.6,6.59,15.67,0.42,36.0,60767.0,22.0,659682.0,-59143.0,,20.8,,,20.51,,,13.63,,OK,OK,OK,18.7
PFC,Mar 2022,24.61,30.6,26.18,3.19,2.37,9.21,False,0.52,,True,656702.0,0.1,4357.0,Accrual Risk,0.72,Asset Light,18.67,Reinvestor,2011885.81,2014246.29,35.6,6.59,15.67,0.42,42.0,71676.0,23.0,660476.0,4904.0,,22.56,,,53.03,,,43.1,,OK,OK,OK,24.45
PFC,Mar 2023,27.26,34.11,25.17,3.17,2.36,8.93,False,0.56,,True,745185.0,0.09,-76411.0,Accrual Risk,2.18,Asset Light,-288.33,Growth Funded by Debt,2011885.81,2014246.29,35.6,6.59,15.67,0.42,48.0,84158.0,22.0,751158.0,-74717.0,,9.82,,,19.21,,,19.14,,OK,OK,OK,19.89
PFC,Mar 2024,28.92,36.69,26.16,3.49,2.55,8.52,False,0.58,,True,850990.0,0.09,-101229.0,Accrual Risk,3.73,Moderate,-301.52,Growth Funded by Debt,2011885.81,2014246.29,35.6,6.59,15.67,0.42,60.0,101147.0,23.0,861961.0,-97820.0,,11.08,,,15.92,,,14.87,,OK,OK,OK,21.24
PIDILITIND,Mar 2013,11.53,15.17,25.68,31.67,16.21,0.07,False,41.56,,False,-183.0,1.41,328.0,High Quality,3.92,Moderate,58.78,Reinvestor,162274.18,165749.2,36.12,12.3,5.36,1.01,8.0,1651.0,31.0,111.0,472.0,,,,,,,,,,INSUFFICIENT,INSUFFICIENT,INSUFFICIENT,32.56
PIDILITIND,Mar 2014,10.51,15.69,23.05,33.63,15.37,0.02,False,44.38,,False,-214.0,1.46,295.0,Moderate,2.31,Asset Light,43.9,Reinvestor,162274.18,165749.2,36.12,12.3,5.36,1.01,9.0,1952.0,31.0,46.0,394.0,,,,,,,,,,INSUFFICIENT,INSUFFICIENT,INSUFFICIENT,31.59
PIDILITIND,Mar 2015,10.61,15.92,22.64,33.12,15.51,0.03,False,50.69,,False,-312.0,1.46,116.0,High Quality,9.0,Capital Intensive,15.05,Reinvestor,162274.18,165749.2,36.12,12.3,5.36,1.01,10.0,2270.0,29.0,58.0,552.0,,,,,,,,,,INSUFFICIENT,INSUFFICIENT,INSUFFICIENT,31.45
PIDILITIND,Mar 2016,15.05,21.88,30.59,43.16,21.73,0.03,False,96.46,,False,-626.0,1.44,416.0,High Quality,9.16,Capital Intensive,35.46,Reinvestor,162274.18,165749.2,36.12,12.3,5.36,1.01,16.0,2638.0,26.0,80.0,907.0,,,,,,,,,,INSUFFICIENT,INSUFFICIENT,INSUFFICIENT,35.1
PIDILITIND,Mar 2017,15.36,22.47,24.86,35.36,18.09,0.03,False,98.36,,False,-1345.0,1.18,-85.0,Moderate,15.65,Capital Intensive,-6.74,Mixed,162274.18,165749.2,36.12,12.3,5.36,1.01,17.0,3471.0,28.0,98.0,794.0,,,,,,,,,,INSUFFICIENT,INSUFFICIENT,INSUFFICIENT,32.89
PIDILITIND,Mar 2018,15.89,22.06,27.03,36.25,18.58,0.03,False,93.38,,False,-1121.0,1.17,835.0,Moderate,0.64,Asset Light,62.27,Liquidating Assets,162274.18,165749.2,36.12,12.3,5.36,1.01,19.0,3574.0,32.0,125.0,796.0,,10.57,,,17.9,,,18.89,,OK,OK,OK,37.12
PIDILITIND,Mar 2019,13.11,19.37,22.37,32.18,15.72,0.03,False,57.73,,False,-1435.0,1.2,332.0,Moderate,7.25,Moderate,24.22,Reinvestor,162274.18,165749.2,36.12,12.3,5.36,1.01,18.0,4148.0,36.0,113.0,845.0,,10.57,,,15.58,,,14.87,,OK,OK,OK,34.73
PIDILITIND,Mar 2020,15.38,21.61,25.18,33.22,17.2,0.06,False,49.21,,False,-898.0,1.12,1383.0,High Quality,1.41,Asset Light,87.75,Liquidating Assets,162274.18,165749.2,36.12,12.3,5.36,1.01,22.0,4456.0,32.0,288.0,1280.0,,8.53,,,16.9,,,17.08,,OK,OK,OK,35.86
PIDILITIND,Mar 2021,15.44,23.12,20.13,28.46,12.78,0.06,False,47.57,,False,-185.0,0.83,-296.0,High Quality,23.15,Capital Intensive,-17.56,Reinvestor,162274.18,165749.2,36.12,12.3,5.36,1.01,22.0,5593.0,38.0,331.0,1392.0,,6.35,,,6.89,,,6.58,,OK,OK,OK,32.48
PIDILITIND,Mar 2022,12.17,18.71,18.85,27.21,12.71,0.06,False,45.12,,False,-43.0,1.04,397.0,Moderate,5.62,Moderate,21.39,Reinvestor,162274.18,165749.2,36.12,12.3,5.36,1.01,24.0,6404.0,42.0,416.0,955.0,,12.05,,,6.94,,,7.14,,OK,OK,OK,32.45
PIDILITIND,Mar 2023,10.92,16.83,17.87,26.12,12.27,0.05,False,42.52,,False,-490.0,1.12,659.0,High Quality,7.62,Moderate,33.18,Reinvestor,162274.18,165749.2,36.12,12.3,5.36,1.01,25.0,7212.0,44.0,391.0,1558.0,,14.19,,,5.94,,,5.64,,OK,OK,OK,32.18
PIDILITIND,Mar 2024,14.11,21.87,20.78,30.81,14.47,0.05,False,54.33,,False,-1853.0,1.03,955.0,High Quality,14.29,Capital Intensive,35.27,Reinvestor,162274.18,165749.2,36.12,12.3,5.36,1.01,34.0,8407.0,47.0,382.0,2724.0,,11.84,,,13.49,,,13.56,,OK,OK,OK,34.15
PNB,Mar 2013,11.66,,812.3,,65.58,10.83,False,,,False,5918.0,5.63,-1292.0,Accrual Risk,1.39,Asset Light,,Pre-Revenue,1825925.6,2365495.49,19.29,10.91,23.64,1.32,28.0,618.0,19.0,6695.0,-692.0,,,,,,,,,,INSUFFICIENT,INSUFFICIENT,INSUFFICIENT,292.27
PNB,Mar 2014,8.17,,393.36,,31.84,10.82,False,,,False,9463.0,3.9,16604.0,High Quality,0.67,Asset Light,,Mixed,1825925.6,2365495.49,19.29,10.91,23.64,1.32,20.0,934.0,10.0,10108.0,16906.0,,,,,,,,,,INSUFFICIENT,INSUFFICIENT,INSUFFICIENT,143.21
PNB,Mar 2015,7.24,,223.24,,18.52,10.44,False,,,False,14895.0,2.56,3942.0,High Quality,1.79,Asset Light,,Mixed,1825925.6,2365495.49,19.29,10.91,23.64,1.32,18.0,1579.0,18.0,16481.0,4814.0,,,,,,,,,,INSUFFICIENT,INSUFFICIENT,INSUFFICIENT,82.14
PNB,Mar 2016,-6.91,,-163.56,,-11.83,12.12,False,,,False,24392.0,1.71,12815.0,Accrual Risk,2.66,Asset Light,,Mixed,1825925.6,2365495.49,19.29,10.91,23.64,1.32,-19.0,2146.0,-2.0,26014.0,14167.0,,,,,,,,,,INSUFFICIENT,INSUFFICIENT,INSUFFICIENT,-56.92
PNB,Mar 2017,2.58,,22.21,,2.88,6.36,False,,,False,32217.0,1.12,22097.0,High Quality,0.33,Asset Light,,Liquidating Assets,1825925.6,2365495.49,19.29,10.91,23.64,1.32,6.0,5578.0,0.0,35497.0,21938.0,,,,,,,,,,INSUFFICIENT,INSUFFICIENT,INSUFFICIENT,16.69
PNB,Mar 2018,-24.86,,-184.37,,-19.22,8.19,False,,,False,51364.0,0.77,-1350.0,Accrual Risk,0.8,Asset Light,,Distress Signal,1825925.6,2365495.49,19.29,10.91,23.64,1.32,-44.0,6569.0,0.0,53777.0,-1742.0,,2.5,,,,,,,,OK,DECLINE_TO_LOSS,DECLINE_TO_LOSS,-64.74
PNB,Mar 2019,-18.31,,-128.45,,-11.4,9.66,False,,,False,67402.0,0.62,-34161.0,High Quality,1.21,Asset Light,,Growth Funded by Debt,1825925.6,2365495.49,19.29,10.91,23.64,1.32,-21.0,7435.0,0.0,71859.0,-33532.0,,3.01,,,,,,,,OK,DECLINE_TO_LOSS,DECLINE_TO_LOSS,-46.87
PNB,Mar 2020,0.88,,6.1,,0.61,8.52,False,,,False,65688.0,0.7,-13131.0,Accrual Risk,0.62,Asset Light,,Growth Funded by Debt,1825925.6,2365495.49,19.29,10.91,23.64,1.32,1.0,7947.0,0.0,67736.0,-12793.0,,2.43,,,-32.75,,,-43.9,,OK,OK,OK,3.06
PNB,Mar 2021,3.29,,30.39,,3.78,6.7,False,,,False,57361.0,1.15,30163.0,High Quality,0.96,Asset Light,,Mixed,1825925.6,2365495.49,19.29,10.91,23.64,1.32,2.0,8867.0,0.0,59394.0,30950.0,,10.03,,,,,,,,OK,TURNAROUND,TURNAROUND,20.55
PNB,Mar 2022,5.13,,39.87,,5.95,5.4,False,,,False,49489.0,1.16,18828.0,High Quality,1.58,Asset Light,,Mixed,1825925.6,2365495.49,19.29,10.91,23.64,1.32,4.0,9801.0,18.0,52961.0,20032.0,,9.67,,,25.83,,,-7.79,,OK,OK,OK,29.37
PNB,Mar 2023,3.87,,30.67,,5.03,4.9,False,,,False,50433.0,1.3,21860.0,High Quality,0.84,Asset Light,,Mixed,1825925.6,2365495.49,19.29,10.91,23.64,1.32,3.0,10953.0,21.0,53621.0,22592.0,,12.25,,,,,,,,OK,TURNAROUND,TURNAROUND,24.85
PNB,Mar 2024,8.4,,61.32,,12.65,3.68,False,,,False,50672.0,1.51,-29445.0,Accrual Risk,1.38,Asset Light,,Growth Funded by Debt,1825925.6,2365495.49,19.29,10.91,23.64,1.32,8.0,14933.0,18.0,55017.0,-27939.0,,15.9,,,,,,,,OK,TURNAROUND,TURNAROUND,39.68
POWERGRID,Mar 2013,32.97,82.85,16.34,11.33,3.8,2.62,False,4.54,,False,68647.0,0.12,-10394.0,High Quality,168.83,Capital Intensive,-95.91,Mixed,372584.24,410018.95,64.39,5.1,23.07,3.09,5.0,26403.0,31.0,69233.0,11690.0,,,,,,,,,,INSUFFICIENT,INSUFFICIENT,INSUFFICIENT,27.19
POWERGRID,Mar 2014,29.24,83.36,13.11,10.9,3.21,2.43,False,4.21,,False,83797.0,0.11,-11416.0,High Quality,171.26,Capital Intensive,-88.04,Mixed,372584.24,410018.95,64.39,5.1,23.07,3.09,5.0,34698.0,30.0,84220.0,15223.0,,,,,,,,,,INSUFFICIENT,INSUFFICIENT,INSUFFICIENT,25.69
POWERGRID,Mar 2015,28.77,85.1,13.13,11.08,3.14,2.5,False,3.84,,False,96023.0,0.11,-8385.0,High Quality,137.88,Capital Intensive,-56.17,Mixed,372584.24,410018.95,64.39,5.1,23.07,3.09,5.0,38439.0,21.0,96243.0,15800.0,,,,,,,,,,INSUFFICIENT,INSUFFICIENT,INSUFFICIENT,25.46
POWERGRID,Mar 2016,28.85,88.05,13.55,11.92,3.32,2.47,False,3.7,,False,107626.0,0.12,-6568.0,High Quality,104.47,Capital Intensive,-36.12,Mixed,372584.24,410018.95,64.39,5.1,23.07,3.09,6.0,43970.0,20.0,108545.0,15008.0,,,,,,,,,,INSUFFICIENT,INSUFFICIENT,INSUFFICIENT,25.69
POWERGRID,Mar 2017,29.0,87.36,14.94,13.3,3.81,2.39,False,3.77,,False,117823.0,0.13,-2261.0,High Quality,92.76,Capital Intensive,-10.07,Mixed,372584.24,410018.95,64.39,5.1,23.07,3.09,8.0,49866.0,31.0,118988.0,21575.0,,,,,,,,,,INSUFFICIENT,INSUFFICIENT,INSUFFICIENT,26.38
POWERGRID,Mar 2018,27.39,86.67,15.07,13.96,3.64,2.42,False,4.1,,False,130279.0,0.13,-2991.0,High Quality,85.8,Capital Intensive,-11.52,Mixed,372584.24,410018.95,64.39,5.1,23.07,3.09,9.0,54426.0,33.0,131503.0,22710.0,,18.02,,,13.72,,,12.47,,OK,OK,OK,30.12
POWERGRID,Mar 2019,28.62,76.78,16.98,13.1,4.06,2.48,False,3.25,,False,145080.0,0.14,4544.0,High Quality,53.42,Capital Intensive,16.88,Reinvestor,372584.24,410018.95,64.39,5.1,23.07,3.09,11.0,59089.0,43.0,146376.0,23271.0,,17.65,,,17.15,,,17.08,,OK,OK,OK,31.21
POWERGRID,Mar 2020,29.3,87.13,17.09,15.44,4.31,2.29,False,3.75,,False,146839.0,0.15,20006.0,High Quality,28.44,Capital Intensive,60.83,Reinvestor,372584.24,410018.95,64.39,5.1,23.07,3.09,12.0,64696.0,47.0,148270.0,30739.0,,16.56,,,16.99,,,19.14,,OK,OK,OK,31.59
POWERGRID,Mar 2021,30.36,88.06,17.21,16.37,4.71,2.05,False,4.39,,False,141746.0,0.16,20159.0,High Quality,23.32,Capital Intensive,57.75,Reinvestor,372584.24,410018.95,64.39,5.1,23.07,3.09,13.0,69936.0,52.0,143232.0,29403.0,,13.93,,,15.1,,,16.72,,OK,OK,OK,31.76
POWERGRID,Mar 2022,40.42,86.07,22.07,16.98,6.7,1.77,False,5.04,,False,130908.0,0.17,26877.0,High Quality,1.81,Asset Light,75.02,Liquidating Assets,372584.24,410018.95,64.39,5.1,23.07,3.09,18.0,76247.0,61.0,134696.0,26124.0,,10.13,,,17.69,,,17.61,,OK,OK,OK,35.73
POWERGRID,Mar 2023,33.81,86.78,18.57,18.7,6.11,1.55,False,4.22,,False,125095.0,0.18,33065.0,High Quality,15.65,Capital Intensive,83.55,Reinvestor,372584.24,410018.95,64.39,5.1,23.07,3.09,17.0,83026.0,67.0,128584.0,40203.0,,8.77,,,13.45,,,13.56,,OK,OK,OK,33.0
POWERGRID,Mar 2024,33.97,86.87,17.87,18.91,6.21,1.42,False,4.6,,False,119353.0,0.18,24176.0,High Quality,28.61,Capital Intensive,60.7,Reinvestor,372584.24,410018.95,64.39,5.1,23.07,3.09,17.0,87146.0,67.0,123516.0,37290.0,,5.51,,,9.19,,,9.1,,OK,OK,OK,32.13
RECLTD,Mar 2013,28.11,97.33,21.87,10.59,2.94,6.15,False,1.64,,False,107124.0,0.1,-19907.0,Accrual Risk,1.11,Asset Light,-150.02,Distress Signal,291917.42,315256.49,31.49,4.59,23.95,2.18,15.0,17530.0,21.0,107762.0,-20059.0,,,,,,,,,,INSUFFICIENT,INSUFFICIENT,INSUFFICIENT,21.08
RECLTD,Mar 2014,27.53,96.67,22.79,11.33,3.1,6.07,False,1.66,,False,124483.0,0.11,-17108.0,Accrual Risk,0.79,Asset Light,-102.75,Distress Signal,291917.42,315256.49,31.49,4.59,23.95,2.18,18.0,20803.0,20.0,126173.0,-17244.0,,,,,,,,,,INSUFFICIENT,INSUFFICIENT,INSUFFICIENT,21.45
RECLTD,Mar 2015,26.01,94.41,21.31,11.02,2.91,6.02,False,1.64,,False,149383.0,0.11,-23747.0,Accrual Risk,0.74,Asset Light,-122.44,Distress Signal,291917.42,315256.49,31.49,4.59,23.95,2.18,20.0,25072.0,20.0,150979.0,-23898.0,,,,,,,,,,INSUFFICIENT,INSUFFICIENT,INSUFFICIENT,20.73
RECLTD,Mar 2016,23.59,93.04,19.7,11.33,2.75,5.86,False,1.57,,False,166860.0,0.12,-14034.0,Accrual Risk,3.13,Moderate,-62.53,Growth Funded by Debt,291917.42,315256.49,31.49,4.59,23.95,2.18,22.0,28893.0,30.0,169212.0,-13278.0,,,,,,,,,,INSUFFICIENT,INSUFFICIENT,INSUFFICIENT,20.01
RECLTD,Mar 2017,25.94,92.24,18.75,11.14,3.0,4.99,False,1.67,,False,165235.0,0.12,6704.0,High Quality,0.41,Asset Light,29.86,Reinvestor,291917.42,315256.49,31.49,4.59,23.95,2.18,24.0,33671.0,30.0,167852.0,6805.0,,,,,,,,,,INSUFFICIENT,INSUFFICIENT,INSUFFICIENT,21.89
RECLTD,Mar 2018,19.64,85.09,13.66,8.14,1.84,6.27,False,1.45,,True,201419.0,0.09,-32464.0,Accrual Risk,0.2,Asset Light,-168.39,Distress Signal,291917.42,315256.49,31.49,4.59,23.95,2.18,17.0,32588.0,41.0,204367.0,-32510.0,,10.69,,,3.03,,,2.53,,OK,OK,OK,18.17
RECLTD,Mar 2019,22.6,93.3,16.62,8.5,1.92,7.07,False,1.52,,False,241786.0,0.09,-35409.0,Accrual Risk,1.8,Asset Light,-149.37,Distress Signal,291917.42,315256.49,31.49,4.59,23.95,2.18,22.0,34546.0,38.0,244249.0,-35866.0,,8.09,,,3.9,,,4.1,,OK,OK,OK,17.89
RECLTD,Mar 2020,16.61,86.7,14.05,8.07,1.43,8.09,False,1.37,,True,283903.0,0.09,-32591.0,Accrual Risk,0.4,Asset Light,-125.54,Distress Signal,291917.42,315256.49,31.49,4.59,23.95,2.18,19.0,35397.0,44.0,286289.0,-32712.0,,7.82,,,-1.43,,,-1.02,,OK,OK,OK,13.18
RECLTD,Mar 2021,23.56,90.74,19.14,8.64,2.09,7.53,False,1.5,,False,327742.0,0.09,-42651.0,Accrual Risk,2.42,Asset Light,-132.19,Distress Signal,291917.42,315256.49,31.49,4.59,23.95,2.18,32.0,43764.0,30.0,329723.0,-43512.0,,8.07,,,8.04,,,7.78,,OK,OK,OK,18.46
RECLTD,Mar 2022,25.55,87.68,19.56,8.96,2.44,6.49,False,1.56,,False,330853.0,0.1,-1106.0,Accrual Risk,0.73,Asset Light,-3.21,Growth Funded by Debt,291917.42,315256.49,31.49,4.59,23.95,2.18,38.0,51314.0,30.0,333043.0,-819.0,,10.04,,,9.71,,,9.63,,OK,OK,OK,21.55
RECLTD,Mar 2023,28.28,95.29,19.21,8.57,2.4,6.55,False,1.59,,False,377620.0,0.08,-38303.0,Accrual Risk,2.39,Asset Light,-101.79,Growth Funded by Debt,291917.42,315256.49,31.49,4.59,23.95,2.18,42.0,58120.0,30.0,380790.0,-37360.0,,11.75,,,20.2,,,19.83,,OK,OK,OK,23.14
RECLTD,Mar 2024,29.77,100.77,20.4,9.3,2.58,6.42,False,1.6,,False,440216.0,0.09,-59554.0,Accrual Risk,3.85,Moderate,-124.37,Growth Funded by Debt,291917.42,315256.49,31.49,4.59,23.95,2.18,54.0,69350.0,30.0,445568.0,-57723.0,,13.34,,,19.76,,,19.67,,OK,OK,OK,24.32
RELIANCE,Mar 2013,5.27,8.37,11.47,11.46,5.76,0.59,False,11.81,,False,64371.0,1.09,9317.0,High Quality,6.97,Moderate,28.1,Mixed,432472.71,545039.37,58.34,3.25,24.96,4.21,15.0,182055.0,13.0,107219.0,36918.0,,,,,,,,,,INSUFFICIENT,INSUFFICIENT,INSUFFICIENT,24.98
RELIANCE,Mar 2014,5.2,8.06,11.35,10.35,5.26,0.7,False,11.42,,False,78159.0,1.01,-29809.0,High Quality,16.86,Capital Intensive,-85.33,Mixed,432472.71,545039.37,58.34,3.25,24.96,4.21,16.0,198687.0,12.0,138761.0,43261.0,,,,,,,,,,INSUFFICIENT,INSUFFICIENT,INSUFFICIENT,24.62
RELIANCE,Mar 2015,6.31,10.0,10.82,9.68,4.69,0.77,False,13.87,,False,91800.0,0.74,-30332.0,High Quality,17.28,Capital Intensive,-81.0,Mixed,432472.71,545039.37,58.34,3.25,24.96,4.21,17.0,218499.0,12.0,168251.0,34374.0,,,,,,,,,,INSUFFICIENT,INSUFFICIENT,INSUFFICIENT,24.25
RELIANCE,Mar 2016,10.95,15.33,12.9,9.8,4.99,0.84,False,14.63,,False,110699.0,0.46,1948.0,High Quality,13.28,Capital Intensive,4.66,Reinvestor,432472.71,545039.37,58.34,3.25,24.96,4.21,22.0,231556.0,10.0,194714.0,38134.0,,,,,,,,,,INSUFFICIENT,INSUFFICIENT,INSUFFICIENT,25.48
RELIANCE,Mar 2017,9.81,15.23,11.31,9.62,4.22,0.82,False,14.43,,False,134576.0,0.43,-16651.0,High Quality,21.78,Capital Intensive,-35.96,Mixed,432472.71,545039.37,58.34,3.25,24.96,4.21,22.0,263709.0,11.0,217475.0,49550.0,,,,,,,,,,INSUFFICIENT,INSUFFICIENT,INSUFFICIENT,24.71
RELIANCE,Mar 2018,9.23,16.46,12.29,12.06,4.45,0.82,False,9.21,,False,156981.0,0.48,3267.0,High Quality,17.45,Capital Intensive,5.08,Reinvestor,432472.71,545039.37,58.34,3.25,24.96,4.21,27.0,293506.0,10.0,239843.0,71459.0,,-0.26,,,11.55,,,12.47,,OK,OK,OK,26.1
RELIANCE,Mar 2019,7.01,14.82,10.29,12.13,3.99,0.79,False,5.62,,False,72079.0,0.57,-52161.0,High Quality,16.63,Capital Intensive,-61.91,Mixed,432472.71,545039.37,58.34,3.25,24.96,4.21,29.0,387112.0,10.0,307714.0,42346.0,,5.56,,,12.06,,,12.63,,OK,OK,OK,26.03
RELIANCE,Mar 2020,6.68,14.96,8.88,11.1,3.43,0.79,False,4.44,,False,78366.0,0.51,22380.0,High Quality,12.15,Capital Intensive,25.07,Reinvestor,432472.71,545039.37,58.34,3.25,24.96,4.21,29.0,449166.0,10.0,355133.0,94877.0,,9.77,,,11.03,,,11.27,,OK,OK,OK,25.94
RELIANCE,Mar 2021,11.52,17.33,7.68,8.25,4.07,0.4,False,4.87,,False,-85866.0,0.35,-115427.0,Moderate,30.53,Capital Intensive,-142.87,Mixed,432472.71,545039.37,58.34,3.25,24.96,4.21,39.0,700172.0,9.0,278962.0,26958.0,,11.34,,,12.47,,,12.13,,OK,OK,OK,27.49
RELIANCE,Mar 2022,9.77,15.63,8.7,9.88,4.53,0.41,False,8.79,,False,-75106.0,0.46,1492.0,High Quality,15.71,Capital Intensive,1.37,Mixed,432472.71,545039.37,58.34,3.25,24.96,4.21,45.0,779485.0,9.0,319158.0,110654.0,,17.98,,,17.86,,,15.39,,OK,OK,OK,29.12
RELIANCE,Mar 2023,8.45,16.24,10.35,12.19,4.61,0.63,False,7.89,,False,216104.0,0.55,22031.0,High Quality,10.61,Capital Intensive,15.48,Mixed,432472.71,545039.37,58.34,3.25,24.96,4.21,49.0,715872.0,9.0,451664.0,115032.0,,17.53,,,15.48,,,12.66,,OK,OK,OK,28.78
RELIANCE,Mar 2024,8.79,18.07,9.96,12.97,4.5,0.58,False,7.73,,False,233319.0,0.51,45207.0,High Quality,12.63,Capital Intensive,27.82,Reinvestor,432472.71,545039.37,58.34,3.25,24.96,4.21,51.0,793481.0,10.0,458991.0,158788.0,,9.61,,,14.68,,,11.95,,OK,OK,OK,27.5
SBILIFE,Mar 2013,4.24,2.87,23.03,15.61,1.17,0.0,False,179.75,,False,-50047.0,0.28,903.0,High Quality,1.53,Asset Light,211.48,Reinvestor,886097.71,1097553.71,69.98,9.48,31.04,1.62,6.0,2736.0,8.0,0.0,1130.0,,,,,,,,,,INSUFFICIENT,INSUFFICIENT,INSUFFICIENT,29.19
SBILIFE,Mar 2014,4.22,2.96,21.69,15.23,1.2,0.0,False,171.0,,False,-56275.0,0.28,-542.0,Accrual Risk,4.1,Moderate,-106.07,Reinvestor,886097.71,1097553.71,69.98,9.48,31.04,1.62,7.0,3356.0,14.0,0.0,166.0,,,,,,,,,,INSUFFICIENT,INSUFFICIENT,INSUFFICIENT,28.72
SBILIFE,Mar 2015,3.48,3.39,20.09,19.58,1.1,0.0,False,244.25,,False,-69385.0,0.32,2533.0,High Quality,0.76,Asset Light,319.02,Reinvestor,886097.71,1097553.71,69.98,9.48,31.04,1.62,8.0,4056.0,15.0,0.0,2711.0,,,,,,,,,,INSUFFICIENT,INSUFFICIENT,INSUFFICIENT,28.05
SBILIFE,Mar 2016,4.37,4.76,17.83,19.44,1.01,0.0,False,209.8,,False,-77843.0,0.23,-1426.0,High Quality,37.28,Capital Intensive,-155.0,Reinvestor,886097.71,1097553.71,69.98,9.48,31.04,1.62,8.0,4733.0,14.0,0.0,5778.0,,,,,,,,,,INSUFFICIENT,INSUFFICIENT,INSUFFICIENT,27.34
SBILIFE,Mar 2017,3.13,3.5,17.2,19.24,0.93,0.0,False,241.4,,False,-95830.0,0.3,-507.0,High Quality,29.57,Capital Intensive,-47.47,Reinvestor,886097.71,1097553.71,69.98,9.48,31.04,1.62,10.0,5552.0,16.0,0.0,8525.0,,,,,,,,,,INSUFFICIENT,INSUFFICIENT,INSUFFICIENT,26.95
SBILIFE,Mar 2018,3.38,3.91,17.62,20.4,0.94,0.0,False,248.0,,False,-114436.0,0.28,1485.0,High Quality,26.15,Capital Intensive,111.49,Reinvestor,886097.71,1097553.71,69.98,9.48,31.04,1.62,12.0,6528.0,17.0,0.0,10395.0,,18.03,,,12.79,,,14.87,,OK,OK,OK,31.11
SBILIFE,Mar 2019,2.98,3.3,17.52,19.46,0.9,0.0,False,217.5,,False,-139325.0,0.3,-79.0,High Quality,30.38,Capital Intensive,-5.36,Reinvestor,886097.71,1097553.71,69.98,9.48,31.04,1.62,13.0,7576.0,15.0,0.0,13473.0,,20.91,,,12.76,,,13.18,,OK,OK,OK,31.44
SBILIFE,Mar 2020,3.25,3.08,16.26,15.45,0.86,0.0,False,,Debt Free,False,-158813.0,0.26,2313.0,High Quality,38.78,Capital Intensive,171.21,Reinvestor,886097.71,1097553.71,69.98,9.48,31.04,1.62,14.0,8743.0,0.0,0.0,19299.0,,13.36,,,11.78,,,11.84,,OK,OK,OK,29.78
SBILIFE,Mar 2021,1.78,1.06,14.0,8.38,0.64,0.0,False,,Debt Free,False,-218756.0,0.36,4675.0,High Quality,23.44,Capital Intensive,536.12,Mixed,886097.71,1097553.71,69.98,9.48,31.04,1.62,15.0,10400.0,17.0,0.0,23878.0,,33.49,,,11.52,,,13.4,,OK,OK,OK,31.79
SBILIFE,Mar 2022,1.81,0.88,12.96,6.28,0.55,0.0,False,,Debt Free,False,-264437.0,0.3,241.0,High Quality,26.04,Capital Intensive,33.01,Reinvestor,886097.71,1097553.71,69.98,9.48,31.04,1.62,15.0,11622.0,13.0,0.0,21852.0,,22.12,,,9.54,,,8.45,,OK,OK,OK,29.47
SBILIFE,Mar 2023,2.13,0.15,13.22,0.94,0.55,0.0,False,198.4,,False,-303988.0,0.26,-1547.0,High Quality,37.46,Capital Intensive,-1268.03,Reinvestor,886097.71,1097553.71,69.98,9.48,31.04,1.62,17.0,13018.0,15.0,0.0,28656.0,,18.81,,,8.4,,,7.21,,OK,OK,OK,28.97
SBILIFE,Mar 2024,1.43,0.19,12.7,1.65,0.48,0.0,False,240.33,,False,-384943.0,0.33,-2099.0,High Quality,23.65,Capital Intensive,-853.25,Reinvestor,886097.71,1097553.71,69.98,9.48,31.04,1.62,19.0,14908.0,14.0,0.0,29122.0,,24.23,,,7.37,,,7.89,,OK,OK,OK,29.43
SBIN,Mar 2013,11.05,-3.05,,,,,False,0.26,,True,,,22061.0,High Quality,1.35,Asset Light,-430.54,Reinvestor,2400436.05,2686824.35,54.93,2.72,21.53,0.42,26.0,,16.0,,24332.0,,,,,,,,,,INSUFFICIENT,INSUFFICIENT,INSUFFICIENT,22.21
SBIN,Mar 2014,7.83,-7.73,,,,,False,0.19,,True,,,18351.0,High Quality,0.42,Asset Light,-125.57,Mixed,2400436.05,2686824.35,54.93,2.72,21.53,0.42,19.0,,16.0,,19142.0,,,,,,,,,,INSUFFICIENT,INSUFFICIENT,INSUFFICIENT,21.57
SBIN,Mar 2015,8.57,-10.52,,,,,False,0.21,,True,,,22873.0,High Quality,1.65,Asset Light,-104.54,Reinvestor,2400436.05,2686824.35,54.93,2.72,21.53,0.42,23.0,,15.0,,26297.0,,,,,,,,,,INSUFFICIENT,INSUFFICIENT,INSUFFICIENT,21.71
SBIN,Mar 2016,5.9,-14.68,,,,,False,0.14,,True,,,11730.0,High Quality,1.25,Asset Light,-36.2,Mixed,2400436.05,2686824.35,54.93,2.72,21.53,0.42,16.0,,17.0,,14477.0,,,,,,,,,,INSUFFICIENT,INSUFFICIENT,INSUFFICIENT,21.18
SBIN,Mar 2017,-0.04,-27.92,,,,,False,0.03,,True,,,72834.0,Accrual Risk,1.98,Asset Light,-113.21,Reinvestor,2400436.05,2686824.35,54.93,2.72,21.53,0.42,0.0,,859.0,,77406.0,,,,,,,,,,INSUFFICIENT,INSUFFICIENT,INSUFFICIENT,19.99
SBIN,Mar 2018,-1.64,-37.86,,,,,False,-0.06,,True,,,-83455.0,High Quality,5.7,Moderate,96.26,Distress Signal,2400436.05,2686824.35,54.93,2.72,21.53,0.42,-5.0,,0.0,,-96508.0,,6.39,,,,,,,,OK,DECLINE_TO_LOSS,DECLINE_TO_LOSS,20.63
SBIN,Mar 2019,1.32,-27.1,,,,,False,0.06,,True,,,29776.0,High Quality,0.09,Asset Light,-43.37,Cash Accumulator,2400436.05,2686824.35,54.93,2.72,21.53,0.42,3.0,,0.0,,29556.0,,6.03,,,-25.71,,,-30.87,,OK,OK,OK,18.6
SBIN,Mar 2020,7.83,-23.78,,,,,False,0.21,,True,,,23374.0,High Quality,0.21,Asset Light,-36.42,Mixed,2400436.05,2686824.35,54.93,2.72,21.53,0.42,22.0,,0.0,,23929.0,,5.35,,,3.46,,,-0.89,,OK,OK,OK,22.71
SBIN,Mar 2021,8.59,-25.43,,,,,False,0.23,,True,,,86249.0,High Quality,1.32,Asset Light,-121.97,Mixed,2400436.05,2686824.35,54.93,2.72,21.53,0.42,25.0,,16.0,,89919.0,,4.74,,,12.91,,,9.34,,OK,OK,OK,23.72
SBIN,Mar 2022,12.82,-21.92,,,,,False,0.34,,True,,,55043.0,High Quality,0.91,Asset Light,-86.59,Reinvestor,2400436.05,2686824.35,54.93,2.72,21.53,0.42,40.0,,18.0,,57695.0,,4.7,,,,,,,,OK,TURNAROUND,ZERO_BASE,23.27
SBIN,Mar 2023,16.46,-12.38,,,,,False,0.42,,True,,,-86980.0,Accrual Risk,0.28,Asset Light,200.23,Growth Funded by Debt,2400436.05,2686824.35,54.93,2.72,21.53,0.42,62.0,,18.0,,-86014.0,,8.91,,,,,,,,OK,TURNAROUND,TURNAROUND,24.63
SBIN,Mar 2024,15.83,-13.73,,,,,False,0.37,,True,,,18156.0,Accrual Risk,0.79,Asset Light,-30.11,Reinvestor,2400436.05,2686824.35,54.93,2.72,21.53,0.42,75.0,,18.0,,21632.0,,11.63,,,83.41,,,90.37,,OK,OK,OK,33.25
SHREECEM,Jun 2013,18.53,28.81,26.12,30.42,16.3,0.34,False,9.06,,False,-915.0,0.88,990.0,High Quality,4.98,Moderate,63.42,Reinvestor,3154358.33,2911084.5,25.87,1.21,26.58,3.2,288.0,3844.0,7.0,1288.0,1260.0,,,,,,,,,,INSUFFICIENT,INSUFFICIENT,INSUFFICIENT,33.05
SHREECEM,Jun 2014,13.77,24.32,16.71,23.52,10.74,0.25,False,11.58,,False,-1044.0,0.78,167.0,High Quality,21.59,Capital Intensive,12.01,Reinvestor,3154358.33,2911084.5,25.87,1.21,26.58,3.2,226.0,4711.0,10.0,1200.0,1401.0,,,,,,,,,,INSUFFICIENT,INSUFFICIENT,INSUFFICIENT,28.88
SHREECEM,Jun 2015,6.81,21.47,8.07,21.7,5.33,0.17,False,11.95,,False,-745.0,0.78,249.0,High Quality,15.82,Capital Intensive,18.53,Reinvestor,3154358.33,2911084.5,25.87,1.21,26.58,3.2,122.0,5276.0,20.0,917.0,1239.0,,,,,,,,,,INSUFFICIENT,INSUFFICIENT,INSUFFICIENT,24.63
SHREECEM,Mar 2017,15.58,29.24,17.39,27.95,11.99,0.17,False,22.29,,False,-2749.0,0.77,154.0,High Quality,23.83,Capital Intensive,6.13,Reinvestor,3154358.33,2911084.5,25.87,1.21,26.58,3.2,384.0,7698.0,36.0,1293.0,2202.0,,,,,,,,,,INSUFFICIENT,INSUFFICIENT,INSUFFICIENT,29.63
SHREECEM,Mar 2018,14.08,25.15,15.56,20.11,9.14,0.38,False,21.2,,False,-2031.0,0.65,-1716.0,High Quality,36.56,Capital Intensive,-69.39,Mixed,3154358.33,2911084.5,25.87,1.21,26.58,3.2,397.0,8897.0,13.0,3403.0,1879.0,,12.66,,,6.63,,,6.63,,OK,OK,OK,30.71
SHREECEM,Mar 2019,8.08,22.28,10.5,22.42,6.55,0.29,False,11.56,,False,517.0,0.81,1360.0,High Quality,5.73,Moderate,48.62,Reinvestor,3154358.33,2911084.5,25.87,1.21,26.58,3.2,289.0,9671.0,21.0,2803.0,2080.0,,17.05,,,5.22,,,5.04,,OK,OK,OK,28.6
SHREECEM,Mar 2020,12.0,29.31,11.72,23.11,7.74,0.24,False,13.86,,False,-3212.0,0.65,-1617.0,High Quality,43.44,Capital Intensive,-42.88,Mixed,3154358.33,2911084.5,25.87,1.21,26.58,3.2,426.0,13169.0,26.0,3146.0,3973.0,,15.51,,,29.37,,,28.41,,OK,OK,OK,31.94
SHREECEM,Mar 2021,17.23,30.17,15.18,23.21,10.86,0.14,False,18.0,,False,-6270.0,0.63,1603.0,High Quality,19.55,Capital Intensive,39.18,Reinvestor,3154358.33,2911084.5,25.87,1.21,26.58,3.2,646.0,15397.0,9.0,2230.0,4254.0,,19.72,,,15.38,,,14.52,,OK,OK,OK,33.61
SHREECEM,Mar 2022,8.45,24.72,7.27,18.94,5.34,0.12,False,16.17,,False,-6904.0,0.63,525.0,High Quality,14.28,Capital Intensive,14.15,Reinvestor,3154358.33,2911084.5,25.87,1.21,26.58,3.2,352.0,17460.0,14.0,2129.0,2668.0,,11.8,,,-1.07,,,-1.73,,OK,OK,OK,26.29
SHREECEM,Mar 2023,13.27,16.58,12.71,13.86,9.0,0.15,False,13.0,,False,-5958.0,0.68,164.0,High Quality,13.47,Capital Intensive,5.54,Reinvestor,3154358.33,2911084.5,25.87,1.21,26.58,3.2,664.0,18636.0,28.0,2725.0,2569.0,,12.67,,,11.35,,,10.83,,OK,OK,OK,30.52
SHREECEM,Mar 2024,8.45,22.02,8.37,20.21,6.21,0.08,False,19.83,,False,-5900.0,0.73,1929.0,High Quality,6.91,Moderate,42.7,Reinvestor,3154358.33,2911084.5,25.87,1.21,26.58,3.2,480.0,20703.0,16.0,1656.0,3347.0,,10.33,,,11.29,,,10.68,,OK,OK,OK,27.87
SHRIRAMFIN,Mar 2013,20.87,31.09,19.94,5.35,3.09,4.55,False,0.71,,True,30106.0,0.15,-8400.0,Accrual Risk,0.58,Asset Light,-385.5,Growth Funded by Debt,868933.47,1098024.4,68.53,7.91,28.82,1.86,12.0,7338.0,11.0,33386.0,-8359.0,,,,,,,,,,INSUFFICIENT,INSUFFICIENT,INSUFFICIENT,22.2
SHRIRAMFIN,Mar 2014,16.02,23.58,15.96,4.24,2.59,4.54,False,0.47,,True,36195.0,0.16,-4167.0,Accrual Risk,1.32,Asset Light,-208.45,Growth Funded by Debt,868933.47,1098024.4,68.53,7.91,28.82,1.86,11.0,8510.0,12.0,38630.0,-4055.0,,,,,,,,,,INSUFFICIENT,INSUFFICIENT,INSUFFICIENT,19.87
SHRIRAMFIN,Mar 2015,11.2,18.43,11.09,3.02,1.65,5.04,False,0.36,,True,43658.0,0.15,-9656.0,Accrual Risk,0.49,Asset Light,-571.02,Growth Funded by Debt,868933.47,1098024.4,68.53,7.91,28.82,1.86,8.0,9266.0,22.0,46695.0,-9611.0,,,,,,,,,,INSUFFICIENT,INSUFFICIENT,INSUFFICIENT,16.19
SHRIRAMFIN,Mar 2016,11.43,17.61,11.64,3.04,1.74,4.89,False,0.36,,True,48450.0,0.15,-5543.0,Accrual Risk,0.35,Asset Light,-303.89,Growth Funded by Debt,868933.47,1098024.4,68.53,7.91,28.82,1.86,9.0,10176.0,19.0,49790.0,-5507.0,,,,,,,,,,INSUFFICIENT,INSUFFICIENT,INSUFFICIENT,16.73
SHRIRAMFIN,Mar 2017,11.61,18.09,11.17,3.06,1.7,4.68,False,0.38,,True,51562.0,0.15,-2679.0,Accrual Risk,0.02,Asset Light,-135.85,Growth Funded by Debt,868933.47,1098024.4,68.53,7.91,28.82,1.86,10.0,11332.0,7.0,53080.0,-2677.0,,,,,,,,,,INSUFFICIENT,INSUFFICIENT,INSUFFICIENT,17.02
SHRIRAMFIN,Mar 2018,18.88,28.18,18.62,3.97,2.62,6.0,False,0.61,,True,79675.0,0.14,-13056.0,Accrual Risk,0.64,Asset Light,-343.13,Distress Signal,868933.47,1098024.4,68.53,7.91,28.82,1.86,20.0,13690.0,10.0,82131.0,-13142.0,,14.01,,,11.74,,,10.76,,OK,OK,OK,21.71
SHRIRAMFIN,Mar 2019,16.58,24.47,16.14,3.66,2.44,5.51,False,0.51,,True,83788.0,0.15,-5611.0,Accrual Risk,0.49,Asset Light,-147.62,Growth Funded by Debt,868933.47,1098024.4,68.53,7.91,28.82,1.86,20.0,15963.0,11.0,87914.0,-5535.0,,12.88,,,13.66,,,12.7,,OK,OK,OK,21.39
SHRIRAMFIN,Mar 2020,15.17,21.53,13.85,3.16,2.2,5.22,False,0.43,,True,91799.0,0.14,-2519.0,Accrual Risk,0.33,Asset Light,-70.66,Growth Funded by Debt,868933.47,1098024.4,68.53,7.91,28.82,1.86,20.0,18142.0,5.0,94735.0,-2464.0,,12.53,,,19.57,,,20.11,,OK,OK,OK,21.42
SHRIRAMFIN,Mar 2021,14.34,19.53,11.51,2.65,1.92,4.91,False,0.38,,True,103199.0,0.13,-4264.0,Accrual Risk,0.14,Asset Light,-125.34,Growth Funded by Debt,868933.47,1098024.4,68.53,7.91,28.82,1.86,18.0,21717.0,18.0,106546.0,-4239.0,,10.96,,,16.11,,,14.87,,OK,OK,OK,20.46
SHRIRAMFIN,Mar 2022,14.13,19.04,10.43,2.6,1.91,4.4,False,0.38,,True,107875.0,0.14,-8893.0,Accrual Risk,0.18,Asset Light,-242.58,Growth Funded by Debt,868933.47,1098024.4,68.53,7.91,28.82,1.86,20.0,26095.0,20.0,114846.0,-8859.0,,12.05,,,16.54,,,14.87,,OK,OK,OK,21.28
SHRIRAMFIN,Mar 2023,19.74,28.86,13.84,4.24,2.86,3.77,False,0.68,,True,156772.0,0.14,-12549.0,Accrual Risk,16.65,Capital Intensive,-142.62,Distress Signal,868933.47,1098024.4,68.53,7.91,28.82,1.86,32.0,43512.0,22.0,164202.0,-17625.0,,17.69,,,18.75,,,9.86,,OK,OK,OK,25.92
SHRIRAMFIN,Mar 2024,20.33,28.92,15.12,4.3,2.98,3.99,False,0.68,,True,186024.0,0.15,-31359.0,Accrual Risk,0.71,Asset Light,-298.0,Growth Funded by Debt,868933.47,1098024.4,68.53,7.91,28.82,1.86,39.0,48947.0,23.0,195496.0,-31101.0,,18.56,,,23.49,,,14.29,,OK,OK,OK,26.66
SIEMENS,Sep 2011,7.26,9.8,22.75,30.69,8.54,0.0,False,56.54,,False,0.0,1.18,267.0,Accrual Risk,2.21,Asset Light,22.8,Liquidating Assets,1191331.95,1268446.56,33.32,9.25,30.88,3.69,,3816.0,24.0,0.0,3.0,,,,,,,,,,INSUFFICIENT,INSUFFICIENT,INSUFFICIENT,30.59
SIEMENS,Sep 2014,5.65,1.11,13.78,2.72,5.86,0.0,False,35.61,,False,-8.0,1.04,738.0,High Quality,1.22,Asset Light,620.17,Liquidating Assets,1191331.95,1268446.56,33.32,9.25,30.88,3.69,17.0,4375.0,35.0,0.0,608.0,,,,,,,,,,INSUFFICIENT,INSUFFICIENT,INSUFFICIENT,26.99
SIEMENS,Sep 2015,11.11,9.45,22.94,19.41,11.1,0.0,False,64.7,,False,-89.0,1.0,1220.0,Accrual Risk,6.12,Moderate,122.24,Liquidating Assets,1191331.95,1268446.56,33.32,9.25,30.88,3.69,33.0,5117.0,30.0,25.0,574.0,,,,,,,,,,INSUFFICIENT,INSUFFICIENT,INSUFFICIENT,31.25
SIEMENS,Sep 2016,26.89,9.42,42.83,14.95,24.31,0.0,False,379.73,,False,-85.0,0.9,750.0,Accrual Risk,2.19,Asset Light,73.46,Liquidating Assets,1191331.95,1268446.56,33.32,9.25,30.88,3.69,82.0,6803.0,41.0,25.0,513.0,,-1.94,,,27.41,,,,,OK,OK,OK,43.72
SIEMENS,Sep 2017,10.28,9.54,14.79,13.73,8.65,0.0,False,234.25,,False,0.0,0.84,1894.0,Moderate,11.94,Capital Intensive,179.36,Liquidating Assets,1191331.95,1268446.56,33.32,9.25,30.88,3.69,32.0,7690.0,22.0,0.0,573.0,,,,,,,,,,INSUFFICIENT,INSUFFICIENT,INSUFFICIENT,28.07
SIEMENS,Sep 2018,7.04,10.37,10.86,15.99,6.28,0.0,False,200.88,,False,0.0,0.89,-74.0,Accrual Risk,1.36,Asset Light,-5.58,Reinvestor,1191331.95,1268446.56,33.32,9.25,30.88,3.69,25.0,8299.0,28.0,0.0,100.0,,,,,,,,,,INSUFFICIENT,INSUFFICIENT,INSUFFICIENT,26.1
SIEMENS,Sep 2019,8.4,11.39,12.14,16.47,7.16,0.0,False,157.33,,False,0.0,0.85,138.0,High Quality,8.67,Capital Intensive,9.26,Reinvestor,1191331.95,1268446.56,33.32,9.25,30.88,3.69,31.0,9049.0,23.0,0.0,1273.0,,4.15,,,12.76,,,12.77,,OK,OK,OK,28.68
SIEMENS,Sep 2020,7.73,10.08,8.1,10.57,4.85,0.0,False,43.93,,False,0.0,0.63,1591.0,Moderate,8.76,Capital Intensive,158.62,Liquidating Assets,1191331.95,1268446.56,33.32,9.25,30.88,3.69,22.0,9492.0,32.0,0.0,720.0,,-1.2,,,-8.11,,,-7.79,,OK,OK,OK,24.02
SIEMENS,Sep 2021,8.25,11.0,10.52,14.03,6.04,0.0,False,73.88,,False,1.0,0.73,-967.0,High Quality,18.1,Capital Intensive,-66.6,Reinvestor,1191331.95,1268446.56,33.32,9.25,30.88,3.69,31.0,10347.0,26.0,4.0,1422.0,,4.02,,,-17.87,,,-17.68,,OK,OK,OK,24.88
SIEMENS,Sep 2022,9.56,11.53,13.29,15.77,7.67,0.02,False,65.19,,False,181.0,0.8,944.0,Moderate,0.21,Asset Light,50.75,Reinvestor,1191331.95,1268446.56,33.32,9.25,30.88,3.69,43.0,11610.0,23.0,182.0,978.0,,7.84,,,6.3,,,6.09,,OK,OK,OK,29.13
SIEMENS,Sep 2023,10.03,12.72,14.99,18.75,9.06,0.01,False,129.7,,False,174.0,0.9,641.0,Moderate,3.88,Moderate,25.77,Reinvestor,1191331.95,1268446.56,33.32,9.25,30.88,3.69,55.0,13087.0,18.0,175.0,1400.0,,8.85,,,16.84,,,17.08,,OK,OK,OK,31.14
SIEMENS,Sep 2024,12.22,13.96,17.7,19.85,10.74,0.02,False,67.15,,False,278.0,0.88,1168.0,Moderate,2.26,Asset Light,37.63,Reinvestor,1191331.95,1268446.56,33.32,9.25,30.88,3.69,76.0,15357.0,16.0,279.0,1670.0,,11.19,,,19.85,,,19.64,,OK,OK,OK,33.14
SUNPHARMA,Mar 2013,31.17,42.98,23.14,31.37,17.02,0.02,False,109.16,,False,-2152.0,0.55,982.0,Moderate,21.34,Capital Intensive,20.53,Reinvestor,1339586.09,1264175.16,37.9,6.71,21.41,3.88,14.0,14990.0,9.0,260.0,3357.0,,,,,,,,,,INSUFFICIENT,INSUFFICIENT,INSUFFICIENT,34.84
SUNPHARMA,Mar 2014,24.12,43.55,20.94,33.21,13.33,0.14,False,114.43,,False,-225.0,0.55,1783.0,High Quality,13.53,Capital Intensive,25.46,Mixed,1339586.09,1264175.16,37.9,6.71,21.41,3.88,15.0,18525.0,10.0,2561.0,3959.0,,,,,,,,,,INSUFFICIENT,INSUFFICIENT,INSUFFICIENT,32.42
SUNPHARMA,Mar 2015,19.99,28.82,21.36,22.79,11.24,0.35,False,14.12,,False,6280.0,0.56,4114.0,High Quality,5.48,Moderate,52.12,Reinvestor,1339586.09,1264175.16,37.9,6.71,21.41,3.88,22.0,25638.0,14.0,8996.0,5616.0,,,,,,,,,,INSUFFICIENT,INSUFFICIENT,INSUFFICIENT,31.33
SUNPHARMA,Mar 2016,19.86,28.69,17.15,19.71,10.21,0.26,False,15.55,,False,6667.0,0.51,2737.0,High Quality,13.86,Capital Intensive,33.48,Reinvestor,1339586.09,1264175.16,37.9,6.71,21.41,3.88,19.0,32983.0,5.0,8497.0,6686.0,,,,,,,,,,INSUFFICIENT,INSUFFICIENT,INSUFFICIENT,29.96
SUNPHARMA,Mar 2017,24.85,31.99,21.41,21.74,12.84,0.27,False,26.78,,False,8640.0,0.52,2896.0,Moderate,13.26,Capital Intensive,28.67,Reinvestor,1339586.09,1264175.16,37.9,6.71,21.41,3.88,29.0,36640.0,12.0,9832.0,7082.0,,,,,,,,,,INSUFFICIENT,INSUFFICIENT,INSUFFICIENT,32.44
SUNPHARMA,Mar 2018,9.6,21.26,6.63,11.56,3.95,0.27,False,10.61,,False,3242.0,0.41,803.0,High Quality,11.72,Capital Intensive,14.26,Reinvestor,1339586.09,1264175.16,37.9,6.71,21.41,3.88,9.0,38314.0,23.0,10385.0,3907.0,,18.93,,,-6.03,,,-8.46,,OK,OK,OK,26.35
SUNPHARMA,Mar 2019,11.04,21.94,7.75,12.28,4.97,0.25,False,11.03,,False,2611.0,0.45,1886.0,Moderate,1.07,Asset Light,29.58,Reinvestor,1339586.09,1264175.16,37.9,6.71,21.41,3.88,11.0,41409.0,25.0,10514.0,2196.0,,12.57,,,-3.73,,,-6.01,,OK,OK,OK,26.38
SUNPHARMA,Mar 2020,12.7,21.26,9.22,13.03,6.12,0.18,False,24.31,,False,-1828.0,0.48,4330.0,High Quality,6.78,Moderate,62.01,Reinvestor,1339586.09,1264175.16,37.9,6.71,21.41,3.88,16.0,45265.0,25.0,8315.0,6555.0,,3.69,,,-5.29,,,-6.17,,OK,OK,OK,25.91
SUNPHARMA,Mar 2021,6.78,25.29,4.89,16.83,3.36,0.08,False,35.61,,False,-5743.0,0.5,6577.0,High Quality,1.21,Asset Light,77.65,Liquidating Assets,1339586.09,1264175.16,37.9,6.71,21.41,3.88,12.0,46463.0,62.0,3869.0,6170.0,,3.29,,,-16.68,,,-8.78,,OK,OK,OK,22.23
SUNPHARMA,Mar 2022,8.77,26.54,7.06,20.81,4.86,0.03,False,53.17,,False,-11559.0,0.55,3429.0,High Quality,14.37,Capital Intensive,33.43,Reinvestor,1339586.09,1264175.16,37.9,6.71,21.41,3.88,14.0,48011.0,73.0,1290.0,8985.0,,4.13,,,-15.46,,,-13.55,,OK,OK,OK,23.79
SUNPHARMA,Mar 2023,19.4,26.55,15.2,18.53,10.55,0.12,False,70.4,,False,-7938.0,0.54,-2261.0,Moderate,16.45,Capital Intensive,-19.41,Mixed,1339586.09,1264175.16,37.9,6.71,21.41,3.88,35.0,55995.0,33.0,6886.0,4959.0,,10.62,,,27.34,,,31.21,,OK,OK,OK,33.83
SUNPHARMA,Mar 2024,19.82,26.84,15.09,19.45,11.27,0.05,False,58.33,,False,-11752.0,0.57,11372.0,High Quality,1.57,Asset Light,87.36,Reinvestor,1339586.09,1264175.16,37.9,6.71,21.41,3.88,40.0,63667.0,34.0,3274.0,12135.0,,10.78,,,24.54,,,29.46,,OK,OK,OK,33.79
TATACONSUM,Mar 2013,6.05,10.47,9.25,12.42,5.06,0.29,False,9.83,,False,811.0,0.84,197.0,Accrual Risk,0.33,Asset Light,25.58,Cash Accumulator,350543.35,387549.77,54.79,7.14,24.84,1.87,6.0,4810.0,36.0,1389.0,173.0,,,,,,,,,,INSUFFICIENT,INSUFFICIENT,INSUFFICIENT,24.71
TATACONSUM,Mar 2014,6.59,9.72,8.72,10.32,5.15,0.25,False,10.6,,False,827.0,0.78,421.0,Moderate,0.01,Asset Light,55.98,Reinvestor,350543.35,387549.77,54.79,7.14,24.84,1.87,7.0,5849.0,29.0,1438.0,422.0,,,,,,,,,,INSUFFICIENT,INSUFFICIENT,INSUFFICIENT,24.65
TATACONSUM,Mar 2015,3.42,9.91,4.97,11.62,2.89,0.24,False,8.72,,False,702.0,0.85,211.0,High Quality,2.59,Asset Light,26.64,Reinvestor,350543.35,387549.77,54.79,7.14,24.84,1.87,4.0,5493.0,6.0,1324.0,418.0,,,,,,,,,,INSUFFICIENT,INSUFFICIENT,INSUFFICIENT,22.79
TATACONSUM,Mar 2016,-0.56,5.51,-0.59,4.82,-0.37,0.22,False,3.45,,False,-12.0,0.67,261.0,Accrual Risk,2.18,Asset Light,71.31,Liquidating Assets,350543.35,387549.77,54.79,7.14,24.84,1.87,0.0,6247.0,-999.0,1354.0,116.0,,,,,,,,,,INSUFFICIENT,INSUFFICIENT,INSUFFICIENT,19.91
TATACONSUM,Mar 2017,6.71,11.67,7.26,11.22,4.76,0.13,False,20.44,,False,-664.0,0.71,886.0,High Quality,2.14,Asset Light,112.01,Liquidating Assets,350543.35,387549.77,54.79,7.14,24.84,1.87,6.0,6265.0,38.0,787.0,741.0,,,,,,,,,,INSUFFICIENT,INSUFFICIENT,INSUFFICIENT,24.33
TATACONSUM,Mar 2018,8.16,12.31,7.91,10.36,5.31,0.15,False,17.54,,False,-93.0,0.65,325.0,Moderate,0.45,Asset Light,38.74,Reinvestor,350543.35,387549.77,54.79,7.14,24.84,1.87,8.0,7031.0,30.0,1068.0,356.0,,-1.5,,,4.55,,,5.92,,OK,OK,OK,24.98
TATACONSUM,Mar 2019,6.3,10.84,6.23,9.28,4.2,0.16,False,11.67,,False,-47.0,0.67,263.0,Accrual Risk,0.73,Asset Light,33.46,Liquidating Assets,350543.35,387549.77,54.79,7.14,24.84,1.87,6.0,7332.0,39.0,1141.0,210.0,,-1.29,,,-2.17,,,-3.04,,OK,OK,OK,23.38
TATACONSUM,Mar 2020,4.77,13.41,3.33,8.39,2.49,0.11,False,16.36,,False,263.0,0.52,460.0,High Quality,6.45,Moderate,35.6,Reinvestor,350543.35,387549.77,54.79,7.14,24.84,1.87,5.0,13815.0,54.0,1586.0,1082.0,,3.81,,,11.0,,,4.56,,OK,OK,OK,24.09
TATACONSUM,Mar 2021,8.02,13.31,6.4,9.55,4.6,0.11,False,22.4,,False,828.0,0.57,1310.0,High Quality,2.98,Asset Light,84.84,Reinvestor,350543.35,387549.77,54.79,7.14,24.84,1.87,9.0,14534.0,44.0,1634.0,1656.0,,11.82,,,,,,,,OK,TURNAROUND,ZERO_BASE,25.97
TATACONSUM,Mar 2022,8.17,13.84,6.7,10.38,4.82,0.09,False,20.77,,False,615.0,0.59,199.0,High Quality,10.6,Capital Intensive,11.58,Reinvestor,350543.35,387549.77,54.79,7.14,24.84,1.87,10.0,15142.0,60.0,1412.0,1516.0,,12.88,,,17.41,,,10.76,,OK,OK,OK,28.06
TATACONSUM,Mar 2023,9.58,13.47,8.11,10.38,5.8,0.1,False,16.8,,False,167.0,0.61,627.0,High Quality,6.05,Moderate,33.78,Reinvestor,350543.35,387549.77,54.79,7.14,24.84,1.87,12.0,16277.0,65.0,1600.0,1461.0,,15.13,,,18.88,,,8.45,,OK,OK,OK,29.32
TATACONSUM,Mar 2024,7.99,15.02,7.57,11.69,4.36,0.22,False,25.32,,False,2606.0,0.55,26.0,High Quality,12.57,Capital Intensive,1.14,Mixed,350543.35,387549.77,54.79,7.14,24.84,1.87,12.0,16057.0,64.0,3477.0,1937.0,,15.96,,,21.6,,,14.87,,OK,OK,OK,28.91
TATAMOTORS,Mar 2013,5.28,13.03,26.51,26.92,5.93,1.43,False,6.97,,False,44951.0,1.12,-806.0,High Quality,12.17,Capital Intensive,-3.28,Reinvestor,1504106.64,1588737.42,67.07,0.93,15.35,3.65,35.0,37637.0,6.0,53716.0,22163.0,,,,,,,,,,INSUFFICIENT,INSUFFICIENT,INSUFFICIENT,28.59
TATAMOTORS,Mar 2014,6.03,14.97,21.42,27.61,6.43,0.92,False,7.31,,False,49955.0,1.07,8160.0,High Quality,12.02,Capital Intensive,23.41,Reinvestor,1504106.64,1588737.42,67.07,0.93,15.35,3.65,48.0,65604.0,5.0,60642.0,36151.0,,,,,,,,,,INSUFFICIENT,INSUFFICIENT,INSUFFICIENT,27.93
TATAMOTORS,Mar 2015,5.35,14.91,25.01,30.21,5.93,1.31,False,8.22,,False,58273.0,1.11,-701.0,High Quality,13.77,Capital Intensive,-1.79,Mixed,1504106.64,1588737.42,67.07,0.93,15.35,3.65,48.0,56262.0,0.0,73610.0,35531.0,,,,,,,,,,INSUFFICIENT,INSUFFICIENT,INSUFFICIENT,28.31
TATAMOTORS,Mar 2016,4.28,14.06,14.79,25.89,4.44,0.88,False,7.31,,False,45593.0,1.04,1206.0,High Quality,13.44,Capital Intensive,3.14,Reinvestor,1504106.64,1588737.42,67.07,0.93,15.35,3.65,40.0,78952.0,1.0,69360.0,37900.0,,,,,,,,,,INSUFFICIENT,INSUFFICIENT,INSUFFICIENT,25.31
TATAMOTORS,Mar 2017,2.8,10.97,13.02,21.65,2.77,1.35,False,7.42,,False,58266.0,0.99,-9372.0,High Quality,14.67,Capital Intensive,-31.67,Mixed,1504106.64,1588737.42,67.07,0.93,15.35,3.65,26.0,58062.0,0.0,78604.0,30199.0,,,,,,,,,,INSUFFICIENT,INSUFFICIENT,INSUFFICIENT,23.41
TATAMOTORS,Mar 2018,3.12,10.79,9.53,17.06,2.78,0.93,False,7.99,,False,68137.0,0.89,-1282.0,High Quality,8.62,Capital Intensive,-4.08,Mixed,1504106.64,1588737.42,67.07,0.93,15.35,3.65,31.0,95428.0,0.0,88950.0,23857.0,,9.08,,,-1.84,,,-2.4,,OK,OK,OK,24.17
TATAMOTORS,Mar 2019,-9.51,8.17,-47.73,14.83,-9.4,1.76,False,-0.35,,True,90404.0,0.99,-1987.0,Accrual Risk,6.91,Moderate,-8.06,Mixed,1504106.64,1588737.42,67.07,0.93,15.35,3.65,-100.0,60179.0,0.0,106175.0,18891.0,,5.34,,,,,,,,OK,DECLINE_TO_LOSS,DECLINE_TO_LOSS,-0.34
TATAMOTORS,Mar 2020,-4.59,6.89,-18.98,9.57,-3.74,1.98,False,2.5,,False,108480.0,0.82,-6482.0,Accrual Risk,12.68,Capital Intensive,-36.04,Mixed,1504106.64,1588737.42,67.07,0.93,15.35,3.65,-39.0,63079.0,0.0,124788.0,26633.0,,-0.16,,,,,,,,OK,DECLINE_TO_LOSS,DECLINE_TO_LOSS,9.27
TATAMOTORS,Mar 2021,-5.36,12.93,-24.25,16.36,-3.92,2.57,False,2.61,,False,117511.0,0.73,3329.0,Accrual Risk,10.28,Capital Intensive,10.31,Mixed,1504106.64,1588737.42,67.07,0.93,15.35,3.65,-41.0,55247.0,0.0,142131.0,29001.0,,-1.76,,,,,,,,OK,DECLINE_TO_LOSS,DECLINE_TO_LOSS,5.77
TATAMOTORS,Mar 2022,-4.06,8.88,-25.38,12.94,-3.44,3.29,False,2.91,,False,117069.0,0.85,9839.0,Accrual Risk,1.6,Asset Light,39.8,Reinvestor,1504106.64,1588737.42,67.07,0.93,15.35,3.65,-34.0,44561.0,0.0,146449.0,14283.0,,0.64,,,,,,,,OK,DECLINE_TO_LOSS,DECLINE_TO_LOSS,4.67
TATAMOTORS,Mar 2023,0.78,9.2,5.94,17.73,0.8,2.96,False,3.76,,False,107734.0,1.03,19971.0,High Quality,4.46,Moderate,62.77,Reinvestor,1504106.64,1588737.42,67.07,0.93,15.35,3.65,7.0,45322.0,32.0,134113.0,35388.0,,3.48,,,-21.62,,,-25.74,,OK,OK,OK,15.71
TATAMOTORS,Mar 2024,7.26,13.6,37.46,30.98,8.61,1.26,False,6.53,,False,84291.0,1.19,45133.0,High Quality,5.2,Moderate,75.81,Reinvestor,1504106.64,1588737.42,67.07,0.93,15.35,3.65,94.0,84918.0,7.0,107262.0,67915.0,,7.72,,,,,,,,OK,TURNAROUND,TURNAROUND,34.39
TATAPOWER,Mar 2013,0.37,16.86,1.0,11.14,0.18,3.07,False,2.26,,False,34762.0,0.49,-740.0,High Quality,12.13,Capital Intensive,-13.23,Reinvestor,1647269.48,1925345.06,14.5,3.48,12.02,0.49,0.0,12335.0,-319.0,37882.0,3286.0,,,,,,,,,,INSUFFICIENT,INSUFFICIENT,INSUFFICIENT,14.77
TATAPOWER,Mar 2014,0.03,19.36,0.1,13.15,0.02,3.24,False,2.08,,False,37154.0,0.5,2874.0,High Quality,10.1,Capital Intensive,41.56,Reinvestor,1647269.48,1925345.06,14.5,3.48,12.02,0.49,-1.0,12401.0,-114.0,40173.0,6483.0,,,,,,,,,,INSUFFICIENT,INSUFFICIENT,INSUFFICIENT,14.06
TATAPOWER,Mar 2015,1.36,18.76,3.19,11.47,0.61,2.84,False,1.99,,False,37162.0,0.45,2116.0,High Quality,11.51,Capital Intensive,33.58,Reinvestor,1647269.48,1925345.06,14.5,3.48,12.02,0.49,1.0,14318.0,210.0,40607.0,5981.0,,,,,,,,,,INSUFFICIENT,INSUFFICIENT,INSUFFICIENT,16.16
TATAPOWER,Mar 2016,2.66,7.14,6.76,4.17,1.12,3.34,False,1.91,,False,27064.0,0.42,5610.0,High Quality,6.12,Moderate,266.51,Reinvestor,1647269.48,1925345.06,14.5,3.48,12.02,0.49,2.0,11633.0,53.0,38849.0,7415.0,,,,,,,,,,INSUFFICIENT,INSUFFICIENT,INSUFFICIENT,16.64
TATAPOWER,Mar 2017,3.99,19.84,8.32,8.82,1.33,3.69,False,2.01,,False,36942.0,0.33,-359.0,High Quality,26.73,Capital Intensive,-6.56,Mixed,1647269.48,1925345.06,14.5,3.48,12.02,0.49,3.0,13214.0,39.0,48815.0,7014.0,,,,,,,,,,INSUFFICIENT,INSUFFICIENT,INSUFFICIENT,16.66
TATAPOWER,Mar 2018,9.73,8.55,15.92,3.53,3.19,2.96,False,2.36,,False,36160.0,0.33,4852.0,High Quality,5.63,Moderate,211.42,Reinvestor,1647269.48,1925345.06,14.5,3.48,12.02,0.49,9.0,16399.0,15.0,48589.0,6364.0,,-4.15,,,84.24,,,,,OK,OK,ZERO_BASE,29.73
TATAPOWER,Mar 2019,8.72,10.27,14.24,4.6,3.1,2.65,False,2.46,,False,34964.0,0.36,4302.0,High Quality,0.91,Asset Light,140.13,Reinvestor,1647269.48,1925345.06,14.5,3.48,12.02,0.49,9.0,18305.0,15.0,48506.0,4574.0,,-3.51,,,193.33,,,,,OK,OK,TURNAROUND,40.59
TATAPOWER,Mar 2020,4.52,23.36,6.73,9.52,1.47,2.65,False,2.02,,False,37401.0,0.32,6882.0,High Quality,1.69,Asset Light,101.13,Reinvestor,1647269.48,1925345.06,14.5,3.48,12.02,0.49,4.0,19566.0,41.0,51936.0,7375.0,,-2.81,,,23.56,,,31.95,,OK,OK,OK,20.21
TATAPOWER,Mar 2021,4.4,21.16,6.45,10.03,1.46,2.09,False,2.17,,False,33559.0,0.33,9338.0,High Quality,3.04,Moderate,134.92,Liquidating Assets,1647269.48,1925345.06,14.5,3.48,12.02,0.49,4.0,22323.0,44.0,46708.0,8345.0,,2.09,,,12.86,,,14.87,,OK,OK,OK,20.89
TATAPOWER,Mar 2022,5.04,16.42,9.61,9.55,1.92,2.28,False,2.47,,False,37035.0,0.38,443.0,High Quality,14.6,Capital Intensive,6.3,Reinvestor,1647269.48,1925345.06,14.5,3.48,12.02,0.49,5.0,22442.0,32.0,51195.0,6693.0,,9.19,,,14.41,,,10.76,,OK,OK,OK,23.01
TATAPOWER,Mar 2023,6.91,14.02,13.23,9.46,2.97,1.84,False,3.03,,False,36253.0,0.43,-97.0,High Quality,13.18,Capital Intensive,-1.26,Mixed,1647269.48,1925345.06,14.5,3.48,12.02,0.49,10.0,28788.0,19.0,52923.0,7166.0,,15.48,,,7.85,,,2.13,,OK,OK,OK,25.87
TATAPOWER,Mar 2024,6.97,17.47,13.23,12.48,3.08,1.66,False,3.05,,False,37373.0,0.44,3569.0,High Quality,14.69,Capital Intensive,33.25,Reinvestor,1647269.48,1925345.06,14.5,3.48,12.02,0.49,12.0,32356.0,17.0,53689.0,12596.0,,15.51,,,10.43,,,5.92,,OK,OK,OK,26.51
TATASTEEL,Mar 2013,-5.4,2.94,-21.28,3.86,-4.95,2.01,False,1.36,,True,65271.0,0.92,936.0,Accrual Risk,9.72,Capital Intensive,23.61,Reinvestor,369110.65,402972.23,48.97,9.23,38.87,1.0,-6.0,34172.0,-11.0,68529.0,14035.0,,,,,,,,,,INSUFFICIENT,INSUFFICIENT,INSUFFICIENT,8.37
TATASTEEL,Mar 2014,2.47,10.89,9.04,13.25,2.14,2.01,False,3.9,,False,76536.0,0.87,-2232.0,High Quality,10.35,Capital Intensive,-13.79,Mixed,369110.65,402972.23,48.97,9.23,38.87,1.0,3.0,40532.0,27.0,81629.0,13146.0,,,,,,,,,,INSUFFICIENT,INSUFFICIENT,INSUFFICIENT,20.51
TATASTEEL,Mar 2015,-2.82,2.44,-12.56,3.04,-2.48,2.57,False,1.94,,False,77246.0,0.88,2859.0,Accrual Risk,6.47,Moderate,83.87,Reinvestor,369110.65,402972.23,48.97,9.23,38.87,1.0,-3.0,31349.0,-20.0,80701.0,11880.0,,,,,,,,,,INSUFFICIENT,INSUFFICIENT,INSUFFICIENT,10.78
TATASTEEL,Mar 2016,-0.49,-0.61,-1.14,-0.5,-0.28,1.87,False,2.3,,False,71273.0,0.58,2661.0,Accrual Risk,8.62,Capital Intensive,-425.76,Reinvestor,369110.65,402972.23,48.97,9.23,38.87,1.0,0.0,43732.0,-203.0,81987.0,11455.0,,,,,,,,,,INSUFFICIENT,INSUFFICIENT,INSUFFICIENT,16.34
TATASTEEL,Mar 2017,-3.71,11.7,-11.02,10.88,-2.42,2.2,False,1.84,,False,70557.0,0.65,1334.0,Accrual Risk,8.45,Capital Intensive,10.15,Reinvestor,369110.65,402972.23,48.97,9.23,38.87,1.0,-4.0,37819.0,-23.0,83014.0,10824.0,,,,,,,,,,INSUFFICIENT,INSUFFICIENT,INSUFFICIENT,11.65
TATASTEEL,Mar 2018,14.4,17.39,29.15,14.01,8.5,1.51,False,5.93,,False,74248.0,0.59,-3707.0,Accrual Risk,9.52,Capital Intensive,-17.3,Mixed,369110.65,402972.23,48.97,9.23,38.87,1.0,12.0,60871.0,9.0,92147.0,8023.0,,-1.76,,,,,,,,OK,TURNAROUND,TURNAROUND,30.39
TATASTEEL,Mar 2019,5.79,18.59,13.23,17.27,3.92,1.46,False,4.03,,False,95078.0,0.68,-3840.0,High Quality,18.5,Capital Intensive,-13.1,Reinvestor,369110.65,402972.23,48.97,9.23,38.87,1.0,9.0,68925.0,15.0,100816.0,25336.0,,1.19,,,20.01,,,24.57,,OK,OK,OK,25.73
TATASTEEL,Mar 2020,0.84,12.49,1.6,9.2,0.47,1.58,False,1.94,,False,110043.0,0.56,6157.0,High Quality,10.02,Capital Intensive,35.26,Reinvestor,369110.65,402972.23,48.97,9.23,38.87,1.0,1.0,73576.0,74.0,116328.0,20169.0,,0.04,,,,,,,,OK,TURNAROUND,TURNAROUND,18.13
TATASTEEL,Mar 2021,5.24,19.52,11.03,18.74,3.36,1.19,False,4.03,,False,77819.0,0.64,34890.0,High Quality,6.04,Moderate,114.38,Reinvestor,369110.65,402972.23,48.97,9.23,38.87,1.0,6.0,74239.0,40.0,88501.0,44327.0,,8.92,,,,,,,,OK,TURNAROUND,ZERO_BASE,24.51
TATASTEEL,Mar 2022,17.11,26.02,36.48,33.42,14.78,0.66,False,11.86,,False,62421.0,0.86,33476.0,High Quality,4.47,Moderate,52.73,Reinvestor,369110.65,402972.23,48.97,9.23,38.87,1.0,33.0,114443.0,16.0,75561.0,44381.0,,16.79,,,,,,,,OK,TURNAROUND,TURNAROUND,38.25
TATASTEEL,Mar 2023,3.32,13.27,7.83,17.18,2.83,0.82,False,5.38,,False,76483.0,0.85,3504.0,High Quality,7.47,Moderate,10.85,Reinvestor,369110.65,402972.23,48.97,9.23,38.87,1.0,7.0,103082.0,50.0,84893.0,21683.0,,14.58,,,-14.57,,,-10.22,,OK,OK,OK,23.34
TATASTEEL,Mar 2024,-2.14,9.71,-5.33,12.42,-1.82,0.95,False,2.16,,False,80824.0,0.85,6048.0,Accrual Risk,6.22,Moderate,27.18,Reinvestor,369110.65,402972.23,48.97,9.23,38.87,1.0,-4.0,92035.0,-101.0,87082.0,20301.0,,7.77,,,,,,,,OK,DECLINE_TO_LOSS,DECLINE_TO_LOSS,17.82
TCS,Mar 2013,22.35,28.64,36.52,46.4,27.1,0.01,False,400.38,,False,-1565.0,1.21,5577.0,Moderate,9.59,Capital Intensive,30.91,Reinvestor,461188.15,542230.13,78.69,6.08,29.94,1.62,36.0,38546.0,31.0,332.0,11615.0,,,,,,,,,,INSUFFICIENT,INSUFFICIENT,INSUFFICIENT,38.44
TCS,Mar 2014,23.63,30.75,39.3,50.82,28.93,0.01,False,686.92,,False,-3137.0,1.22,5299.0,Moderate,11.55,Capital Intensive,21.07,Reinvestor,461188.15,542230.13,78.69,6.08,29.94,1.62,49.0,49195.0,33.0,297.0,14751.0,,,,,,,,,,INSUFFICIENT,INSUFFICIENT,INSUFFICIENT,39.68
TCS,Mar 2015,21.19,25.87,39.62,48.01,27.36,0.01,False,271.17,,False,-1304.0,1.29,17562.0,Moderate,1.91,Asset Light,71.73,Reinvestor,461188.15,542230.13,78.69,6.08,29.94,1.62,51.0,50635.0,78.0,358.0,19369.0,,,,,,,,,,INSUFFICIENT,INSUFFICIENT,INSUFFICIENT,39.38
TCS,Mar 2016,22.4,28.24,34.24,43.01,27.57,0.0,False,1023.06,,False,-22577.0,1.23,14099.0,Moderate,4.61,Moderate,45.96,Reinvestor,461188.15,542230.13,78.69,6.08,29.94,1.62,62.0,71072.0,35.0,245.0,19109.0,,,,,,,,,,INSUFFICIENT,INSUFFICIENT,INSUFFICIENT,37.69
TCS,Mar 2017,22.34,27.39,30.57,37.35,25.76,0.0,False,1141.62,,False,-41691.0,1.15,8328.0,Moderate,14.32,Capital Intensive,25.77,Reinvestor,461188.15,542230.13,78.69,6.08,29.94,1.62,67.0,86214.0,35.0,289.0,25223.0,,,,,,,,,,INSUFFICIENT,INSUFFICIENT,INSUFFICIENT,36.32
TCS,Mar 2018,21.02,26.41,30.4,38.09,24.62,0.0,False,695.35,,False,-35761.0,1.17,28171.0,Moderate,2.52,Asset Light,86.64,Liquidating Assets,461188.15,542230.13,78.69,6.08,29.94,1.62,67.0,85128.0,37.0,247.0,25067.0,,14.34,,,12.95,,,13.23,,OK,OK,OK,39.46
TCS,Mar 2019,21.55,26.97,35.29,44.14,27.71,0.0,False,221.3,,False,-29268.0,1.29,30238.0,Moderate,1.12,Asset Light,76.54,Liquidating Assets,461188.15,542230.13,78.69,6.08,29.94,1.62,84.0,89446.0,36.0,62.0,28593.0,,12.35,,,10.3,,,11.38,,OK,OK,OK,40.83
TCS,Mar 2020,20.67,26.83,38.57,45.62,27.01,0.1,False,50.54,,False,-18182.0,1.31,41337.0,Moderate,5.71,Moderate,98.17,Liquidating Assets,461188.15,542230.13,78.69,6.08,29.94,1.62,86.0,84126.0,85.0,8174.0,32369.0,,10.64,,,10.1,,,11.02,,OK,OK,OK,41.35
TCS,Mar 2021,19.83,28.35,37.67,49.4,25.05,0.09,False,76.08,,False,-21578.0,1.26,30846.0,High Quality,4.85,Moderate,66.27,Reinvestor,461188.15,542230.13,78.69,6.08,29.94,1.62,88.0,86433.0,43.0,7795.0,38802.0,,8.61,,,5.99,,,7.26,,OK,OK,OK,40.12
TCS,Mar 2022,20.05,27.67,43.13,54.72,27.28,0.09,False,72.8,,False,-22667.0,1.36,39211.0,High Quality,0.38,Asset Light,73.9,Reinvestor,461188.15,542230.13,78.69,6.08,29.94,1.62,105.0,89139.0,41.0,7818.0,39949.0,,10.2,,,7.84,,,9.4,,OK,OK,OK,42.6
TCS,Mar 2023,18.76,26.28,46.78,60.4,29.61,0.09,False,80.5,,False,-29475.0,1.58,42513.0,Moderate,0.24,Asset Light,71.74,Liquidating Assets,461188.15,542230.13,78.69,6.08,29.94,1.62,115.0,90424.0,100.0,7688.0,41965.0,,12.86,,,10.33,,,11.41,,OK,OK,OK,44.49
TCS,Mar 2024,19.14,26.69,50.94,65.27,31.69,0.09,False,87.1,,False,-23741.0,1.66,50429.0,Moderate,2.53,Asset Light,78.43,Liquidating Assets,461188.15,542230.13,78.69,6.08,29.94,1.62,127.0,90489.0,58.0,8021.0,44338.0,,10.46,,,7.87,,,8.62,,OK,OK,OK,45.49
TECHM,Mar 2013,19.02,20.69,24.09,20.89,14.55,0.25,False,12.44,,False,-2719.0,0.77,233.0,Moderate,9.05,Capital Intensive,16.39,Mixed,3021095.64,3131058.36,57.4,7.43,7.85,0.64,25.0,5426.0,5.0,1380.0,855.0,,,,,,,,,,INSUFFICIENT,INSUFFICIENT,INSUFFICIENT,32.51
TECHM,Mar 2014,16.29,22.19,33.35,43.71,19.21,0.04,False,55.2,,False,-1109.0,1.18,1887.0,Moderate,1.55,Asset Light,45.23,Liquidating Assets,3021095.64,3131058.36,57.4,7.43,7.85,0.64,32.0,9182.0,15.0,363.0,1596.0,,,,,,,,,,INSUFFICIENT,INSUFFICIENT,INSUFFICIENT,36.03
TECHM,Mar 2015,11.75,18.54,21.71,32.38,13.4,0.06,False,62.3,,False,-1403.0,1.14,583.0,Moderate,8.24,Capital Intensive,13.9,Reinvestor,3021095.64,3131058.36,57.4,7.43,7.85,0.64,27.0,12248.0,22.0,700.0,2448.0,,,,,,,,,,INSUFFICIENT,INSUFFICIENT,INSUFFICIENT,30.97
TECHM,Mar 2016,11.43,16.08,20.75,27.16,13.44,0.07,False,48.59,,False,-206.0,1.18,1684.0,High Quality,5.48,Moderate,39.53,Reinvestor,3021095.64,3131058.36,57.4,7.43,7.85,0.64,31.0,14591.0,35.0,1091.0,3137.0,,,,,,,,,,INSUFFICIENT,INSUFFICIENT,INSUFFICIENT,30.59
TECHM,Mar 2017,9.78,14.36,17.35,23.5,10.94,0.08,False,38.44,,False,-1030.0,1.12,1178.0,High Quality,9.93,Capital Intensive,28.15,Reinvestor,3021095.64,3131058.36,57.4,7.43,7.85,0.64,29.0,16437.0,28.0,1366.0,4071.0,,,,,,,,,,INSUFFICIENT,INSUFFICIENT,INSUFFICIENT,28.99
TECHM,Mar 2018,12.3,15.31,20.09,22.18,12.44,0.13,False,37.82,,False,-2444.0,1.01,235.0,Moderate,10.79,Capital Intensive,4.99,Reinvestor,3021095.64,3131058.36,57.4,7.43,7.85,0.64,39.0,18843.0,33.0,2397.0,3554.0,,34.96,,,23.7,,,9.3,,OK,OK,OK,37.86
TECHM,Mar 2019,12.35,18.05,21.14,28.15,12.82,0.1,False,51.17,,False,-5346.0,1.04,2328.0,High Quality,6.06,Moderate,37.12,Reinvestor,3021095.64,3131058.36,57.4,7.43,7.85,0.64,44.0,20285.0,29.0,1996.0,4432.0,,13.07,,,6.97,,,6.58,,OK,OK,OK,33.37
TECHM,Mar 2020,10.57,14.93,17.87,21.59,10.44,0.17,False,34.87,,False,-2178.0,0.99,5439.0,High Quality,2.93,Asset Light,98.84,Liquidating Assets,3021095.64,3131058.36,57.4,7.43,7.85,0.64,42.0,21813.0,32.0,3670.0,4358.0,,10.26,,,7.94,,,9.24,,OK,OK,OK,31.35
TECHM,Mar 2021,11.5,17.95,17.51,24.48,10.99,0.12,False,43.59,,False,-7337.0,0.96,2661.0,High Quality,14.35,Capital Intensive,39.16,Reinvestor,3021095.64,3131058.36,57.4,7.43,7.85,0.64,46.0,24865.0,89.0,2901.0,8094.0,,7.4,,,7.54,,,8.21,,OK,OK,OK,31.01
TECHM,Mar 2022,12.61,17.96,20.94,27.18,12.68,0.1,False,56.04,,False,-2266.0,1.01,5765.0,Moderate,1.08,Asset Light,71.88,Liquidating Assets,3021095.64,3131058.36,57.4,7.43,7.85,0.64,57.0,26886.0,47.0,2618.0,5285.0,,8.91,,,14.58,,,14.47,,OK,OK,OK,33.46
TECHM,Mar 2023,9.11,14.57,17.39,25.32,10.6,0.1,False,26.77,,False,-648.0,1.16,5346.0,High Quality,0.42,Asset Light,68.87,Reinvestor,3021095.64,3131058.36,57.4,7.43,7.85,0.64,50.0,27924.0,91.0,2740.0,5572.0,,11.61,,,5.11,,,5.09,,OK,OK,OK,31.12
TECHM,Mar 2024,4.61,8.67,8.99,15.43,5.56,0.1,False,13.86,,False,-701.0,1.21,5058.0,High Quality,2.53,Asset Light,112.25,Reinvestor,3021095.64,3131058.36,57.4,7.43,7.85,0.64,24.0,26669.0,150.0,2537.0,6376.0,,8.4,,,-10.99,,,-11.42,,OK,OK,OK,25.24
TITAN,Mar 2013,7.16,10.02,36.8,51.47,12.32,0.0,False,21.82,,False,-3.0,1.72,411.0,Moderate,1.4,Asset Light,40.53,Reinvestor,1793769.72,2116401.21,10.13,10.51,21.0,3.1,8.0,1970.0,26.0,0.0,553.0,,,,,,,,,,INSUFFICIENT,INSUFFICIENT,INSUFFICIENT,36.03
TITAN,Mar 2014,6.73,9.58,29.13,31.44,12.03,0.32,False,13.38,,False,804.0,1.79,-826.0,Accrual Risk,2.48,Asset Light,-78.89,Growth Funded by Debt,1793769.72,2116401.21,10.13,10.51,21.0,3.1,8.0,2523.0,25.0,807.0,-555.0,,,,,,,,,,INSUFFICIENT,INSUFFICIENT,INSUFFICIENT,32.69
TITAN,Mar 2015,6.85,9.68,26.46,36.21,13.91,0.03,False,15.06,,False,97.0,2.03,385.0,Moderate,0.99,Asset Light,33.39,Reinvestor,1793769.72,2116401.21,10.13,10.51,21.0,3.1,9.0,3084.0,25.0,100.0,503.0,,,,,,,,,,INSUFFICIENT,INSUFFICIENT,INSUFFICIENT,32.6
TITAN,Mar 2016,5.99,8.33,19.25,25.94,10.64,0.03,False,24.0,,False,83.0,1.78,417.0,Moderate,1.41,Asset Light,44.41,Reinvestor,1793769.72,2116401.21,10.13,10.51,21.0,3.1,8.0,3507.0,29.0,113.0,576.0,,,,,,,,,,INSUFFICIENT,INSUFFICIENT,INSUFFICIENT,29.66
TITAN,Mar 2017,5.26,8.78,16.47,19.04,8.29,0.44,False,29.53,,False,1451.0,1.58,759.0,High Quality,7.19,Moderate,65.21,Reinvestor,1793769.72,2116401.21,10.13,10.51,21.0,3.1,8.0,4233.0,32.0,1882.0,1712.0,,,,,,,,,,INSUFFICIENT,INSUFFICIENT,INSUFFICIENT,27.52
TITAN,Mar 2018,6.84,10.2,21.65,24.24,11.57,0.33,False,32.34,,False,1655.0,1.69,47.0,Accrual Risk,0.61,Asset Light,2.86,Unknown,1793769.72,2116401.21,10.13,10.51,21.0,3.1,13.0,5090.0,29.0,1691.0,-51.0,,9.75,,,8.73,,,10.2,,OK,OK,OK,32.31
TITAN,Mar 2019,7.02,10.08,22.88,23.56,11.86,0.39,False,40.98,,False,2285.0,1.69,446.0,Moderate,4.03,Moderate,22.37,Reinvestor,1793769.72,2116401.21,10.13,10.51,21.0,3.1,16.0,6070.0,32.0,2393.0,1243.0,,12.6,,,13.58,,,14.87,,OK,OK,OK,33.57
TITAN,Mar 2020,7.09,11.7,22.39,24.07,11.02,0.53,False,15.76,,False,3404.0,1.55,-113.0,Accrual Risk,1.12,Asset Light,-4.59,Unknown,1793769.72,2116401.21,10.13,10.51,21.0,3.1,17.0,6669.0,24.0,3562.0,-348.0,,12.06,,,12.84,,,13.56,,OK,OK,OK,32.84
TITAN,Mar 2021,4.5,7.97,12.99,13.13,5.92,0.75,False,9.38,,False,2814.0,1.32,1340.0,High Quality,12.93,Capital Intensive,77.68,Reinvestor,1793769.72,2116401.21,10.13,10.51,21.0,3.1,11.0,7497.0,37.0,5638.0,4139.0,,13.93,,,7.61,,,6.58,,OK,OK,OK,28.12
TITAN,Mar 2022,7.63,11.61,23.63,20.17,10.37,0.78,False,16.15,,False,6981.0,1.36,441.0,Accrual Risk,4.05,Moderate,13.19,Unknown,1793769.72,2116401.21,10.13,10.51,21.0,3.1,24.0,9303.0,31.0,7275.0,-724.0,,16.78,,,25.82,,,24.57,,OK,OK,OK,34.7
TITAN,Mar 2023,8.07,12.03,27.63,23.01,12.12,0.79,False,17.29,,False,6852.0,1.5,-444.0,Accrual Risk,4.47,Moderate,-9.09,Mixed,1793769.72,2116401.21,10.13,10.51,21.0,3.1,37.0,11851.0,27.0,9367.0,1370.0,,20.28,,,24.33,,,23.27,,OK,OK,OK,36.68
TITAN,Mar 2024,6.84,10.36,37.22,21.24,11.08,1.65,False,9.41,,False,13183.0,1.62,1506.0,Accrual Risk,0.37,Asset Light,28.46,Reinvestor,1793769.72,2116401.21,10.13,10.51,21.0,3.1,39.0,9393.0,28.0,15528.0,1695.0,,20.9,,,20.27,,,19.51,,OK,OK,OK,37.88
TORNTPHARM,Mar 2013,13.58,21.76,30.59,32.96,11.59,0.49,False,20.53,,False,633.0,0.85,-94.0,Accrual Risk,7.71,Moderate,-13.49,Mixed,1870170.39,2275967.43,46.4,6.43,27.93,1.22,13.0,1422.0,45.0,693.0,153.0,,,,,,,,,,INSUFFICIENT,INSUFFICIENT,INSUFFICIENT,33.29
TORNTPHARM,Mar 2014,15.92,22.89,34.89,31.47,13.22,0.59,False,16.76,,False,946.0,0.83,181.0,Moderate,10.02,Capital Intensive,18.95,Mixed,1870170.39,2275967.43,46.4,6.43,27.93,1.22,20.0,1903.0,25.0,1132.0,599.0,,,,,,,,,,INSUFFICIENT,INSUFFICIENT,INSUFFICIENT,35.05
TORNTPHARM,Mar 2015,16.2,22.0,30.15,19.5,9.6,1.1,False,7.46,,False,2442.0,0.59,-1303.0,High Quality,45.58,Capital Intensive,-127.75,Mixed,1870170.39,2275967.43,46.4,6.43,27.93,1.22,22.0,2491.0,25.0,2740.0,810.0,,,,,,,,,,INSUFFICIENT,INSUFFICIENT,INSUFFICIENT,32.18
TORNTPHARM,Mar 2016,25.92,40.87,49.6,46.75,19.5,0.67,False,15.03,,False,1572.0,0.75,1873.0,High Quality,13.0,Capital Intensive,68.53,Reinvestor,1870170.39,2275967.43,46.4,6.43,27.93,1.22,51.0,3494.0,34.0,2352.0,2742.0,,,,,,,,,,INSUFFICIENT,INSUFFICIENT,INSUFFICIENT,41.95
TORNTPHARM,Mar 2017,16.06,23.68,21.47,20.07,9.73,0.58,False,7.77,,False,1706.0,0.61,211.0,High Quality,13.72,Capital Intensive,15.32,Reinvestor,1870170.39,2275967.43,46.4,6.43,27.93,1.22,28.0,4351.0,25.0,2510.0,1009.0,,,,,,,,,,INSUFFICIENT,INSUFFICIENT,INSUFFICIENT,30.18
TORNTPHARM,Mar 2018,11.39,22.67,14.67,12.17,4.76,1.4,False,5.35,,False,5970.0,0.42,-3783.0,High Quality,78.61,Capital Intensive,-280.43,Mixed,1870170.39,2275967.43,46.4,6.43,27.93,1.22,20.0,4623.0,35.0,6462.0,894.0,,13.19,,,9.28,,,9.0,,OK,OK,OK,27.94
TORNTPHARM,Mar 2019,5.68,25.84,9.23,18.42,3.09,1.28,False,3.34,,False,5685.0,0.54,1552.0,High Quality,3.21,Moderate,78.27,Reinvestor,1870170.39,2275967.43,46.4,6.43,27.93,1.22,13.0,4725.0,66.0,6038.0,1798.0,,12.96,,,-8.07,,,-8.25,,OK,OK,OK,23.48
TORNTPHARM,Mar 2020,12.91,27.33,21.25,20.46,7.32,1.2,False,5.08,,False,5782.0,0.57,1622.0,High Quality,2.88,Asset Light,74.75,Liquidating Assets,1870170.39,2275967.43,46.4,6.43,27.93,1.22,30.0,4824.0,53.0,5784.0,1393.0,,11.36,,,6.42,,,6.4,,OK,OK,OK,30.54
TORNTPHARM,Mar 2021,15.64,30.98,21.45,23.15,8.9,0.83,False,7.19,,False,4693.0,0.57,1561.0,High Quality,5.55,Moderate,62.94,Reinvestor,1870170.39,2275967.43,46.4,6.43,27.93,1.22,37.0,5838.0,47.0,4874.0,2005.0,,3.66,,,-6.3,,,-6.22,,OK,OK,OK,29.46
TORNTPHARM,Mar 2022,9.13,28.57,13.05,24.25,6.02,0.68,False,8.4,,False,3844.0,0.66,1607.0,High Quality,2.3,Asset Light,66.1,Reinvestor,1870170.39,2275967.43,46.4,6.43,27.93,1.22,23.0,5953.0,105.0,4070.0,1803.0,,7.9,,,-3.61,,,-3.86,,OK,OK,OK,26.52
TORNTPHARM,Mar 2023,12.94,29.54,20.09,24.57,8.52,0.87,False,8.67,,False,5170.0,0.66,33.0,High Quality,24.27,Capital Intensive,1.16,Mixed,1870170.39,2275967.43,46.4,6.43,27.93,1.22,37.0,6198.0,60.0,5369.0,2368.0,,10.09,,,12.92,,,13.09,,OK,OK,OK,31.34
TORNTPHARM,Mar 2024,15.44,31.39,24.15,30.96,11.42,0.59,False,9.93,,False,3849.0,0.74,3106.0,High Quality,1.49,Asset Light,92.22,Reinvestor,1870170.39,2275967.43,46.4,6.43,27.93,1.22,49.0,6856.0,57.0,4022.0,3266.0,,6.93,,,30.59,,,30.39,,OK,OK,OK,35.2
TRENT,Mar 2013,-1.27,0.23,-2.19,0.32,-1.22,0.28,False,2.17,,False,26.0,0.97,-245.0,Accrual Risk,12.95,Capital Intensive,-4900.0,Mixed,571322.04,566293.08,8.65,11.82,34.65,3.46,-1.0,1231.0,-87.0,343.0,31.0,,,,,,,,,,INSUFFICIENT,INSUFFICIENT,INSUFFICIENT,19.39
TRENT,Mar 2014,-0.81,-0.43,-1.92,-0.76,-0.98,0.34,False,3.12,,False,32.0,1.21,-94.0,High Quality,2.06,Asset Light,940.0,Pre-Revenue,571322.04,566293.08,8.65,11.82,34.65,3.46,-1.0,991.0,-125.0,332.0,-46.0,,,,,,,,,,INSUFFICIENT,INSUFFICIENT,INSUFFICIENT,19.7
TRENT,Mar 2015,5.65,3.85,9.07,5.21,5.85,0.19,False,13.45,,False,-473.0,1.03,-316.0,Accrual Risk,13.4,Capital Intensive,-359.09,Growth Funded by Debt,571322.04,566293.08,8.65,11.82,34.65,3.46,4.0,1422.0,26.0,267.0,-10.0,,,,,,,,,,INSUFFICIENT,INSUFFICIENT,INSUFFICIENT,24.95
TRENT,Mar 2016,3.26,5.34,3.76,4.83,2.55,0.27,False,3.67,,False,-667.0,0.78,11.0,High Quality,5.81,Moderate,12.22,Reinvestor,571322.04,566293.08,8.65,11.82,34.65,3.46,2.0,1464.0,54.0,400.0,109.0,,,,,,,,,,INSUFFICIENT,INSUFFICIENT,INSUFFICIENT,22.21
TRENT,Mar 2017,4.69,7.4,5.49,6.91,3.83,0.25,False,4.67,,False,-688.0,0.82,58.0,High Quality,2.43,Asset Light,43.28,Reinvestor,571322.04,566293.08,8.65,11.82,34.65,3.46,3.0,1547.0,39.0,392.0,102.0,,,,,,,,,,INSUFFICIENT,INSUFFICIENT,INSUFFICIENT,23.18
TRENT,Mar 2018,4.03,9.64,5.45,10.47,3.72,0.25,False,5.34,,False,-632.0,0.92,73.0,Moderate,0.19,Asset Light,35.1,Reinvestor,571322.04,566293.08,8.65,11.82,34.65,3.46,3.0,1595.0,44.0,391.0,77.0,,0.23,,,,,,,,OK,TURNAROUND,TURNAROUND,23.17
TRENT,Mar 2019,3.61,9.16,5.77,11.26,3.71,0.3,False,5.31,,False,-389.0,1.03,-16.0,Accrual Risk,1.41,Asset Light,-6.64,Mixed,571322.04,566293.08,8.65,11.82,34.65,3.46,3.0,1646.0,45.0,494.0,21.0,,2.43,,,,,,,,OK,TURNAROUND,TURNAROUND,23.54
TRENT,Mar 2020,3.04,15.17,4.44,19.68,1.92,0.13,False,2.57,,False,-1215.0,0.63,-448.0,High Quality,23.21,Capital Intensive,-84.69,Mixed,571322.04,566293.08,8.65,11.82,34.65,3.46,3.0,2388.0,29.0,300.0,361.0,,8.82,,,-3.85,,,-5.59,,OK,OK,OK,23.47
TRENT,Mar 2021,-6.98,4.4,-7.83,4.36,-3.16,0.13,False,1.2,,True,-1187.0,0.45,303.0,Accrual Risk,0.69,Asset Light,265.79,Liquidating Assets,571322.04,566293.08,8.65,11.82,34.65,3.46,-4.0,2313.0,-15.0,300.0,285.0,,8.99,,,,,,,,OK,DECLINE_TO_LOSS,DECLINE_TO_LOSS,17.4
TRENT,Mar 2022,0.78,13.23,1.48,8.39,0.45,2.0,False,2.3,,False,3441.0,0.58,114.0,High Quality,1.24,Asset Light,19.16,Liquidating Assets,571322.04,566293.08,8.65,11.82,34.65,3.46,3.0,2364.0,57.0,4725.0,58.0,,19.94,,,-16.26,,,0.0,,OK,OK,OK,18.62
TRENT,Mar 2023,4.78,13.52,15.18,15.78,4.88,1.72,False,3.56,,False,3354.0,1.02,492.0,High Quality,1.25,Asset Light,44.17,Reinvestor,571322.04,566293.08,8.65,11.82,34.65,3.46,13.0,2596.0,18.0,4464.0,595.0,,30.75,,,35.27,,,34.08,,OK,OK,OK,31.99
TRENT,Mar 2024,11.94,15.93,36.31,33.86,20.62,0.43,False,8.04,,False,337.0,1.73,841.0,Moderate,4.11,Moderate,42.67,Reinvestor,571322.04,566293.08,8.65,11.82,34.65,3.46,42.0,4068.0,8.0,1753.0,1349.0,,36.31,,,73.11,,,69.52,,OK,OK,OK,48.72
TVSMOTOR,Mar 2013,2.64,5.83,22.02,22.27,5.86,1.19,False,5.51,,False,720.0,2.22,344.0,High Quality,1.6,Asset Light,78.54,Reinvestor,266591.41,334973.15,46.1,5.62,7.1,3.07,4.0,899.0,30.0,1068.0,464.0,,,,,,,,,,INSUFFICIENT,INSUFFICIENT,INSUFFICIENT,28.08
TVSMOTOR,Mar 2014,2.23,5.87,16.11,26.05,5.15,0.63,False,6.7,,False,289.0,2.31,235.0,High Quality,2.8,Asset Light,47.76,Reinvestor,266591.41,334973.15,46.1,5.62,7.1,3.07,4.0,1161.0,37.0,728.0,470.0,,,,,,,,,,INSUFFICIENT,INSUFFICIENT,INSUFFICIENT,27.13
TVSMOTOR,Mar 2015,3.2,5.9,24.75,24.75,7.18,0.84,False,11.05,,False,580.0,2.24,-332.0,Accrual Risk,4.05,Moderate,-54.88,Mixed,266591.41,334973.15,46.1,5.62,7.1,3.07,7.0,1325.0,28.0,1119.0,83.0,,,,,,,,,,INSUFFICIENT,INSUFFICIENT,INSUFFICIENT,29.86
TVSMOTOR,Mar 2016,3.77,7.2,23.58,28.14,8.34,0.6,False,13.03,,False,148.0,2.21,331.0,High Quality,5.32,Moderate,40.42,Reinvestor,266591.41,334973.15,46.1,5.62,7.1,3.07,9.0,1819.0,28.0,1091.0,936.0,,,,,,,,,,INSUFFICIENT,INSUFFICIENT,INSUFFICIENT,30.02
TVSMOTOR,Mar 2017,4.08,6.99,22.96,24.69,8.31,0.59,False,17.23,,False,156.0,2.03,-20.0,High Quality,5.69,Moderate,-2.3,Reinvestor,266591.41,334973.15,46.1,5.62,7.1,3.07,11.0,2217.0,23.0,1311.0,689.0,,,,,,,,,,INSUFFICIENT,INSUFFICIENT,INSUFFICIENT,29.7
TVSMOTOR,Mar 2018,4.07,9.61,24.83,16.35,5.04,2.59,False,4.86,,False,6507.0,1.24,-741.0,Moderate,6.7,Moderate,-47.17,Mixed,266591.41,334973.15,46.1,5.62,7.1,3.07,14.0,2678.0,24.0,6928.0,354.0,,16.82,,,27.42,,,28.47,,OK,OK,OK,30.83
TVSMOTOR,Mar 2019,3.6,10.73,22.86,17.35,4.34,2.93,False,3.3,,False,8858.0,1.21,-2022.0,Accrual Risk,5.48,Moderate,-93.48,Growth Funded by Debt,266591.41,334973.15,46.1,5.62,7.1,3.07,15.0,3171.0,24.0,9298.0,-918.0,,19.18,,,31.13,,,30.26,,OK,OK,OK,30.06
TVSMOTOR,Mar 2020,3.43,12.01,19.71,15.22,3.36,3.53,False,2.66,,False,11220.0,0.98,-717.0,Moderate,5.78,Moderate,-31.67,Mixed,266591.41,334973.15,46.1,5.62,7.1,3.07,13.0,3283.0,27.0,11591.0,373.0,,12.94,,,14.55,,,13.18,,OK,OK,OK,24.9
TVSMOTOR,Mar 2021,3.13,11.49,15.89,13.94,2.78,3.18,False,2.57,,False,11711.0,0.89,269.0,High Quality,4.54,Moderate,12.05,Mixed,266591.41,334973.15,46.1,5.62,7.1,3.07,13.0,3827.0,28.0,12179.0,1151.0,,11.29,,,7.22,,,7.63,,OK,OK,OK,23.13
TVSMOTOR,Mar 2022,3.0,11.31,16.61,13.62,2.72,3.6,False,2.93,,False,15222.0,0.9,-3046.0,Accrual Risk,6.04,Moderate,-110.56,Growth Funded by Debt,266591.41,334973.15,46.1,5.62,7.1,3.07,16.0,4400.0,24.0,15827.0,-1575.0,,14.34,,,7.51,,,7.78,,OK,OK,OK,23.02
TVSMOTOR,Mar 2023,4.09,12.59,23.78,14.44,3.74,4.06,False,3.04,,False,21409.0,0.91,-5713.0,Accrual Risk,4.09,Moderate,-141.87,Growth Funded by Debt,266591.41,334973.15,46.1,5.62,7.1,3.07,28.0,5505.0,18.0,22376.0,-4405.0,,14.37,,,14.5,,,14.87,,OK,OK,OK,25.54
TVSMOTOR,Mar 2024,4.54,14.05,26.22,16.77,4.23,3.83,False,2.91,,False,24883.0,0.93,-2254.0,Accrual Risk,2.56,Asset Light,-40.98,Growth Funded by Debt,266591.41,334973.15,46.1,5.62,7.1,3.07,36.0,6784.0,23.0,26006.0,-1253.0,,14.19,,,19.67,,,19.14,,OK,OK,OK,27.45
ULTRACEMCO,Mar 2013,13.1,23.59,17.65,21.44,9.09,0.48,False,20.41,,False,2633.0,0.69,-744.0,High Quality,21.26,Capital Intensive,-15.38,Mixed,,,,,,,98.0,15229.0,9.0,7342.0,3618.0,,,,,,,,,,INSUFFICIENT,INSUFFICIENT,INSUFFICIENT,28.53
ULTRACEMCO,Mar 2014,10.68,19.46,12.88,16.46,6.88,0.43,False,12.07,,False,2470.0,0.64,1113.0,High Quality,11.3,Capital Intensive,27.58,Reinvestor,,,,,,,80.0,17182.0,11.0,7332.0,3455.0,,,,,,,,,,INSUFFICIENT,INSUFFICIENT,INSUFFICIENT,26.42
ULTRACEMCO,Mar 2015,9.02,18.99,11.04,15.33,5.52,0.52,False,8.13,,False,5329.0,0.61,2046.0,High Quality,9.2,Capital Intensive,46.24,Reinvestor,,,,,,,76.0,19041.0,12.0,9829.0,4190.0,,,,,,,,,,INSUFFICIENT,INSUFFICIENT,INSUFFICIENT,25.24
ULTRACEMCO,Mar 2016,9.86,19.48,11.3,15.05,6.02,0.48,False,9.48,,False,5521.0,0.61,853.0,High Quality,14.6,Capital Intensive,17.4,Reinvestor,,,,,,,90.0,21945.0,11.0,10616.0,4526.0,,,,,,,,,,INSUFFICIENT,INSUFFICIENT,INSUFFICIENT,25.58
ULTRACEMCO,Mar 2017,10.7,20.54,11.13,15.86,6.43,0.35,False,9.16,,False,1783.0,0.6,2504.0,High Quality,9.86,Capital Intensive,48.04,Reinvestor,,,,,,,99.0,24392.0,10.0,8474.0,5005.0,,,,,,,,,,INSUFFICIENT,INSUFFICIENT,INSUFFICIENT,25.94
ULTRACEMCO,Mar 2018,7.18,19.84,8.43,13.4,3.89,0.74,False,5.16,,False,14033.0,0.54,5754.0,High Quality,6.02,Moderate,93.64,Liquidating Assets,,,,,,,81.0,26382.0,13.0,19480.0,3888.0,,8.59,,,-3.72,,,-3.74,,OK,OK,OK,24.36
ULTRACEMCO,Mar 2019,5.79,17.72,7.11,12.43,3.14,0.75,False,4.33,,False,22416.0,0.54,7121.0,High Quality,2.81,Asset Light,96.92,Liquidating Assets,,,,,,,88.0,33751.0,13.0,25337.0,5956.0,,14.87,,,1.64,,,1.92,,OK,OK,OK,25.08
ULTRACEMCO,Mar 2020,13.55,21.79,14.73,14.9,7.26,0.59,False,4.97,,False,17090.0,0.54,4780.0,High Quality,9.88,Capital Intensive,51.7,Reinvestor,,,,,,,199.0,39044.0,7.0,23019.0,8972.0,,12.73,,,22.3,,,21.23,,OK,OK,OK,31.37
ULTRACEMCO,Mar 2021,12.21,25.86,12.36,17.56,6.34,0.49,False,8.2,,False,9541.0,0.52,3644.0,High Quality,19.8,Capital Intensive,31.5,Reinvestor,,,,,,,189.0,44175.0,20.0,21719.0,12500.0,,12.2,,,17.11,,,16.0,,OK,OK,OK,29.85
ULTRACEMCO,Mar 2022,13.94,21.89,14.54,18.65,8.75,0.22,False,12.89,,False,4963.0,0.63,11540.0,High Quality,4.29,Moderate,100.23,Liquidating Assets,,,,,,,254.0,50436.0,15.0,11299.0,9283.0,,15.69,,,22.0,,,20.74,,OK,OK,OK,32.62
ULTRACEMCO,Mar 2023,8.02,16.79,9.34,16.24,5.55,0.2,False,13.52,,False,3761.0,0.69,1881.0,High Quality,11.37,Capital Intensive,17.71,Reinvestor,,,,,,,175.0,54325.0,22.0,11058.0,9069.0,,15.34,,,17.93,,,16.66,,OK,OK,OK,29.26
ULTRACEMCO,Mar 2024,9.88,18.29,11.63,18.11,6.95,0.19,False,13.98,,False,3154.0,0.7,2109.0,High Quality,12.39,Capital Intensive,16.26,Reinvestor,,,,,,,243.0,60228.0,29.0,11403.0,10898.0,,11.33,,,23.89,,,22.53,,OK,OK,OK,30.46
UNIONBANK,Mar 2013,8.53,1.29,12.39,0.11,0.69,16.61,True,0.18,,True,205781.0,0.08,-4588.0,Accrual Risk,1.36,Asset Light,-1411.69,Growth Funded by Debt,,,,,,,36.0,17319.0,22.0,287589.0,-4245.0,,,,,,,,,,INSUFFICIENT,INSUFFICIENT,INSUFFICIENT,6.12
UNIONBANK,Mar 2014,5.74,-3.07,9.05,-0.26,0.48,17.55,True,0.1,,True,232442.0,0.08,2207.0,High Quality,1.23,Asset Light,-244.68,Mixed,,,,,,,27.0,18634.0,15.0,327078.0,2570.0,,,,,,,,,,INSUFFICIENT,INSUFFICIENT,INSUFFICIENT,4.4
UNIONBANK,Mar 2015,5.51,-3.03,8.9,-0.26,0.46,17.72,True,0.13,,True,266800.0,0.08,-3885.0,Accrual Risk,0.99,Asset Light,399.28,Growth Funded by Debt,,,,,,,28.0,19899.0,22.0,352618.0,-3567.0,,,,,,,,,,INSUFFICIENT,INSUFFICIENT,INSUFFICIENT,4.3
UNIONBANK,Mar 2016,4.17,-5.97,5.84,-0.48,0.33,16.26,True,0.08,,True,284181.0,0.08,72.0,Accrual Risk,0.03,Asset Light,-3.73,Reinvestor,,,,,,,20.0,23048.0,10.0,374754.0,81.0,,,,,,,,,,INSUFFICIENT,INSUFFICIENT,INSUFFICIENT,2.96
UNIONBANK,Mar 2017,1.75,-14.72,2.38,-1.09,0.13,17.37,True,0.03,,True,304979.0,0.07,-6904.0,Accrual Risk,0.85,Asset Light,142.94,Growth Funded by Debt,,,,,,,8.0,24093.0,0.0,418420.0,-6624.0,,,,,,,,,,INSUFFICIENT,INSUFFICIENT,INSUFFICIENT,1.25
UNIONBANK,Mar 2018,-15.82,-35.51,-20.64,-2.43,-1.06,18.06,True,-0.27,,True,330484.0,0.07,5782.0,Accrual Risk,0.96,Asset Light,-49.42,Mixed,,,,,,,-45.0,25252.0,0.0,455969.0,6097.0,,5.54,,,,,,,,OK,DECLINE_TO_LOSS,DECLINE_TO_LOSS,-9.49
UNIONBANK,Mar 2019,-8.52,-25.07,-10.89,-1.76,-0.59,17.17,True,-0.15,,True,332389.0,0.07,-8075.0,High Quality,0.87,Asset Light,93.88,Growth Funded by Debt,,,,,,,-17.0,26836.0,0.0,460780.0,-7778.0,,3.14,,,,,,,,OK,DECLINE_TO_LOSS,DECLINE_TO_LOSS,-4.97
UNIONBANK,Mar 2020,-8.33,-25.41,-9.18,-1.77,-0.56,14.86,True,-0.14,,True,350899.0,0.07,-81.0,Accrual Risk,0.01,Asset Light,0.85,Growth Funded by Debt,,,,,,,-9.0,33990.0,0.0,505150.0,-77.0,,3.11,,,,,,,,OK,DECLINE_TO_LOSS,DECLINE_TO_LOSS,-4.34
UNIONBANK,Mar 2021,4.13,-15.97,4.42,-1.06,0.26,15.1,True,0.07,,True,638517.0,0.06,19926.0,High Quality,0.87,Asset Light,-179.98,Reinvestor,,,,,,,4.0,64738.0,0.0,977576.0,20527.0,,16.49,,,16.28,,,-27.52,,OK,OK,OK,6.53
UNIONBANK,Mar 2022,7.72,-6.17,7.43,-0.36,0.44,15.32,True,0.23,,True,733774.0,0.06,35781.0,High Quality,0.82,Asset Light,-849.3,Reinvestor,,,,,,,8.0,70861.0,25.0,1085613.0,36339.0,,15.76,,,55.83,,,0.0,,OK,OK,OK,12.15
UNIONBANK,Mar 2023,10.49,-3.73,10.8,-0.24,0.66,14.76,True,0.27,,True,819332.0,0.06,3495.0,Moderate,3.16,Moderate,-115.58,Reinvestor,,,,,,,12.0,78804.0,24.0,1163059.0,6056.0,,19.76,,,,,,,,OK,TURNAROUND,TURNAROUND,8.9
UNIONBANK,Mar 2024,13.75,4.57,14.14,0.34,0.98,12.82,True,0.35,,True,907615.0,0.07,18536.0,High Quality,1.39,Asset Light,403.83,Reinvestor,,,,,,,18.0,97598.0,20.0,1251568.0,19930.0,,23.95,,,,,,,,OK,TURNAROUND,TURNAROUND,11.36
UNITDSPR,Mar 2013,-1.01,10.51,,,,,False,1.26,,True,,,848.0,Accrual Risk,10.8,Capital Intensive,77.73,Reinvestor,,,,,,,-2.0,,-31.0,,1969.0,,,,,,,,,,INSUFFICIENT,INSUFFICIENT,INSUFFICIENT,19.8
UNITDSPR,Mar 2014,-42.72,-32.05,,,,,False,-2.03,,True,,,-804.0,Accrual Risk,2.4,Asset Light,23.87,Growth Funded by Debt,,,,,,,-62.0,,0.0,,-552.0,,,,,,,,,,INSUFFICIENT,INSUFFICIENT,INSUFFICIENT,11.46
UNITDSPR,Mar 2015,-18.23,-3.96,,,,,False,-1.06,,True,,,3659.0,Accrual Risk,41.66,Capital Intensive,-999.73,Unknown,,,,,,,-23.0,,0.0,,-196.0,,,,,,,,,,INSUFFICIENT,INSUFFICIENT,INSUFFICIENT,16.35
UNITDSPR,Mar 2016,1.68,3.92,,,,,False,2.15,,False,,,1016.0,High Quality,8.63,Capital Intensive,305.11,Liquidating Assets,,,,,,,2.0,,0.0,,283.0,,,,,,,,,,INSUFFICIENT,INSUFFICIENT,INSUFFICIENT,20.34
UNITDSPR,Mar 2017,1.05,11.24,,,,,False,1.94,,False,,,420.0,High Quality,2.57,Asset Light,42.38,Reinvestor,,,,,,,1.0,,0.0,,647.0,,,,,,,,,,INSUFFICIENT,INSUFFICIENT,INSUFFICIENT,20.21
UNITDSPR,Mar 2018,7.59,14.07,,,,,False,4.97,,False,,,1029.0,High Quality,1.21,Asset Light,85.11,Liquidating Assets,,,,,,,9.0,,0.0,,925.0,,-3.71,,,,,,,,OK,TURNAROUND,TURNAROUND,20.96
UNITDSPR,Mar 2019,7.32,14.92,,,,,False,6.18,,False,,,882.0,High Quality,0.71,Asset Light,63.27,Reinvestor,,,,,,,10.0,,0.0,,948.0,,-2.33,,,,,,,,OK,TURNAROUND,TURNAROUND,21.11
UNITDSPR,Mar 2020,6.66,16.83,,,,,False,7.82,,False,,,589.0,High Quality,2.08,Asset Light,37.54,Reinvestor,,,,,,,9.0,,0.0,,783.0,,0.15,,,,,,,,OK,TURNAROUND,TURNAROUND,21.35
UNITDSPR,Mar 2021,4.45,12.93,,,,,False,5.46,,False,,,1719.0,High Quality,1.22,Asset Light,163.56,Reinvestor,,,,,,,5.0,,0.0,,1818.0,,-0.87,,,20.41,,,20.11,,OK,OK,OK,22.8
UNITDSPR,Mar 2022,8.35,16.42,,,,,False,16.8,,False,,,664.0,High Quality,3.22,Moderate,41.63,Reinvestor,,,,,,,11.0,,0.0,,977.0,,1.95,,,54.21,,,61.54,,OK,OK,OK,27.38
UNITDSPR,Mar 2023,10.61,13.35,,,,,False,16.02,,False,,,560.0,Moderate,0.52,Asset Light,39.52,Reinvestor,,,,,,,16.0,,0.0,,615.0,,4.32,,,11.55,,,12.2,,OK,OK,OK,23.93
UNITDSPR,Mar 2024,12.44,17.67,,,,,False,29.05,,False,,,1344.0,Moderate,2.0,Asset Light,67.2,Liquidating Assets,,,,,,,19.0,,46.0,,1118.0,,3.92,,,15.53,,,13.7,,OK,OK,OK,24.63
VBL,Dec 2012,1.39,12.67,,,,,False,2.34,,False,,,-227.0,High Quality,28.17,Capital Intensive,-99.56,Mixed,,,,,,,2.0,,0.0,,280.0,,,,,,,,,,INSUFFICIENT,INSUFFICIENT,INSUFFICIENT,20.28
VBL,Dec 2013,-1.89,13.76,,,,,False,1.81,,False,,,-277.0,Accrual Risk,27.14,Capital Intensive,-95.19,Mixed,,,,,,,0.0,,0.0,,297.0,,,,,,,,,,INSUFFICIENT,INSUFFICIENT,INSUFFICIENT,19.62
VBL,Dec 2014,-0.8,15.47,,,,,False,2.14,,False,,,-69.0,Accrual Risk,19.98,Capital Intensive,-17.83,Mixed,,,,,,,0.0,,0.0,,431.0,,,,,,,,,,INSUFFICIENT,INSUFFICIENT,INSUFFICIENT,19.84
VBL,Dec 2015,3.33,18.92,,,,,False,3.99,,False,,,255.0,High Quality,8.84,Capital Intensive,39.72,Reinvestor,,,,,,,1.0,,0.0,,555.0,,,,,,,,,,INSUFFICIENT,INSUFFICIENT,INSUFFICIENT,20.67
VBL,Dec 2016,1.24,20.98,,,,,False,1.92,,False,,,-222.0,High Quality,27.14,Capital Intensive,-27.41,Mixed,,,,,,,0.0,,0.0,,826.0,,,,,,,,,,INSUFFICIENT,INSUFFICIENT,INSUFFICIENT,20.25
VBL,Dec 2017,5.34,20.93,,,,,False,3.96,,False,,,-126.0,High Quality,18.63,Capital Intensive,-15.04,Mixed,,,,,,,1.0,,22.0,,620.0,,17.34,,,53.64,,,-12.94,,OK,OK,OK,29.03
VBL,Dec 2018,5.88,20.29,,,,,False,4.67,,False,,,63.0,High Quality,18.35,Capital Intensive,6.08,Reinvestor,,,,,,,1.0,,16.0,,1000.0,,19.27,,,,,,,,OK,TURNAROUND,ZERO_BASE,24.07
VBL,Dec 2019,6.62,20.5,,,,,False,4.66,,False,,,-1012.0,High Quality,32.54,Capital Intensive,-69.22,Mixed,,,,,,,1.0,,15.0,,1308.0,,23.3,,,,,,,,OK,TURNAROUND,ZERO_BASE,24.82
VBL,Dec 2020,5.53,18.84,,,,,False,4.03,,False,,,540.0,High Quality,7.32,Moderate,44.44,Reinvestor,,,,,,,1.0,,22.0,,1012.0,,13.7,,,25.87,,,0.0,,OK,OK,OK,25.75
VBL,Dec 2021,8.46,19.2,,,,,False,8.43,,False,,,223.0,High Quality,11.42,Capital Intensive,13.16,Reinvestor,,,,,,,2.0,,16.0,,1231.0,,17.97,,,73.1,,,,,OK,OK,ZERO_BASE,31.7
VBL,Dec 2022,11.77,21.73,,,,,False,13.95,,False,,,21.0,High Quality,13.43,Capital Intensive,0.73,Reinvestor,,,,,,,5.0,,15.0,,1790.0,,26.89,,,48.59,,,37.97,,OK,OK,OK,31.25
VBL,Dec 2023,13.1,23.17,,,,,False,12.71,,False,,,-897.0,High Quality,20.49,Capital Intensive,-24.13,Mixed,,,,,,,6.0,,16.0,,2391.0,,25.74,,,47.61,,,43.1,,OK,OK,OK,31.24
VEDL,Mar 2013,82.94,16.92,,,,,False,1.05,,True,,,-289.0,Accrual Risk,11.31,Capital Intensive,-62.15,Mixed,,,,,,,26.0,,0.0,,22.0,,,,,,,,,,INSUFFICIENT,INSUFFICIENT,INSUFFICIENT,36.59
VEDL,Mar 2014,17.26,29.62,,,,,False,4.21,,False,,,12711.0,High Quality,4.37,Moderate,64.87,Reinvestor,,,,,,,21.0,,15.0,,15601.0,,,,,,,,,,INSUFFICIENT,INSUFFICIENT,INSUFFICIENT,23.45
VEDL,Mar 2015,-15.42,30.0,,,,,False,0.51,,True,,,13672.0,Accrual Risk,5.61,Moderate,61.83,Reinvestor,,,,,,,-53.0,,-8.0,,17805.0,,,,,,,,,,INSUFFICIENT,INSUFFICIENT,INSUFFICIENT,16.92
VEDL,Mar 2016,-27.8,-28.76,,,,,False,-2.46,,True,,,12509.0,Accrual Risk,12.24,Capital Intensive,-67.69,Reinvestor,,,,,,,-41.0,,-8.0,,20377.0,,,,,,,,,,INSUFFICIENT,INSUFFICIENT,INSUFFICIENT,14.44
VEDL,Mar 2017,15.67,29.6,,,,,False,4.41,,False,,,20764.0,High Quality,3.71,Moderate,97.14,Liquidating Assets,,,,,,,23.0,,83.0,,18083.0,,,,,,,,,,INSUFFICIENT,INSUFFICIENT,INSUFFICIENT,23.13
VEDL,Mar 2018,14.9,27.08,,,,,False,6.06,,False,,,32846.0,High Quality,16.85,Capital Intensive,132.03,Liquidating Assets,,,,,,,28.0,,76.0,,17366.0,,101.74,,,43.12,,,1.49,,OK,OK,OK,42.55
VEDL,Mar 2019,10.54,25.17,,,,,False,4.82,,False,,,13160.0,High Quality,11.51,Capital Intensive,56.8,Reinvestor,,,,,,,19.0,,99.0,,23754.0,,6.83,,,-3.22,,,-1.98,,OK,OK,OK,22.81
VEDL,Mar 2020,-5.62,24.56,,,,,False,1.17,,True,,,13375.0,Accrual Risk,7.02,Moderate,64.48,Reinvestor,,,,,,,-18.0,,-22.0,,19300.0,,2.76,,,,,,,,OK,BOTH_NEGATIVE,BOTH_NEGATIVE,19.29
VEDL,Mar 2021,17.08,31.04,,,,,False,5.77,,False,,,17302.0,High Quality,7.59,Moderate,63.34,Reinvestor,,,,,,,31.0,,30.0,,23980.0,,6.49,,,,,,,,OK,TURNAROUND,TURNAROUND,24.39
VEDL,Mar 2022,17.86,33.77,,,,,False,9.73,,False,,,32720.0,High Quality,1.69,Asset Light,73.0,Reinvestor,,,,,,,51.0,,89.0,,34963.0,,12.94,,,15.94,,,17.27,,OK,OK,OK,27.11
VEDL,Mar 2023,9.85,23.37,,,,,False,5.95,,False,,,32397.0,High Quality,0.45,Asset Light,94.09,Reinvestor,,,,,,,28.0,,357.0,,33065.0,,9.9,,,1.16,,,0.0,,OK,OK,OK,23.57
VEDL,Mar 2024,5.25,24.57,,,,,False,4.28,,False,,,21978.0,High Quality,9.52,Capital Intensive,62.24,Reinvestor,,,,,,,11.0,,259.0,,35654.0,,9.32,,,-4.91,,,-10.35,,OK,OK,OK,21.96
WIPRO,Mar 2013,16.52,20.46,,,,,False,31.48,,False,,,1858.0,High Quality,12.12,Capital Intensive,24.27,Reinvestor,,,,,,,5.0,,28.0,,6394.0,,,,,,,,,,INSUFFICIENT,INSUFFICIENT,INSUFFICIENT,23.3
WIPRO,Mar 2014,18.4,22.19,,,,,False,30.17,,False,,,6506.0,Moderate,0.65,Asset Light,67.52,Reinvestor,,,,,,,6.0,,25.0,,6790.0,,,,,,,,,,INSUFFICIENT,INSUFFICIENT,INSUFFICIENT,23.68
WIPRO,Mar 2015,18.56,21.94,,,,,False,36.43,,False,,,5303.0,Moderate,5.4,Moderate,51.49,Reinvestor,,,,,,,7.0,,34.0,,7840.0,,,,,,,,,,INSUFFICIENT,INSUFFICIENT,INSUFFICIENT,23.71
WIPRO,Mar 2016,17.48,21.07,,,,,False,24.28,,False,,,-5874.0,Moderate,26.85,Capital Intensive,-54.41,Reinvestor,,,,,,,7.0,,17.0,,7887.0,,,,,,,,,,INSUFFICIENT,INSUFFICIENT,INSUFFICIENT,23.5
WIPRO,Mar 2017,15.36,20.42,,,,,False,23.47,,False,,,-2493.0,High Quality,21.23,Capital Intensive,-22.02,Reinvestor,,,,,,,7.0,,6.0,,9277.0,,,,,,,,,,INSUFFICIENT,INSUFFICIENT,INSUFFICIENT,23.07
WIPRO,Mar 2018,14.69,19.06,,,,,False,22.19,,False,,,12018.0,High Quality,6.6,Moderate,115.7,Liquidating Assets,,,,,,,7.0,,6.0,,8423.0,,7.8,,,5.3,,,6.96,,OK,OK,OK,24.64
WIPRO,Mar 2019,15.28,19.68,,,,,False,19.28,,False,,,16697.0,High Quality,8.58,Capital Intensive,143.78,Liquidating Assets,,,,,,,7.0,,7.0,,11632.0,,6.33,,,2.45,,,3.13,,OK,OK,OK,24.25
WIPRO,Mar 2020,15.98,20.19,,,,,False,20.56,,False,,,13657.0,High Quality,5.88,Moderate,110.65,Liquidating Assets,,,,,,,9.0,,6.0,,10064.0,,5.42,,,2.32,,,5.15,,OK,OK,OK,24.24
WIPRO,Mar 2021,17.55,23.85,,,,,False,33.74,,False,,,15440.0,High Quality,1.11,Asset Light,104.53,Liquidating Assets,,,,,,,10.0,,5.0,,14755.0,,3.86,,,3.94,,,7.39,,OK,OK,OK,24.48
WIPRO,Mar 2022,15.44,21.04,,,,,False,35.25,,False,,,-11241.0,Moderate,28.14,Capital Intensive,-67.38,Mixed,,,,,,,11.0,,27.0,,11080.0,,7.42,,,7.53,,,9.46,,OK,OK,OK,24.95
WIPRO,Mar 2023,12.56,18.61,,,,,False,18.96,,False,,,4891.0,High Quality,9.03,Capital Intensive,29.05,Reinvestor,,,,,,,10.0,,5.0,,13060.0,,10.68,,,7.27,,,7.39,,OK,OK,OK,24.84
WIPRO,Mar 2024,12.38,18.66,,,,,False,15.44,,False,,,18766.0,High Quality,1.27,Asset Light,112.02,Liquidating Assets,,,,,,,11.0,,5.0,,17622.0,,8.75,,,4.26,,,9.46,,OK,OK,OK,24.21
ZOMATO,Mar 2018,-22.96,-19.74,,,,,False,-11.83,,True,,,,Accrual Risk,,Capital Intensive,,Pre-Revenue,,,,,,,-3070.0,,0.0,,,,,,,,,,,,INSUFFICIENT,INSUFFICIENT,INSUFFICIENT,15.41
ZOMATO,Mar 2019,-76.92,-170.83,,,,,False,-106.44,,True,,,,Accrual Risk,,Capital Intensive,,Pre-Revenue,,,,,,,-28574.0,,0.0,,,,,,,,,,,,INSUFFICIENT,INSUFFICIENT,INSUFFICIENT,4.62
ZOMATO,Mar 2020,-91.59,-88.48,,,,,False,-176.08,,True,,,-404.0,Moderate,66.79,Capital Intensive,17.53,Distress Signal,,,,,,,-70097.0,,0.0,,-2144.0,,,,,,,,,,INSUFFICIENT,INSUFFICIENT,INSUFFICIENT,1.68
ZOMATO,Mar 2021,-40.92,-23.42,,,,,False,-66.7,,True,,,-6263.0,High Quality,263.04,Capital Intensive,1341.11,Growth Funded by Debt,,,,,,,-23124.0,,0.0,,-1018.0,,,,,,,,,,INSUFFICIENT,INSUFFICIENT,INSUFFICIENT,11.82
ZOMATO,Mar 2022,-29.15,-44.16,,,,,False,-88.17,,True,,,-8664.0,Moderate,190.15,Capital Intensive,468.07,Growth Funded by Debt,,,,,,,-2.0,,0.0,,-693.0,,,,,,,,,,INSUFFICIENT,INSUFFICIENT,INSUFFICIENT,14.17
ZOMATO,Mar 2023,-13.72,-17.11,,,,,False,-10.8,,True,,,-47.0,Moderate,11.26,Capital Intensive,3.88,Unknown,,,,,,,-1.0,,0.0,,-844.0,,72.31,,,,,,,,OK,BOTH_NEGATIVE,BOTH_NEGATIVE,28.1
ZOMATO,Mar 2024,2.9,0.35,,,,,False,12.35,,False,,,298.0,High Quality,2.87,Asset Light,693.02,Reinvestor,,,,,,,0.0,,0.0,,646.0,,55.96,,,,,,-100.0,,OK,TURNAROUND,OK,28.97
ZYDUSLIFE,Mar 2013,10.85,17.77,,,,,False,6.88,,False,,,-79.0,Moderate,10.73,Capital Intensive,-6.99,Mixed,,,,,,,6.0,,24.0,,603.0,,,,,,,,,,INSUFFICIENT,INSUFFICIENT,INSUFFICIENT,22.17
ZYDUSLIFE,Mar 2014,11.57,16.65,,,,,False,13.7,,False,,,465.0,High Quality,6.06,Moderate,38.65,Reinvestor,,,,,,,8.0,,23.0,,903.0,,,,,,,,,,INSUFFICIENT,INSUFFICIENT,INSUFFICIENT,22.31
ZYDUSLIFE,Mar 2015,13.73,20.3,,,,,False,26.49,,False,,,529.0,Moderate,5.38,Moderate,30.13,Reinvestor,,,,,,,11.0,,21.0,,994.0,,,,,,,,,,INSUFFICIENT,INSUFFICIENT,INSUFFICIENT,22.75
ZYDUSLIFE,Mar 2016,20.83,24.74,,,,,False,46.11,,False,,,1034.0,Moderate,9.12,Capital Intensive,44.34,Reinvestor,,,,,,,19.0,,17.0,,1894.0,,,,,,,,,,INSUFFICIENT,INSUFFICIENT,INSUFFICIENT,24.17
ZYDUSLIFE,Mar 2017,16.18,20.29,,,,,False,45.09,,False,,,-1560.0,Moderate,30.63,Capital Intensive,-82.02,Mixed,,,,,,,15.0,,22.0,,1312.0,,,,,,,,,,INSUFFICIENT,INSUFFICIENT,INSUFFICIENT,23.24
ZYDUSLIFE,Mar 2018,15.2,23.78,,,,,False,32.33,,False,,,-55.0,Moderate,8.18,Capital Intensive,-1.94,Mixed,,,,,,,17.0,,20.0,,919.0,,13.37,,,21.27,,,23.16,,OK,OK,OK,27.17
ZYDUSLIFE,Mar 2019,14.42,22.72,,,,,False,16.36,,False,,,-2695.0,Moderate,30.21,Capital Intensive,-90.1,Mixed,,,,,,,18.0,,19.0,,1282.0,,12.75,,,17.83,,,17.61,,OK,OK,OK,26.58
ZYDUSLIFE,Mar 2020,8.45,19.63,,,,,False,7.41,,False,,,1928.0,High Quality,7.04,Moderate,68.91,Reinvestor,,,,,,,11.0,,30.0,,2932.0,,10.5,,,0.27,,,0.0,,OK,OK,OK,23.29
ZYDUSLIFE,Mar 2021,15.17,23.54,,,,,False,19.87,,False,,,2457.0,High Quality,5.81,Moderate,72.46,Reinvestor,,,,,,,21.0,,17.0,,3294.0,,8.85,,,2.16,,,2.02,,OK,OK,OK,24.58
ZYDUSLIFE,Mar 2022,30.56,22.12,,,,,False,46.64,,False,,,1086.0,Accrual Risk,6.74,Moderate,32.5,Reinvestor,,,,,,,44.0,,6.0,,2104.0,,10.01,,,24.94,,,24.01,,OK,OK,OK,30.11
ZYDUSLIFE,Mar 2023,12.14,22.39,,,,,False,26.45,,False,,,4231.0,High Quality,8.95,Capital Intensive,109.61,Liquidating Assets,,,,,,,19.0,,31.0,,2689.0,,7.68,,,2.94,,,2.25,,OK,OK,OK,23.87
ZYDUSLIFE,Mar 2024,20.33,27.54,,,,,False,70.09,,False,,,1736.0,Moderate,7.63,Moderate,32.24,Reinvestor,,,,,,,38.0,,8.0,,3228.0,,8.22,,,15.91,,,16.12,,OK,OK,OK,26.89
