company_id,year,peer_group_name,metric,metric_value,percentile_rank
BAJAJ-AUTO,Mar-13,Automobiles,return_on_equity_pct,38.85,100
BAJAJ-AUTO,Mar-13,Automobiles,return_on_capital_employed_pct,44.69,85.54
BAJAJ-AUTO,Mar-13,Automobiles,net_profit_margin_pct,15.65,78.31
BAJAJ-AUTO,Mar-13,Automobiles,debt_to_equity,0.01,81.93
BAJAJ-AUTO,Mar-13,Automobiles,interest_coverage,4446,95.18
BAJAJ-AUTO,Mar-13,Automobiles,asset_turnover,1.58,85.54
BAJAJ-AUTO,Mar-13,Automobiles,free_cash_flow_cr,824,51.81
BAJAJ-AUTO,Mar-13,Automobiles,revenue_cagr_5yr,,
BAJAJ-AUTO,Mar-13,Automobiles,pat_cagr_5yr,,
BAJAJ-AUTO,Mar-13,Automobiles,composite_quality_score,38.29,96.39
BAJAJ-AUTO,Mar-14,Automobiles,return_on_equity_pct,33.24,91.57
BAJAJ-AUTO,Mar-14,Automobiles,return_on_capital_employed_pct,40.71,83.13
BAJAJ-AUTO,Mar-14,Automobiles,net_profit_margin_pct,16.79,84.34
BAJAJ-AUTO,Mar-14,Automobiles,debt_to_equity,0.01,81.93
BAJAJ-AUTO,Mar-14,Automobiles,interest_coverage,4837,96.39
BAJAJ-AUTO,Mar-14,Automobiles,asset_turnover,1.32,70.48
BAJAJ-AUTO,Mar-14,Automobiles,free_cash_flow_cr,1430,62.65
BAJAJ-AUTO,Mar-14,Automobiles,revenue_cagr_5yr,,
BAJAJ-AUTO,Mar-14,Automobiles,pat_cagr_5yr,,
BAJAJ-AUTO,Mar-14,Automobiles,composite_quality_score,36.29,89.16
BAJAJ-AUTO,Mar-15,Automobiles,return_on_equity_pct,27.27,84.34
BAJAJ-AUTO,Mar-15,Automobiles,return_on_capital_employed_pct,36.83,79.52
BAJAJ-AUTO,Mar-15,Automobiles,net_profit_margin_pct,14.01,75.9
BAJAJ-AUTO,Mar-15,Automobiles,debt_to_equity,0.01,81.93
BAJAJ-AUTO,Mar-15,Automobiles,interest_coverage,726,87.95
BAJAJ-AUTO,Mar-15,Automobiles,asset_turnover,1.35,74.7
BAJAJ-AUTO,Mar-15,Automobiles,free_cash_flow_cr,1734,66.27
BAJAJ-AUTO,Mar-15,Automobiles,revenue_cagr_5yr,,
BAJAJ-AUTO,Mar-15,Automobiles,pat_cagr_5yr,,
BAJAJ-AUTO,Mar-15,Automobiles,composite_quality_score,33.68,73.49
BAJAJ-AUTO,Mar-16,Automobiles,return_on_equity_pct,28.97,87.95
BAJAJ-AUTO,Mar-16,Automobiles,return_on_capital_employed_pct,33.9,78.31
BAJAJ-AUTO,Mar-16,Automobiles,net_profit_margin_pct,17.99,89.16
BAJAJ-AUTO,Mar-16,Automobiles,debt_to_equity,0.01,81.93
BAJAJ-AUTO,Mar-16,Automobiles,interest_coverage,5987,98.8
BAJAJ-AUTO,Mar-16,Automobiles,asset_turnover,1.31,67.47
BAJAJ-AUTO,Mar-16,Automobiles,free_cash_flow_cr,3622,87.95
BAJAJ-AUTO,Mar-16,Automobiles,revenue_cagr_5yr,,
BAJAJ-AUTO,Mar-16,Automobiles,pat_cagr_5yr,,
BAJAJ-AUTO,Mar-16,Automobiles,composite_quality_score,35.03,83.13
BAJAJ-AUTO,Mar-17,Automobiles,return_on_equity_pct,22.84,63.86
BAJAJ-AUTO,Mar-17,Automobiles,return_on_capital_employed_pct,24.64,56.63
BAJAJ-AUTO,Mar-17,Automobiles,net_profit_margin_pct,18.75,91.57
BAJAJ-AUTO,Mar-17,Automobiles,debt_to_equity,0.01,81.93
BAJAJ-AUTO,Mar-17,Automobiles,interest_coverage,5897,97.59
BAJAJ-AUTO,Mar-17,Automobiles,asset_turnover,1.01,43.37
BAJAJ-AUTO,Mar-17,Automobiles,free_cash_flow_cr,-343,28.92
BAJAJ-AUTO,Mar-17,Automobiles,revenue_cagr_5yr,,
BAJAJ-AUTO,Mar-17,Automobiles,pat_cagr_5yr,,
BAJAJ-AUTO,Mar-17,Automobiles,composite_quality_score,32.73,68.67
BAJAJ-AUTO,Mar-18,Automobiles,return_on_equity_pct,20.66,53.01
BAJAJ-AUTO,Mar-18,Automobiles,return_on_capital_employed_pct,23.59,55.42
BAJAJ-AUTO,Mar-18,Automobiles,net_profit_margin_pct,16.74,83.13
BAJAJ-AUTO,Mar-18,Automobiles,debt_to_equity,0.01,81.93
BAJAJ-AUTO,Mar-18,Automobiles,interest_coverage,6250,100
BAJAJ-AUTO,Mar-18,Automobiles,asset_turnover,1,41.57
BAJAJ-AUTO,Mar-18,Automobiles,free_cash_flow_cr,2374,79.52
BAJAJ-AUTO,Mar-18,Automobiles,revenue_cagr_5yr,4.71,35.42
BAJAJ-AUTO,Mar-18,Automobiles,pat_cagr_5yr,6.13,35.71
BAJAJ-AUTO,Mar-18,Automobiles,composite_quality_score,32.88,69.88
BAJAJ-AUTO,Mar-19,Automobiles,return_on_equity_pct,21.21,56.63
BAJAJ-AUTO,Mar-19,Automobiles,return_on_capital_employed_pct,22.25,46.99
BAJAJ-AUTO,Mar-19,Automobiles,net_profit_margin_pct,16.23,79.52
BAJAJ-AUTO,Mar-19,Automobiles,debt_to_equity,0.01,81.93
BAJAJ-AUTO,Mar-19,Automobiles,interest_coverage,1806.5,92.77
BAJAJ-AUTO,Mar-19,Automobiles,asset_turnover,1.05,48.19
BAJAJ-AUTO,Mar-19,Automobiles,free_cash_flow_cr,2214,75.9
BAJAJ-AUTO,Mar-19,Automobiles,revenue_cagr_5yr,8.56,70.83
BAJAJ-AUTO,Mar-19,Automobiles,pat_cagr_5yr,7.83,47.62
BAJAJ-AUTO,Mar-19,Automobiles,composite_quality_score,33.77,74.7
BAJAJ-AUTO,Mar-20,Automobiles,return_on_equity_pct,24.06,69.88
BAJAJ-AUTO,Mar-20,Automobiles,return_on_capital_employed_pct,23.45,53.61
BAJAJ-AUTO,Mar-20,Automobiles,net_profit_margin_pct,17.42,86.75
BAJAJ-AUTO,Mar-20,Automobiles,debt_to_equity,0.01,81.93
BAJAJ-AUTO,Mar-20,Automobiles,interest_coverage,2313.67,93.98
BAJAJ-AUTO,Mar-20,Automobiles,asset_turnover,1.13,53.01
BAJAJ-AUTO,Mar-20,Automobiles,free_cash_flow_cr,5616,91.57
BAJAJ-AUTO,Mar-20,Automobiles,revenue_cagr_5yr,6.74,52.08
BAJAJ-AUTO,Mar-20,Automobiles,pat_cagr_5yr,11.49,64.29
BAJAJ-AUTO,Mar-20,Automobiles,composite_quality_score,35.17,85.54
BAJAJ-AUTO,Mar-21,Automobiles,return_on_equity_pct,17.81,38.55
BAJAJ-AUTO,Mar-21,Automobiles,return_on_capital_employed_pct,18.03,38.55
BAJAJ-AUTO,Mar-21,Automobiles,net_profit_margin_pct,17.51,87.95
BAJAJ-AUTO,Mar-21,Automobiles,debt_to_equity,0,95.18
BAJAJ-AUTO,Mar-21,Automobiles,interest_coverage,929.71,90.36
BAJAJ-AUTO,Mar-21,Automobiles,asset_turnover,0.83,21.69
BAJAJ-AUTO,Mar-21,Automobiles,free_cash_flow_cr,251,42.17
BAJAJ-AUTO,Mar-21,Automobiles,revenue_cagr_5yr,4.21,33.33
BAJAJ-AUTO,Mar-21,Automobiles,pat_cagr_5yr,3.64,33.33
BAJAJ-AUTO,Mar-21,Automobiles,composite_quality_score,31.56,63.86
BAJAJ-AUTO,Mar-22,Automobiles,return_on_equity_pct,20.65,51.81
BAJAJ-AUTO,Mar-22,Automobiles,return_on_capital_employed_pct,17.54,36.14
BAJAJ-AUTO,Mar-22,Automobiles,net_profit_margin_pct,18.6,90.36
BAJAJ-AUTO,Mar-22,Automobiles,debt_to_equity,0,95.18
BAJAJ-AUTO,Mar-22,Automobiles,interest_coverage,881.11,89.16
BAJAJ-AUTO,Mar-22,Automobiles,asset_turnover,0.94,34.34
BAJAJ-AUTO,Mar-22,Automobiles,free_cash_flow_cr,4473,89.16
BAJAJ-AUTO,Mar-22,Automobiles,revenue_cagr_5yr,8.79,72.92
BAJAJ-AUTO,Mar-22,Automobiles,pat_cagr_5yr,8.62,54.76
BAJAJ-AUTO,Mar-22,Automobiles,composite_quality_score,34.07,78.31
BAJAJ-AUTO,Mar-23,Automobiles,return_on_equity_pct,20.64,50.6
BAJAJ-AUTO,Mar-23,Automobiles,return_on_capital_employed_pct,21.93,45.78
BAJAJ-AUTO,Mar-23,Automobiles,net_profit_margin_pct,16.62,81.93
BAJAJ-AUTO,Mar-23,Automobiles,debt_to_equity,0,95.18
BAJAJ-AUTO,Mar-23,Automobiles,interest_coverage,204.2,83.13
BAJAJ-AUTO,Mar-23,Automobiles,asset_turnover,1.04,46.39
BAJAJ-AUTO,Mar-23,Automobiles,free_cash_flow_cr,6488,95.18
BAJAJ-AUTO,Mar-23,Automobiles,revenue_cagr_5yr,7.66,58.33
BAJAJ-AUTO,Mar-23,Automobiles,pat_cagr_5yr,7.51,44.05
BAJAJ-AUTO,Mar-23,Automobiles,composite_quality_score,33.49,72.29
BAJAJ-AUTO,Mar-24,Automobiles,return_on_equity_pct,26.61,81.93
BAJAJ-AUTO,Mar-24,Automobiles,return_on_capital_employed_pct,28.39,69.28
BAJAJ-AUTO,Mar-24,Automobiles,net_profit_margin_pct,17.18,85.54
BAJAJ-AUTO,Mar-24,Automobiles,debt_to_equity,0.07,45.78
BAJAJ-AUTO,Mar-24,Automobiles,interest_coverage,174.42,80.72
BAJAJ-AUTO,Mar-24,Automobiles,asset_turnover,1.14,54.22
BAJAJ-AUTO,Mar-24,Automobiles,free_cash_flow_cr,6486,93.98
BAJAJ-AUTO,Mar-24,Automobiles,revenue_cagr_5yr,8.13,64.58
BAJAJ-AUTO,Mar-24,Automobiles,pat_cagr_5yr,9.36,59.52
BAJAJ-AUTO,Mar-24,Automobiles,composite_quality_score,35.91,86.75
EICHERMOT,Dec-12,Automobiles,return_on_equity_pct,27.07,83.13
EICHERMOT,Dec-12,Automobiles,return_on_capital_employed_pct,30.93,73.49
EICHERMOT,Dec-12,Automobiles,net_profit_margin_pct,7.43,45.78
EICHERMOT,Dec-12,Automobiles,debt_to_equity,0.01,81.93
EICHERMOT,Dec-12,Automobiles,interest_coverage,171.5,79.52
EICHERMOT,Dec-12,Automobiles,asset_turnover,1.43,80.12
EICHERMOT,Dec-12,Automobiles,free_cash_flow_cr,-277,31.33
EICHERMOT,Dec-12,Automobiles,revenue_cagr_5yr,,
EICHERMOT,Dec-12,Automobiles,pat_cagr_5yr,,
EICHERMOT,Dec-12,Automobiles,composite_quality_score,32.37,66.27
EICHERMOT,Dec-13,Automobiles,return_on_equity_pct,25.55,77.11
EICHERMOT,Dec-13,Automobiles,return_on_capital_employed_pct,33.43,77.11
EICHERMOT,Dec-13,Automobiles,net_profit_margin_pct,7.71,49.4
EICHERMOT,Dec-13,Automobiles,debt_to_equity,0.04,49.4
EICHERMOT,Dec-13,Automobiles,interest_coverage,101,67.47
EICHERMOT,Dec-13,Automobiles,asset_turnover,1.28,65.06
EICHERMOT,Dec-13,Automobiles,free_cash_flow_cr,-74,33.73
EICHERMOT,Dec-13,Automobiles,revenue_cagr_5yr,,
EICHERMOT,Dec-13,Automobiles,pat_cagr_5yr,,
EICHERMOT,Dec-13,Automobiles,composite_quality_score,31.68,65.06
EICHERMOT,Dec-14,Automobiles,return_on_equity_pct,27.9,86.75
EICHERMOT,Dec-14,Automobiles,return_on_capital_employed_pct,43.43,84.34
EICHERMOT,Dec-14,Automobiles,net_profit_margin_pct,8.03,51.81
EICHERMOT,Dec-14,Automobiles,debt_to_equity,0.02,65.66
EICHERMOT,Dec-14,Automobiles,interest_coverage,122.3,71.08
EICHERMOT,Dec-14,Automobiles,asset_turnover,1.36,77.11
EICHERMOT,Dec-14,Automobiles,free_cash_flow_cr,-167,32.53
EICHERMOT,Dec-14,Automobiles,revenue_cagr_5yr,,
EICHERMOT,Dec-14,Automobiles,pat_cagr_5yr,,
EICHERMOT,Dec-14,Automobiles,composite_quality_score,32.69,67.47
EICHERMOT,Mar-16,Automobiles,return_on_equity_pct,36.63,96.39
EICHERMOT,Mar-16,Automobiles,return_on_capital_employed_pct,45.97,86.75
EICHERMOT,Mar-16,Automobiles,net_profit_margin_pct,21.68,95.18
EICHERMOT,Mar-16,Automobiles,debt_to_equity,0.01,81.93
EICHERMOT,Mar-16,Automobiles,interest_coverage,1008,91.57
EICHERMOT,Mar-16,Automobiles,asset_turnover,1.25,63.86
EICHERMOT,Mar-16,Automobiles,free_cash_flow_cr,462,49.4
EICHERMOT,Mar-16,Automobiles,revenue_cagr_5yr,,
EICHERMOT,Mar-16,Automobiles,pat_cagr_5yr,,
EICHERMOT,Mar-16,Automobiles,composite_quality_score,38.39,97.59
EICHERMOT,Mar-17,Automobiles,return_on_equity_pct,31.19,90.36
EICHERMOT,Mar-17,Automobiles,return_on_capital_employed_pct,39.84,81.93
EICHERMOT,Mar-17,Automobiles,net_profit_margin_pct,23.7,98.8
EICHERMOT,Mar-17,Automobiles,debt_to_equity,0.02,65.66
EICHERMOT,Mar-17,Automobiles,interest_coverage,647.5,85.54
EICHERMOT,Mar-17,Automobiles,asset_turnover,1,41.57
EICHERMOT,Mar-17,Automobiles,free_cash_flow_cr,-36,34.94
EICHERMOT,Mar-17,Automobiles,revenue_cagr_5yr,1.94,22.92
EICHERMOT,Mar-17,Automobiles,pat_cagr_5yr,28.54,95.24
EICHERMOT,Mar-17,Automobiles,composite_quality_score,39.76,100
EICHERMOT,Mar-18,Automobiles,return_on_equity_pct,27.88,85.54
EICHERMOT,Mar-18,Automobiles,return_on_capital_employed_pct,39.12,80.72
EICHERMOT,Mar-18,Automobiles,net_profit_margin_pct,21.86,96.39
EICHERMOT,Mar-18,Automobiles,debt_to_equity,0.02,65.66
EICHERMOT,Mar-18,Automobiles,interest_coverage,669,86.75
EICHERMOT,Mar-18,Automobiles,asset_turnover,0.94,34.34
EICHERMOT,Mar-18,Automobiles,free_cash_flow_cr,337,45.78
EICHERMOT,Mar-18,Automobiles,revenue_cagr_5yr,5.65,41.67
EICHERMOT,Mar-18,Automobiles,pat_cagr_5yr,30.14,97.62
EICHERMOT,Mar-18,Automobiles,composite_quality_score,38.89,98.8
EICHERMOT,Mar-19,Automobiles,return_on_equity_pct,24.7,71.08
EICHERMOT,Mar-19,Automobiles,return_on_capital_employed_pct,31.89,75.9
EICHERMOT,Mar-19,Automobiles,net_profit_margin_pct,22.49,97.59
EICHERMOT,Mar-19,Automobiles,debt_to_equity,0.02,65.66
EICHERMOT,Mar-19,Automobiles,interest_coverage,515,84.34
EICHERMOT,Mar-19,Automobiles,asset_turnover,0.86,25.3
EICHERMOT,Mar-19,Automobiles,free_cash_flow_cr,915,54.22
EICHERMOT,Mar-19,Automobiles,revenue_cagr_5yr,2.31,27.08
EICHERMOT,Mar-19,Automobiles,pat_cagr_5yr,25.7,88.1
EICHERMOT,Mar-19,Automobiles,composite_quality_score,36.88,92.77
EICHERMOT,Mar-20,Automobiles,return_on_equity_pct,18.3,40.96
EICHERMOT,Mar-20,Automobiles,return_on_capital_employed_pct,21.34,42.17
EICHERMOT,Mar-20,Automobiles,net_profit_margin_pct,19.96,92.77
EICHERMOT,Mar-20,Automobiles,debt_to_equity,0.02,65.66
EICHERMOT,Mar-20,Automobiles,interest_coverage,145,77.11
EICHERMOT,Mar-20,Automobiles,asset_turnover,0.74,15.06
EICHERMOT,Mar-20,Automobiles,free_cash_flow_cr,186,39.76
EICHERMOT,Mar-20,Automobiles,revenue_cagr_5yr,,
EICHERMOT,Mar-20,Automobiles,pat_cagr_5yr,,
EICHERMOT,Mar-20,Automobiles,composite_quality_score,31.1,60.24
EICHERMOT,Mar-21,Automobiles,return_on_equity_pct,11.78,15.66
EICHERMOT,Mar-21,Automobiles,return_on_capital_employed_pct,15.3,25.3
EICHERMOT,Mar-21,Automobiles,net_profit_margin_pct,15.45,77.11
EICHERMOT,Mar-21,Automobiles,debt_to_equity,0.02,65.66
EICHERMOT,Mar-21,Automobiles,interest_coverage,141.56,74.7
EICHERMOT,Mar-21,Automobiles,asset_turnover,0.6,7.23
EICHERMOT,Mar-21,Automobiles,free_cash_flow_cr,66,38.55
EICHERMOT,Mar-21,Automobiles,revenue_cagr_5yr,7.15,54.17
EICHERMOT,Mar-21,Automobiles,pat_cagr_5yr,0.13,23.81
EICHERMOT,Mar-21,Automobiles,composite_quality_score,28.86,46.99
EICHERMOT,Mar-22,Automobiles,return_on_equity_pct,13.3,21.69
EICHERMOT,Mar-22,Automobiles,return_on_capital_employed_pct,17.13,31.33
EICHERMOT,Mar-22,Automobiles,net_profit_margin_pct,16.28,80.72
EICHERMOT,Mar-22,Automobiles,debt_to_equity,0.01,81.93
EICHERMOT,Mar-22,Automobiles,interest_coverage,140.74,73.49
EICHERMOT,Mar-22,Automobiles,asset_turnover,0.64,8.43
EICHERMOT,Mar-22,Automobiles,free_cash_flow_cr,544,50.6
EICHERMOT,Mar-22,Automobiles,revenue_cagr_5yr,7.93,62.5
EICHERMOT,Mar-22,Automobiles,pat_cagr_5yr,0.12,21.43
EICHERMOT,Mar-22,Automobiles,composite_quality_score,29.73,51.81
EICHERMOT,Mar-23,Automobiles,return_on_equity_pct,19.44,45.78
EICHERMOT,Mar-23,Automobiles,return_on_capital_employed_pct,22.56,49.4
EICHERMOT,Mar-23,Automobiles,net_profit_margin_pct,20.18,93.98
EICHERMOT,Mar-23,Automobiles,debt_to_equity,0.02,65.66
EICHERMOT,Mar-23,Automobiles,interest_coverage,155.5,78.31
EICHERMOT,Mar-23,Automobiles,asset_turnover,0.75,16.87
EICHERMOT,Mar-23,Automobiles,free_cash_flow_cr,426,48.19
EICHERMOT,Mar-23,Automobiles,revenue_cagr_5yr,10.01,77.08
EICHERMOT,Mar-23,Automobiles,pat_cagr_5yr,8.25,50
EICHERMOT,Mar-23,Automobiles,composite_quality_score,33.88,75.9
EICHERMOT,Mar-24,Automobiles,return_on_equity_pct,22.17,62.65
EICHERMOT,Mar-24,Automobiles,return_on_capital_employed_pct,23.45,53.61
EICHERMOT,Mar-24,Automobiles,net_profit_margin_pct,24.2,100
EICHERMOT,Mar-24,Automobiles,debt_to_equity,0.02,65.66
EICHERMOT,Mar-24,Automobiles,interest_coverage,114.71,68.67
EICHERMOT,Mar-24,Automobiles,asset_turnover,0.72,12.05
EICHERMOT,Mar-24,Automobiles,free_cash_flow_cr,890,53.01
EICHERMOT,Mar-24,Automobiles,revenue_cagr_5yr,11.04,81.25
EICHERMOT,Mar-24,Automobiles,pat_cagr_5yr,12.68,71.43
EICHERMOT,Mar-24,Automobiles,composite_quality_score,36.2,87.95
HEROMOTOCO,Mar-14,Automobiles,return_on_equity_pct,37.38,97.59
HEROMOTOCO,Mar-14,Automobiles,return_on_capital_employed_pct,367.73,100
HEROMOTOCO,Mar-14,Automobiles,net_profit_margin_pct,8.32,55.42
HEROMOTOCO,Mar-14,Automobiles,debt_to_equity,0.05,46.99
HEROMOTOCO,Mar-14,Automobiles,interest_coverage,50.55,57.83
HEROMOTOCO,Mar-14,Automobiles,asset_turnover,2.5,98.8
HEROMOTOCO,Mar-14,Automobiles,free_cash_flow_cr,1347,60.24
HEROMOTOCO,Mar-14,Automobiles,revenue_cagr_5yr,,
HEROMOTOCO,Mar-14,Automobiles,pat_cagr_5yr,,
HEROMOTOCO,Mar-14,Automobiles,composite_quality_score,37.15,95.18
HEROMOTOCO,Mar-15,Automobiles,return_on_equity_pct,36.15,95.18
HEROMOTOCO,Mar-15,Automobiles,return_on_capital_employed_pct,361.72,98.8
HEROMOTOCO,Mar-15,Automobiles,net_profit_margin_pct,8.58,56.63
HEROMOTOCO,Mar-15,Automobiles,debt_to_equity,0.02,65.66
HEROMOTOCO,Mar-15,Automobiles,interest_coverage,73.94,63.86
HEROMOTOCO,Mar-15,Automobiles,asset_turnover,2.58,100
HEROMOTOCO,Mar-15,Automobiles,free_cash_flow_cr,2217,77.11
HEROMOTOCO,Mar-15,Automobiles,revenue_cagr_5yr,,
HEROMOTOCO,Mar-15,Automobiles,pat_cagr_5yr,,
HEROMOTOCO,Mar-15,Automobiles,composite_quality_score,36.91,93.98
HEROMOTOCO,Mar-16,Automobiles,return_on_equity_pct,35.23,93.98
HEROMOTOCO,Mar-16,Automobiles,return_on_capital_employed_pct,265.09,97.59
HEROMOTOCO,Mar-16,Automobiles,net_profit_margin_pct,10.94,69.88
HEROMOTOCO,Mar-16,Automobiles,debt_to_equity,0.03,54.82
HEROMOTOCO,Mar-16,Automobiles,interest_coverage,57.12,60.24
HEROMOTOCO,Mar-16,Automobiles,asset_turnover,2.21,93.37
HEROMOTOCO,Mar-16,Automobiles,free_cash_flow_cr,1422,61.45
HEROMOTOCO,Mar-16,Automobiles,revenue_cagr_5yr,,
HEROMOTOCO,Mar-16,Automobiles,pat_cagr_5yr,,
HEROMOTOCO,Mar-16,Automobiles,composite_quality_score,36.67,91.57
HEROMOTOCO,Mar-17,Automobiles,return_on_equity_pct,34.37,92.77
HEROMOTOCO,Mar-17,Automobiles,return_on_capital_employed_pct,227.14,96.39
HEROMOTOCO,Mar-17,Automobiles,net_profit_margin_pct,12.39,73.49
HEROMOTOCO,Mar-17,Automobiles,debt_to_equity,0.03,54.82
HEROMOTOCO,Mar-17,Automobiles,interest_coverage,28.97,46.99
HEROMOTOCO,Mar-17,Automobiles,asset_turnover,1.87,89.76
HEROMOTOCO,Mar-17,Automobiles,free_cash_flow_cr,2035,72.29
HEROMOTOCO,Mar-17,Automobiles,revenue_cagr_5yr,,
HEROMOTOCO,Mar-17,Automobiles,pat_cagr_5yr,,
HEROMOTOCO,Mar-17,Automobiles,composite_quality_score,36.32,90.36
HEROMOTOCO,Mar-18,Automobiles,return_on_equity_pct,31.09,89.16
HEROMOTOCO,Mar-18,Automobiles,return_on_capital_employed_pct,222.33,95.18
HEROMOTOCO,Mar-18,Automobiles,net_profit_margin_pct,11.47,72.29
HEROMOTOCO,Mar-18,Automobiles,debt_to_equity,0.02,65.66
HEROMOTOCO,Mar-18,Automobiles,interest_coverage,48.12,54.22
HEROMOTOCO,Mar-18,Automobiles,asset_turnover,1.87,89.76
HEROMOTOCO,Mar-18,Automobiles,free_cash_flow_cr,2159,73.49
HEROMOTOCO,Mar-18,Automobiles,revenue_cagr_5yr,,
HEROMOTOCO,Mar-18,Automobiles,pat_cagr_5yr,,
HEROMOTOCO,Mar-18,Automobiles,composite_quality_score,35.01,81.93
HEROMOTOCO,Mar-19,Automobiles,return_on_equity_pct,26.42,79.52
HEROMOTOCO,Mar-19,Automobiles,return_on_capital_employed_pct,215.5,93.98
HEROMOTOCO,Mar-19,Automobiles,net_profit_margin_pct,10.2,68.67
HEROMOTOCO,Mar-19,Automobiles,debt_to_equity,0.02,65.66
HEROMOTOCO,Mar-19,Automobiles,interest_coverage,39.08,50.6
HEROMOTOCO,Mar-19,Automobiles,asset_turnover,1.84,87.95
HEROMOTOCO,Mar-19,Automobiles,free_cash_flow_cr,2330,78.31
HEROMOTOCO,Mar-19,Automobiles,revenue_cagr_5yr,6.09,50
HEROMOTOCO,Mar-19,Automobiles,pat_cagr_5yr,10.52,61.9
HEROMOTOCO,Mar-19,Automobiles,composite_quality_score,35.05,84.34
HEROMOTOCO,Mar-20,Automobiles,return_on_equity_pct,25.4,75.9
HEROMOTOCO,Mar-20,Automobiles,return_on_capital_employed_pct,169.49,90.36
HEROMOTOCO,Mar-20,Automobiles,net_profit_margin_pct,12.51,74.7
HEROMOTOCO,Mar-20,Automobiles,debt_to_equity,0.03,54.82
HEROMOTOCO,Mar-20,Automobiles,interest_coverage,17.57,44.58
HEROMOTOCO,Mar-20,Automobiles,asset_turnover,1.49,84.34
HEROMOTOCO,Mar-20,Automobiles,free_cash_flow_cr,2699,80.72
HEROMOTOCO,Mar-20,Automobiles,revenue_cagr_5yr,1.22,16.67
HEROMOTOCO,Mar-20,Automobiles,pat_cagr_5yr,9.13,57.14
HEROMOTOCO,Mar-20,Automobiles,composite_quality_score,33.92,77.11
HEROMOTOCO,Mar-21,Automobiles,return_on_equity_pct,19.05,44.58
HEROMOTOCO,Mar-21,Automobiles,return_on_capital_employed_pct,168.14,89.16
HEROMOTOCO,Mar-21,Automobiles,net_profit_margin_pct,9.48,62.65
HEROMOTOCO,Mar-21,Automobiles,debt_to_equity,0.04,49.4
HEROMOTOCO,Mar-21,Automobiles,interest_coverage,48.67,56.63
HEROMOTOCO,Mar-21,Automobiles,asset_turnover,1.34,72.29
HEROMOTOCO,Mar-21,Automobiles,free_cash_flow_cr,1821,67.47
HEROMOTOCO,Mar-21,Automobiles,revenue_cagr_5yr,1.7,20.83
HEROMOTOCO,Mar-21,Automobiles,pat_cagr_5yr,-1.16,19.05
HEROMOTOCO,Mar-21,Automobiles,composite_quality_score,29.96,54.22
HEROMOTOCO,Mar-22,Automobiles,return_on_equity_pct,14.7,25.3
HEROMOTOCO,Mar-22,Automobiles,return_on_capital_employed_pct,159.83,87.95
HEROMOTOCO,Mar-22,Automobiles,net_profit_margin_pct,7.88,50.6
HEROMOTOCO,Mar-22,Automobiles,debt_to_equity,0.04,49.4
HEROMOTOCO,Mar-22,Automobiles,interest_coverage,48.27,55.42
HEROMOTOCO,Mar-22,Automobiles,asset_turnover,1.31,67.47
HEROMOTOCO,Mar-22,Automobiles,free_cash_flow_cr,1882,68.67
HEROMOTOCO,Mar-22,Automobiles,revenue_cagr_5yr,0.65,10.42
HEROMOTOCO,Mar-22,Automobiles,pat_cagr_5yr,-8.06,9.52
HEROMOTOCO,Mar-22,Automobiles,composite_quality_score,27.24,32.53
HEROMOTOCO,Mar-23,Automobiles,return_on_equity_pct,16.81,37.35
HEROMOTOCO,Mar-23,Automobiles,return_on_capital_employed_pct,174.52,91.57
HEROMOTOCO,Mar-23,Automobiles,net_profit_margin_pct,8.2,54.22
HEROMOTOCO,Mar-23,Automobiles,debt_to_equity,0.03,54.82
HEROMOTOCO,Mar-23,Automobiles,interest_coverage,53.04,59.04
HEROMOTOCO,Mar-23,Automobiles,asset_turnover,1.43,80.12
HEROMOTOCO,Mar-23,Automobiles,free_cash_flow_cr,2193,74.7
HEROMOTOCO,Mar-23,Automobiles,revenue_cagr_5yr,1.03,12.5
HEROMOTOCO,Mar-23,Automobiles,pat_cagr_5yr,-5.53,11.9
HEROMOTOCO,Mar-23,Automobiles,composite_quality_score,28.49,43.37
HEROMOTOCO,Mar-24,Automobiles,return_on_equity_pct,21.14,55.42
HEROMOTOCO,Mar-24,Automobiles,return_on_capital_employed_pct,177.84,92.77
HEROMOTOCO,Mar-24,Automobiles,net_profit_margin_pct,9.9,67.47
HEROMOTOCO,Mar-24,Automobiles,debt_to_equity,0.03,54.82
HEROMOTOCO,Mar-24,Automobiles,interest_coverage,47.27,53.01
HEROMOTOCO,Mar-24,Automobiles,asset_turnover,1.44,81.93
HEROMOTOCO,Mar-24,Automobiles,free_cash_flow_cr,3095,84.34
HEROMOTOCO,Mar-24,Automobiles,revenue_cagr_5yr,2.15,25
HEROMOTOCO,Mar-24,Automobiles,pat_cagr_5yr,1.54,28.57
HEROMOTOCO,Mar-24,Automobiles,composite_quality_score,31.24,61.45
M&M,Mar-13,Automobiles,return_on_equity_pct,20.69,54.22
M&M,Mar-13,Automobiles,return_on_capital_employed_pct,18.73,39.76
M&M,Mar-13,Automobiles,net_profit_margin_pct,6.01,37.35
M&M,Mar-13,Automobiles,debt_to_equity,1.44,27.71
M&M,Mar-13,Automobiles,interest_coverage,4.33,26.51
M&M,Mar-13,Automobiles,asset_turnover,0.9,29.52
M&M,Mar-13,Automobiles,free_cash_flow_cr,-3825,13.25
M&M,Mar-13,Automobiles,revenue_cagr_5yr,,
M&M,Mar-13,Automobiles,pat_cagr_5yr,,
M&M,Mar-13,Automobiles,composite_quality_score,26.46,26.51
M&M,Mar-14,Automobiles,return_on_equity_pct,22.11,61.45
M&M,Mar-14,Automobiles,return_on_capital_employed_pct,17.39,34.94
M&M,Mar-14,Automobiles,net_profit_margin_pct,6.96,42.17
M&M,Mar-14,Automobiles,debt_to_equity,1.51,25.3
M&M,Mar-14,Automobiles,interest_coverage,3.7,21.69
M&M,Mar-14,Automobiles,asset_turnover,0.84,22.89
M&M,Mar-14,Automobiles,free_cash_flow_cr,-4768,12.05
M&M,Mar-14,Automobiles,revenue_cagr_5yr,,
M&M,Mar-14,Automobiles,pat_cagr_5yr,,
M&M,Mar-14,Automobiles,composite_quality_score,26.95,27.71
M&M,Mar-15,Automobiles,return_on_equity_pct,13.08,19.28
M&M,Mar-15,Automobiles,return_on_capital_employed_pct,13.79,14.46
M&M,Mar-15,Automobiles,net_profit_margin_pct,4.73,30.12
M&M,Mar-15,Automobiles,debt_to_equity,1.47,26.51
M&M,Mar-15,Automobiles,interest_coverage,3.04,13.86
M&M,Mar-15,Automobiles,asset_turnover,0.76,18.67
M&M,Mar-15,Automobiles,free_cash_flow_cr,-3302,14.46
M&M,Mar-15,Automobiles,revenue_cagr_5yr,,
M&M,Mar-15,Automobiles,pat_cagr_5yr,,
M&M,Mar-15,Automobiles,composite_quality_score,23.34,14.46
M&M,Mar-16,Automobiles,return_on_equity_pct,13.42,22.89
M&M,Mar-16,Automobiles,return_on_capital_employed_pct,14.82,20.48
M&M,Mar-16,Automobiles,net_profit_margin_pct,4.69,28.92
M&M,Mar-16,Automobiles,debt_to_equity,1.57,22.89
M&M,Mar-16,Automobiles,interest_coverage,3.41,16.87
M&M,Mar-16,Automobiles,asset_turnover,0.76,18.67
M&M,Mar-16,Automobiles,free_cash_flow_cr,-3121,15.66
M&M,Mar-16,Automobiles,revenue_cagr_5yr,,
M&M,Mar-16,Automobiles,pat_cagr_5yr,,
M&M,Mar-16,Automobiles,composite_quality_score,23.25,13.25
M&M,Mar-17,Automobiles,return_on_equity_pct,13.6,24.1
M&M,Mar-17,Automobiles,return_on_capital_employed_pct,13.67,12.05
M&M,Mar-17,Automobiles,net_profit_margin_pct,4.84,31.33
M&M,Mar-17,Automobiles,debt_to_equity,1.64,20.48
M&M,Mar-17,Automobiles,interest_coverage,3.51,18.07
M&M,Mar-17,Automobiles,asset_turnover,0.74,15.06
M&M,Mar-17,Automobiles,free_cash_flow_cr,-5692,9.64
M&M,Mar-17,Automobiles,revenue_cagr_5yr,,
M&M,Mar-17,Automobiles,pat_cagr_5yr,,
M&M,Mar-17,Automobiles,composite_quality_score,23.19,12.05
M&M,Mar-18,Automobiles,return_on_equity_pct,21.64,59.04
M&M,Mar-18,Automobiles,return_on_capital_employed_pct,14.27,18.07
M&M,Mar-18,Automobiles,net_profit_margin_pct,8.64,57.83
M&M,Mar-18,Automobiles,debt_to_equity,1.52,24.1
M&M,Mar-18,Automobiles,interest_coverage,4.41,27.71
M&M,Mar-18,Automobiles,asset_turnover,0.68,10.84
M&M,Mar-18,Automobiles,free_cash_flow_cr,-4785,10.84
M&M,Mar-18,Automobiles,revenue_cagr_5yr,6.04,47.92
M&M,Mar-18,Automobiles,pat_cagr_5yr,14.02,73.81
M&M,Mar-18,Automobiles,composite_quality_score,29.25,48.19
M&M,Mar-19,Automobiles,return_on_equity_pct,15.05,27.71
M&M,Mar-19,Automobiles,return_on_capital_employed_pct,13.72,13.25
M&M,Mar-19,Automobiles,net_profit_margin_pct,5.75,36.14
M&M,Mar-19,Automobiles,debt_to_equity,1.77,15.66
M&M,Mar-19,Automobiles,interest_coverage,3.56,19.88
M&M,Mar-19,Automobiles,asset_turnover,0.65,9.64
M&M,Mar-19,Automobiles,free_cash_flow_cr,-11521,2.41
M&M,Mar-19,Automobiles,revenue_cagr_5yr,7.19,56.25
M&M,Mar-19,Automobiles,pat_cagr_5yr,3.14,30.95
M&M,Mar-19,Automobiles,composite_quality_score,24.92,20.48
M&M,Mar-20,Automobiles,return_on_equity_pct,-0.8,6.02
M&M,Mar-20,Automobiles,return_on_capital_employed_pct,8.32,1.2
M&M,Mar-20,Automobiles,net_profit_margin_pct,-0.43,6.02
M&M,Mar-20,Automobiles,debt_to_equity,2.05,12.05
M&M,Mar-20,Automobiles,interest_coverage,1.83,2.41
M&M,Mar-20,Automobiles,asset_turnover,0.45,1.81
M&M,Mar-20,Automobiles,free_cash_flow_cr,-8327,6.02
M&M,Mar-20,Automobiles,revenue_cagr_5yr,1.08,14.58
M&M,Mar-20,Automobiles,pat_cagr_5yr,,
M&M,Mar-20,Automobiles,composite_quality_score,16.15,7.23
M&M,Mar-21,Automobiles,return_on_equity_pct,3.64,7.23
M&M,Mar-21,Automobiles,return_on_capital_employed_pct,9.4,2.41
M&M,Mar-21,Automobiles,net_profit_margin_pct,2.04,8.43
M&M,Mar-21,Automobiles,debt_to_equity,1.94,14.46
M&M,Mar-21,Automobiles,interest_coverage,2.07,3.61
M&M,Mar-21,Automobiles,asset_turnover,0.45,1.81
M&M,Mar-21,Automobiles,free_cash_flow_cr,-1777,21.69
M&M,Mar-21,Automobiles,revenue_cagr_5yr,-0.42,4.17
M&M,Mar-21,Automobiles,pat_cagr_5yr,-15.71,4.76
M&M,Mar-21,Automobiles,composite_quality_score,16.62,8.43
M&M,Mar-22,Automobiles,return_on_equity_pct,15.39,28.92
M&M,Mar-22,Automobiles,return_on_capital_employed_pct,11.77,7.23
M&M,Mar-22,Automobiles,net_profit_margin_pct,8.04,53.01
M&M,Mar-22,Automobiles,debt_to_equity,1.65,18.07
M&M,Mar-22,Automobiles,interest_coverage,3.56,19.88
M&M,Mar-22,Automobiles,asset_turnover,0.52,3.61
M&M,Mar-22,Automobiles,free_cash_flow_cr,5996,92.77
M&M,Mar-22,Automobiles,revenue_cagr_5yr,1.48,18.75
M&M,Mar-22,Automobiles,pat_cagr_5yr,12.35,69.05
M&M,Mar-22,Automobiles,composite_quality_score,25.67,25.3
M&M,Mar-23,Automobiles,return_on_equity_pct,20.18,48.19
M&M,Mar-23,Automobiles,return_on_capital_employed_pct,13.65,10.84
M&M,Mar-23,Automobiles,net_profit_margin_pct,9.38,61.45
M&M,Mar-23,Automobiles,debt_to_equity,1.64,20.48
M&M,Mar-23,Automobiles,interest_coverage,4.16,25.3
M&M,Mar-23,Automobiles,asset_turnover,0.59,5.42
M&M,Mar-23,Automobiles,free_cash_flow_cr,-15940,1.2
M&M,Mar-23,Automobiles,revenue_cagr_5yr,5.66,43.75
M&M,Mar-23,Automobiles,pat_cagr_5yr,7.4,40.48
M&M,Mar-23,Automobiles,composite_quality_score,27.84,36.14
M&M,Mar-24,Automobiles,return_on_equity_pct,18.54,43.37
M&M,Mar-24,Automobiles,return_on_capital_employed_pct,14.24,16.87
M&M,Mar-24,Automobiles,net_profit_margin_pct,8.82,59.04
M&M,Mar-24,Automobiles,debt_to_equity,1.64,20.48
M&M,Mar-24,Automobiles,interest_coverage,3.76,23.49
M&M,Mar-24,Automobiles,asset_turnover,0.59,5.42
M&M,Mar-24,Automobiles,free_cash_flow_cr,-11245,3.61
M&M,Mar-24,Automobiles,revenue_cagr_5yr,5.84,45.83
M&M,Mar-24,Automobiles,pat_cagr_5yr,15.32,80.95
M&M,Mar-24,Automobiles,composite_quality_score,27.97,38.55
MARUTI,Mar-13,Automobiles,return_on_equity_pct,12.98,16.87
MARUTI,Mar-13,Automobiles,return_on_capital_employed_pct,21.17,40.96
MARUTI,Mar-13,Automobiles,net_profit_margin_pct,5.58,34.94
MARUTI,Mar-13,Automobiles,debt_to_equity,0.08,44.58
MARUTI,Mar-13,Automobiles,interest_coverage,26.05,45.78
MARUTI,Mar-13,Automobiles,asset_turnover,1.61,86.75
MARUTI,Mar-13,Automobiles,free_cash_flow_cr,940,55.42
MARUTI,Mar-13,Automobiles,revenue_cagr_5yr,,
MARUTI,Mar-13,Automobiles,pat_cagr_5yr,,
MARUTI,Mar-13,Automobiles,composite_quality_score,27.11,28.92
MARUTI,Mar-14,Automobiles,return_on_equity_pct,13.28,20.48
MARUTI,Mar-14,Automobiles,return_on_capital_employed_pct,22.6,50.6
MARUTI,Mar-14,Automobiles,net_profit_margin_pct,6.41,40.96
MARUTI,Mar-14,Automobiles,debt_to_equity,0.09,43.37
MARUTI,Mar-14,Automobiles,interest_coverage,32.79,48.19
MARUTI,Mar-14,Automobiles,asset_turnover,1.42,78.31
MARUTI,Mar-14,Automobiles,free_cash_flow_cr,-2,37.35
MARUTI,Mar-14,Automobiles,revenue_cagr_5yr,,
MARUTI,Mar-14,Automobiles,pat_cagr_5yr,,
MARUTI,Mar-14,Automobiles,composite_quality_score,27.17,31.33
MARUTI,Mar-15,Automobiles,return_on_equity_pct,15.66,30.12
MARUTI,Mar-15,Automobiles,return_on_capital_employed_pct,27.59,63.86
MARUTI,Mar-15,Automobiles,net_profit_margin_pct,7.5,47.59
MARUTI,Mar-15,Automobiles,debt_to_equity,0.03,54.82
MARUTI,Mar-15,Automobiles,interest_coverage,35.36,49.4
MARUTI,Mar-15,Automobiles,asset_turnover,1.47,83.13
MARUTI,Mar-15,Automobiles,free_cash_flow_cr,1958,69.88
MARUTI,Mar-15,Automobiles,revenue_cagr_5yr,,
MARUTI,Mar-15,Automobiles,pat_cagr_5yr,,
MARUTI,Mar-15,Automobiles,composite_quality_score,28.39,42.17
MARUTI,Mar-16,Automobiles,return_on_equity_pct,17.95,39.76
MARUTI,Mar-16,Automobiles,return_on_capital_employed_pct,29.25,71.08
MARUTI,Mar-16,Automobiles,net_profit_margin_pct,9.55,65.06
MARUTI,Mar-16,Automobiles,debt_to_equity,0.01,81.93
MARUTI,Mar-16,Automobiles,interest_coverage,127.9,72.29
MARUTI,Mar-16,Automobiles,asset_turnover,1.35,74.7
MARUTI,Mar-16,Automobiles,free_cash_flow_cr,1252,59.04
MARUTI,Mar-16,Automobiles,revenue_cagr_5yr,,
MARUTI,Mar-16,Automobiles,pat_cagr_5yr,,
MARUTI,Mar-16,Automobiles,composite_quality_score,29.52,49.4
MARUTI,Mar-17,Automobiles,return_on_equity_pct,20.26,49.4
MARUTI,Mar-17,Automobiles,return_on_capital_employed_pct,27.75,66.27
MARUTI,Mar-17,Automobiles,net_profit_margin_pct,11.03,71.08
MARUTI,Mar-17,Automobiles,debt_to_equity,0.01,81.93
MARUTI,Mar-17,Automobiles,interest_coverage,144.04,75.9
MARUTI,Mar-17,Automobiles,asset_turnover,1.31,67.47
MARUTI,Mar-17,Automobiles,free_cash_flow_cr,1109,56.63
MARUTI,Mar-17,Automobiles,revenue_cagr_5yr,,
MARUTI,Mar-17,Automobiles,pat_cagr_5yr,,
MARUTI,Mar-17,Automobiles,composite_quality_score,30.59,57.83
MARUTI,Mar-18,Automobiles,return_on_equity_pct,18.52,42.17
MARUTI,Mar-18,Automobiles,return_on_capital_employed_pct,28.39,69.28
MARUTI,Mar-18,Automobiles,net_profit_margin_pct,9.87,66.27
MARUTI,Mar-18,Automobiles,debt_to_equity,0,95.18
MARUTI,Mar-18,Automobiles,interest_coverage,41.25,51.81
MARUTI,Mar-18,Automobiles,asset_turnover,1.32,70.48
MARUTI,Mar-18,Automobiles,free_cash_flow_cr,3486,86.75
MARUTI,Mar-18,Automobiles,revenue_cagr_5yr,12.49,85.42
MARUTI,Mar-18,Automobiles,pat_cagr_5yr,26.12,90.48
MARUTI,Mar-18,Automobiles,composite_quality_score,34.26,79.52
MARUTI,Mar-19,Automobiles,return_on_equity_pct,16.25,34.94
MARUTI,Mar-19,Automobiles,return_on_capital_employed_pct,23.4,51.81
MARUTI,Mar-19,Automobiles,net_profit_margin_pct,8.89,60.24
MARUTI,Mar-19,Automobiles,debt_to_equity,0,95.18
MARUTI,Mar-19,Automobiles,interest_coverage,180.53,81.93
MARUTI,Mar-19,Automobiles,asset_turnover,1.35,74.7
MARUTI,Mar-19,Automobiles,free_cash_flow_cr,3061,83.13
MARUTI,Mar-19,Automobiles,revenue_cagr_5yr,14.08,89.58
MARUTI,Mar-19,Automobiles,pat_cagr_5yr,21.8,85.71
MARUTI,Mar-19,Automobiles,composite_quality_score,33.11,71.08
MARUTI,Mar-20,Automobiles,return_on_equity_pct,11.49,14.46
MARUTI,Mar-20,Automobiles,return_on_capital_employed_pct,14.83,22.29
MARUTI,Mar-20,Automobiles,net_profit_margin_pct,7.5,47.59
MARUTI,Mar-20,Automobiles,debt_to_equity,0,95.18
MARUTI,Mar-20,Automobiles,interest_coverage,80.34,65.06
MARUTI,Mar-20,Automobiles,asset_turnover,1.19,58.43
MARUTI,Mar-20,Automobiles,free_cash_flow_cr,2939,81.93
MARUTI,Mar-20,Automobiles,revenue_cagr_5yr,8.29,68.75
MARUTI,Mar-20,Automobiles,pat_cagr_5yr,8.31,52.38
MARUTI,Mar-20,Automobiles,composite_quality_score,28.79,45.78
MARUTI,Mar-21,Automobiles,return_on_equity_pct,8.36,10.84
MARUTI,Mar-21,Automobiles,return_on_capital_employed_pct,10.2,4.82
MARUTI,Mar-21,Automobiles,net_profit_margin_pct,6.24,39.76
MARUTI,Mar-21,Automobiles,debt_to_equity,0.01,81.93
MARUTI,Mar-21,Automobiles,interest_coverage,82.91,66.27
MARUTI,Mar-21,Automobiles,asset_turnover,0.99,38.55
MARUTI,Mar-21,Automobiles,free_cash_flow_cr,1565,63.86
MARUTI,Mar-21,Automobiles,revenue_cagr_5yr,4.09,31.25
MARUTI,Mar-21,Automobiles,pat_cagr_5yr,-4.4,14.29
MARUTI,Mar-21,Automobiles,composite_quality_score,25.32,22.89
MARUTI,Mar-22,Automobiles,return_on_equity_pct,7.01,9.64
MARUTI,Mar-22,Automobiles,return_on_capital_employed_pct,10.32,6.02
MARUTI,Mar-22,Automobiles,net_profit_margin_pct,4.39,26.51
MARUTI,Mar-22,Automobiles,debt_to_equity,0.01,81.93
MARUTI,Mar-22,Automobiles,interest_coverage,59.94,61.45
MARUTI,Mar-22,Automobiles,asset_turnover,1.18,56.02
MARUTI,Mar-22,Automobiles,free_cash_flow_cr,1601,65.06
MARUTI,Mar-22,Automobiles,revenue_cagr_5yr,5.34,38.54
MARUTI,Mar-22,Automobiles,pat_cagr_5yr,-12.38,7.14
MARUTI,Mar-22,Automobiles,composite_quality_score,24.05,16.87
MARUTI,Mar-23,Automobiles,return_on_equity_pct,11.08,13.25
MARUTI,Mar-23,Automobiles,return_on_capital_employed_pct,17.3,32.53
MARUTI,Mar-23,Automobiles,net_profit_margin_pct,6.98,43.37
MARUTI,Mar-23,Automobiles,debt_to_equity,0.02,65.66
MARUTI,Mar-23,Automobiles,interest_coverage,61.65,62.65
MARUTI,Mar-23,Automobiles,asset_turnover,1.18,56.02
MARUTI,Mar-23,Automobiles,free_cash_flow_cr,1995,71.08
MARUTI,Mar-23,Automobiles,revenue_cagr_5yr,8.21,66.67
MARUTI,Mar-23,Automobiles,pat_cagr_5yr,0.95,26.19
MARUTI,Mar-23,Automobiles,composite_quality_score,27.74,34.94
MARUTI,Mar-24,Automobiles,return_on_equity_pct,15.75,31.33
MARUTI,Mar-24,Automobiles,return_on_capital_employed_pct,21.72,44.58
MARUTI,Mar-24,Automobiles,net_profit_margin_pct,9.51,63.86
MARUTI,Mar-24,Automobiles,debt_to_equity,0,95.18
MARUTI,Mar-24,Automobiles,interest_coverage,117.91,69.88
MARUTI,Mar-24,Automobiles,asset_turnover,1.23,61.45
MARUTI,Mar-24,Automobiles,free_cash_flow_cr,4936,90.36
MARUTI,Mar-24,Automobiles,revenue_cagr_5yr,10.51,79.17
MARUTI,Mar-24,Automobiles,pat_cagr_5yr,12.01,66.67
MARUTI,Mar-24,Automobiles,composite_quality_score,31.42,62.65
TATAMOTORS,Mar-13,Automobiles,return_on_equity_pct,26.51,80.72
TATAMOTORS,Mar-13,Automobiles,return_on_capital_employed_pct,26.92,62.65
TATAMOTORS,Mar-13,Automobiles,net_profit_margin_pct,5.28,32.53
TATAMOTORS,Mar-13,Automobiles,debt_to_equity,1.43,28.92
TATAMOTORS,Mar-13,Automobiles,interest_coverage,6.97,33.73
TATAMOTORS,Mar-13,Automobiles,asset_turnover,1.12,51.81
TATAMOTORS,Mar-13,Automobiles,free_cash_flow_cr,-806,24.1
TATAMOTORS,Mar-13,Automobiles,revenue_cagr_5yr,,
TATAMOTORS,Mar-13,Automobiles,pat_cagr_5yr,,
TATAMOTORS,Mar-13,Automobiles,composite_quality_score,28.59,44.58
TATAMOTORS,Mar-14,Automobiles,return_on_equity_pct,21.42,57.83
TATAMOTORS,Mar-14,Automobiles,return_on_capital_employed_pct,27.61,65.06
TATAMOTORS,Mar-14,Automobiles,net_profit_margin_pct,6.03,38.55
TATAMOTORS,Mar-14,Automobiles,debt_to_equity,0.92,36.14
TATAMOTORS,Mar-14,Automobiles,interest_coverage,7.31,35.54
TATAMOTORS,Mar-14,Automobiles,asset_turnover,1.07,49.4
TATAMOTORS,Mar-14,Automobiles,free_cash_flow_cr,8160,96.39
TATAMOTORS,Mar-14,Automobiles,revenue_cagr_5yr,,
TATAMOTORS,Mar-14,Automobiles,pat_cagr_5yr,,
TATAMOTORS,Mar-14,Automobiles,composite_quality_score,27.93,37.35
TATAMOTORS,Mar-15,Automobiles,return_on_equity_pct,25.01,74.7
TATAMOTORS,Mar-15,Automobiles,return_on_capital_employed_pct,30.21,72.29
TATAMOTORS,Mar-15,Automobiles,net_profit_margin_pct,5.35,33.73
TATAMOTORS,Mar-15,Automobiles,debt_to_equity,1.31,31.33
TATAMOTORS,Mar-15,Automobiles,interest_coverage,8.22,39.76
TATAMOTORS,Mar-15,Automobiles,asset_turnover,1.11,50.6
TATAMOTORS,Mar-15,Automobiles,free_cash_flow_cr,-701,27.71
TATAMOTORS,Mar-15,Automobiles,revenue_cagr_5yr,,
TATAMOTORS,Mar-15,Automobiles,pat_cagr_5yr,,
TATAMOTORS,Mar-15,Automobiles,composite_quality_score,28.31,40.96
TATAMOTORS,Mar-16,Automobiles,return_on_equity_pct,14.79,26.51
TATAMOTORS,Mar-16,Automobiles,return_on_capital_employed_pct,25.89,60.24
TATAMOTORS,Mar-16,Automobiles,net_profit_margin_pct,4.28,25.3
TATAMOTORS,Mar-16,Automobiles,debt_to_equity,0.88,37.35
TATAMOTORS,Mar-16,Automobiles,interest_coverage,7.31,35.54
TATAMOTORS,Mar-16,Automobiles,asset_turnover,1.04,46.39
TATAMOTORS,Mar-16,Automobiles,free_cash_flow_cr,1206,57.83
TATAMOTORS,Mar-16,Automobiles,revenue_cagr_5yr,,
TATAMOTORS,Mar-16,Automobiles,pat_cagr_5yr,,
TATAMOTORS,Mar-16,Automobiles,composite_quality_score,25.31,21.69
TATAMOTORS,Mar-17,Automobiles,return_on_equity_pct,13.02,18.07
TATAMOTORS,Mar-17,Automobiles,return_on_capital_employed_pct,21.65,43.37
TATAMOTORS,Mar-17,Automobiles,net_profit_margin_pct,2.8,12.05
TATAMOTORS,Mar-17,Automobiles,debt_to_equity,1.35,30.12
TATAMOTORS,Mar-17,Automobiles,interest_coverage,7.42,37.35
TATAMOTORS,Mar-17,Automobiles,asset_turnover,0.99,38.55
TATAMOTORS,Mar-17,Automobiles,free_cash_flow_cr,-9372,4.82
TATAMOTORS,Mar-17,Automobiles,revenue_cagr_5yr,,
TATAMOTORS,Mar-17,Automobiles,pat_cagr_5yr,,
TATAMOTORS,Mar-17,Automobiles,composite_quality_score,23.41,15.66
TATAMOTORS,Mar-18,Automobiles,return_on_equity_pct,9.53,12.05
TATAMOTORS,Mar-18,Automobiles,return_on_capital_employed_pct,17.06,30.12
TATAMOTORS,Mar-18,Automobiles,net_profit_margin_pct,3.12,14.46
TATAMOTORS,Mar-18,Automobiles,debt_to_equity,0.93,34.94
TATAMOTORS,Mar-18,Automobiles,interest_coverage,7.99,38.55
TATAMOTORS,Mar-18,Automobiles,asset_turnover,0.89,27.11
TATAMOTORS,Mar-18,Automobiles,free_cash_flow_cr,-1282,22.89
TATAMOTORS,Mar-18,Automobiles,revenue_cagr_5yr,9.08,75
TATAMOTORS,Mar-18,Automobiles,pat_cagr_5yr,-1.84,16.67
TATAMOTORS,Mar-18,Automobiles,composite_quality_score,24.17,18.07
TATAMOTORS,Mar-19,Automobiles,return_on_equity_pct,-47.73,1.2
TATAMOTORS,Mar-19,Automobiles,return_on_capital_employed_pct,14.83,22.29
TATAMOTORS,Mar-19,Automobiles,net_profit_margin_pct,-9.51,1.2
TATAMOTORS,Mar-19,Automobiles,debt_to_equity,1.76,16.87
TATAMOTORS,Mar-19,Automobiles,interest_coverage,-0.35,1.2
TATAMOTORS,Mar-19,Automobiles,asset_turnover,0.99,38.55
TATAMOTORS,Mar-19,Automobiles,free_cash_flow_cr,-1987,20.48
TATAMOTORS,Mar-19,Automobiles,revenue_cagr_5yr,5.34,38.54
TATAMOTORS,Mar-19,Automobiles,pat_cagr_5yr,,
TATAMOTORS,Mar-19,Automobiles,composite_quality_score,-0.34,1.2
TATAMOTORS,Mar-20,Automobiles,return_on_equity_pct,-18.98,4.82
TATAMOTORS,Mar-20,Automobiles,return_on_capital_employed_pct,9.57,3.61
TATAMOTORS,Mar-20,Automobiles,net_profit_margin_pct,-4.59,3.61
TATAMOTORS,Mar-20,Automobiles,debt_to_equity,1.98,13.25
TATAMOTORS,Mar-20,Automobiles,interest_coverage,2.5,4.82
TATAMOTORS,Mar-20,Automobiles,asset_turnover,0.82,20.48
TATAMOTORS,Mar-20,Automobiles,free_cash_flow_cr,-6482,7.23
TATAMOTORS,Mar-20,Automobiles,revenue_cagr_5yr,-0.16,6.25
TATAMOTORS,Mar-20,Automobiles,pat_cagr_5yr,,
TATAMOTORS,Mar-20,Automobiles,composite_quality_score,9.27,4.82
TATAMOTORS,Mar-21,Automobiles,return_on_equity_pct,-24.25,3.61
TATAMOTORS,Mar-21,Automobiles,return_on_capital_employed_pct,16.36,27.71
TATAMOTORS,Mar-21,Automobiles,net_profit_margin_pct,-5.36,2.41
TATAMOTORS,Mar-21,Automobiles,debt_to_equity,2.57,10.84
TATAMOTORS,Mar-21,Automobiles,interest_coverage,2.61,7.23
TATAMOTORS,Mar-21,Automobiles,asset_turnover,0.73,13.25
TATAMOTORS,Mar-21,Automobiles,free_cash_flow_cr,3329,85.54
TATAMOTORS,Mar-21,Automobiles,revenue_cagr_5yr,-1.76,2.08
TATAMOTORS,Mar-21,Automobiles,pat_cagr_5yr,,
TATAMOTORS,Mar-21,Automobiles,composite_quality_score,5.77,3.61
TATAMOTORS,Mar-22,Automobiles,return_on_equity_pct,-25.38,2.41
TATAMOTORS,Mar-22,Automobiles,return_on_capital_employed_pct,12.94,8.43
TATAMOTORS,Mar-22,Automobiles,net_profit_margin_pct,-4.06,4.82
TATAMOTORS,Mar-22,Automobiles,debt_to_equity,3.29,4.82
TATAMOTORS,Mar-22,Automobiles,interest_coverage,2.91,10.24
TATAMOTORS,Mar-22,Automobiles,asset_turnover,0.85,24.1
TATAMOTORS,Mar-22,Automobiles,free_cash_flow_cr,9839,97.59
TATAMOTORS,Mar-22,Automobiles,revenue_cagr_5yr,0.64,8.33
TATAMOTORS,Mar-22,Automobiles,pat_cagr_5yr,,
TATAMOTORS,Mar-22,Automobiles,composite_quality_score,4.67,2.41
TATAMOTORS,Mar-23,Automobiles,return_on_equity_pct,5.94,8.43
TATAMOTORS,Mar-23,Automobiles,return_on_capital_employed_pct,17.73,37.35
TATAMOTORS,Mar-23,Automobiles,net_profit_margin_pct,0.78,7.23
TATAMOTORS,Mar-23,Automobiles,debt_to_equity,2.96,7.23
TATAMOTORS,Mar-23,Automobiles,interest_coverage,3.76,23.49
TATAMOTORS,Mar-23,Automobiles,asset_turnover,1.03,44.58
TATAMOTORS,Mar-23,Automobiles,free_cash_flow_cr,19971,98.8
TATAMOTORS,Mar-23,Automobiles,revenue_cagr_5yr,3.48,29.17
TATAMOTORS,Mar-23,Automobiles,pat_cagr_5yr,-21.62,2.38
TATAMOTORS,Mar-23,Automobiles,composite_quality_score,15.71,6.02
TATAMOTORS,Mar-24,Automobiles,return_on_equity_pct,37.46,98.8
TATAMOTORS,Mar-24,Automobiles,return_on_capital_employed_pct,30.98,74.7
TATAMOTORS,Mar-24,Automobiles,net_profit_margin_pct,7.26,44.58
TATAMOTORS,Mar-24,Automobiles,debt_to_equity,1.26,32.53
TATAMOTORS,Mar-24,Automobiles,interest_coverage,6.53,31.33
TATAMOTORS,Mar-24,Automobiles,asset_turnover,1.19,58.43
TATAMOTORS,Mar-24,Automobiles,free_cash_flow_cr,45133,100
TATAMOTORS,Mar-24,Automobiles,revenue_cagr_5yr,7.72,60.42
TATAMOTORS,Mar-24,Automobiles,pat_cagr_5yr,,
TATAMOTORS,Mar-24,Automobiles,composite_quality_score,34.39,80.72
TVSMOTOR,Mar-13,Automobiles,return_on_equity_pct,22.02,60.24
TVSMOTOR,Mar-13,Automobiles,return_on_capital_employed_pct,22.27,48.19
TVSMOTOR,Mar-13,Automobiles,net_profit_margin_pct,2.64,10.84
TVSMOTOR,Mar-13,Automobiles,debt_to_equity,1.19,33.73
TVSMOTOR,Mar-13,Automobiles,interest_coverage,5.51,30.12
TVSMOTOR,Mar-13,Automobiles,asset_turnover,2.22,95.18
TVSMOTOR,Mar-13,Automobiles,free_cash_flow_cr,344,46.99
TVSMOTOR,Mar-13,Automobiles,revenue_cagr_5yr,,
TVSMOTOR,Mar-13,Automobiles,pat_cagr_5yr,,
TVSMOTOR,Mar-13,Automobiles,composite_quality_score,28.08,39.76
TVSMOTOR,Mar-14,Automobiles,return_on_equity_pct,16.11,33.73
TVSMOTOR,Mar-14,Automobiles,return_on_capital_employed_pct,26.05,61.45
TVSMOTOR,Mar-14,Automobiles,net_profit_margin_pct,2.23,9.64
TVSMOTOR,Mar-14,Automobiles,debt_to_equity,0.63,39.76
TVSMOTOR,Mar-14,Automobiles,interest_coverage,6.7,32.53
TVSMOTOR,Mar-14,Automobiles,asset_turnover,2.31,97.59
TVSMOTOR,Mar-14,Automobiles,free_cash_flow_cr,235,40.96
TVSMOTOR,Mar-14,Automobiles,revenue_cagr_5yr,,
TVSMOTOR,Mar-14,Automobiles,pat_cagr_5yr,,
TVSMOTOR,Mar-14,Automobiles,composite_quality_score,27.13,30.12
TVSMOTOR,Mar-15,Automobiles,return_on_equity_pct,24.75,72.29
TVSMOTOR,Mar-15,Automobiles,return_on_capital_employed_pct,24.75,59.04
TVSMOTOR,Mar-15,Automobiles,net_profit_margin_pct,3.2,16.87
TVSMOTOR,Mar-15,Automobiles,debt_to_equity,0.84,38.55
TVSMOTOR,Mar-15,Automobiles,interest_coverage,11.05,40.96
TVSMOTOR,Mar-15,Automobiles,asset_turnover,2.24,96.39
TVSMOTOR,Mar-15,Automobiles,free_cash_flow_cr,-332,30.12
TVSMOTOR,Mar-15,Automobiles,revenue_cagr_5yr,,
TVSMOTOR,Mar-15,Automobiles,pat_cagr_5yr,,
TVSMOTOR,Mar-15,Automobiles,composite_quality_score,29.86,53.01
TVSMOTOR,Mar-16,Automobiles,return_on_equity_pct,23.58,67.47
TVSMOTOR,Mar-16,Automobiles,return_on_capital_employed_pct,28.14,67.47
TVSMOTOR,Mar-16,Automobiles,net_profit_margin_pct,3.77,20.48
TVSMOTOR,Mar-16,Automobiles,debt_to_equity,0.6,40.96
TVSMOTOR,Mar-16,Automobiles,interest_coverage,13.03,42.17
TVSMOTOR,Mar-16,Automobiles,asset_turnover,2.21,93.37
TVSMOTOR,Mar-16,Automobiles,free_cash_flow_cr,331,44.58
TVSMOTOR,Mar-16,Automobiles,revenue_cagr_5yr,,
TVSMOTOR,Mar-16,Automobiles,pat_cagr_5yr,,
TVSMOTOR,Mar-16,Automobiles,composite_quality_score,30.02,55.42
TVSMOTOR,Mar-17,Automobiles,return_on_equity_pct,22.96,66.27
TVSMOTOR,Mar-17,Automobiles,return_on_capital_employed_pct,24.69,57.83
TVSMOTOR,Mar-17,Automobiles,net_profit_margin_pct,4.08,22.89
TVSMOTOR,Mar-17,Automobiles,debt_to_equity,0.59,42.17
TVSMOTOR,Mar-17,Automobiles,interest_coverage,17.23,43.37
TVSMOTOR,Mar-17,Automobiles,asset_turnover,2.03,91.57
TVSMOTOR,Mar-17,Automobiles,free_cash_flow_cr,-20,36.14
TVSMOTOR,Mar-17,Automobiles,revenue_cagr_5yr,,
TVSMOTOR,Mar-17,Automobiles,pat_cagr_5yr,,
TVSMOTOR,Mar-17,Automobiles,composite_quality_score,29.7,50.6
TVSMOTOR,Mar-18,Automobiles,return_on_equity_pct,24.83,73.49
TVSMOTOR,Mar-18,Automobiles,return_on_capital_employed_pct,16.35,26.51
TVSMOTOR,Mar-18,Automobiles,net_profit_margin_pct,4.07,21.69
TVSMOTOR,Mar-18,Automobiles,debt_to_equity,2.59,9.64
TVSMOTOR,Mar-18,Automobiles,interest_coverage,4.86,28.92
TVSMOTOR,Mar-18,Automobiles,asset_turnover,1.24,62.65
TVSMOTOR,Mar-18,Automobiles,free_cash_flow_cr,-741,25.3
TVSMOTOR,Mar-18,Automobiles,revenue_cagr_5yr,16.82,97.92
TVSMOTOR,Mar-18,Automobiles,pat_cagr_5yr,27.42,92.86
TVSMOTOR,Mar-18,Automobiles,composite_quality_score,30.83,59.04
TVSMOTOR,Mar-19,Automobiles,return_on_equity_pct,22.86,65.06
TVSMOTOR,Mar-19,Automobiles,return_on_capital_employed_pct,17.35,33.73
TVSMOTOR,Mar-19,Automobiles,net_profit_margin_pct,3.6,19.28
TVSMOTOR,Mar-19,Automobiles,debt_to_equity,2.93,8.43
TVSMOTOR,Mar-19,Automobiles,interest_coverage,3.3,15.66
TVSMOTOR,Mar-19,Automobiles,asset_turnover,1.21,60.24
TVSMOTOR,Mar-19,Automobiles,free_cash_flow_cr,-2022,19.28
TVSMOTOR,Mar-19,Automobiles,revenue_cagr_5yr,19.18,100
TVSMOTOR,Mar-19,Automobiles,pat_cagr_5yr,31.13,100
TVSMOTOR,Mar-19,Automobiles,composite_quality_score,30.06,56.63
TVSMOTOR,Mar-20,Automobiles,return_on_equity_pct,19.71,46.99
TVSMOTOR,Mar-20,Automobiles,return_on_capital_employed_pct,15.22,24.1
TVSMOTOR,Mar-20,Automobiles,net_profit_margin_pct,3.43,18.07
TVSMOTOR,Mar-20,Automobiles,debt_to_equity,3.53,3.61
TVSMOTOR,Mar-20,Automobiles,interest_coverage,2.66,8.43
TVSMOTOR,Mar-20,Automobiles,asset_turnover,0.98,36.14
TVSMOTOR,Mar-20,Automobiles,free_cash_flow_cr,-717,26.51
TVSMOTOR,Mar-20,Automobiles,revenue_cagr_5yr,12.94,87.5
TVSMOTOR,Mar-20,Automobiles,pat_cagr_5yr,14.55,78.57
TVSMOTOR,Mar-20,Automobiles,composite_quality_score,24.9,19.28
TVSMOTOR,Mar-21,Automobiles,return_on_equity_pct,15.89,32.53
TVSMOTOR,Mar-21,Automobiles,return_on_capital_employed_pct,13.94,15.66
TVSMOTOR,Mar-21,Automobiles,net_profit_margin_pct,3.13,15.66
TVSMOTOR,Mar-21,Automobiles,debt_to_equity,3.18,6.02
TVSMOTOR,Mar-21,Automobiles,interest_coverage,2.57,6.02
TVSMOTOR,Mar-21,Automobiles,asset_turnover,0.89,27.11
TVSMOTOR,Mar-21,Automobiles,free_cash_flow_cr,269,43.37
TVSMOTOR,Mar-21,Automobiles,revenue_cagr_5yr,11.29,83.33
TVSMOTOR,Mar-21,Automobiles,pat_cagr_5yr,7.22,38.1
TVSMOTOR,Mar-21,Automobiles,composite_quality_score,23.13,10.84
TVSMOTOR,Mar-22,Automobiles,return_on_equity_pct,16.61,36.14
TVSMOTOR,Mar-22,Automobiles,return_on_capital_employed_pct,13.62,9.64
TVSMOTOR,Mar-22,Automobiles,net_profit_margin_pct,3,13.25
TVSMOTOR,Mar-22,Automobiles,debt_to_equity,3.6,2.41
TVSMOTOR,Mar-22,Automobiles,interest_coverage,2.93,12.05
TVSMOTOR,Mar-22,Automobiles,asset_turnover,0.9,29.52
TVSMOTOR,Mar-22,Automobiles,free_cash_flow_cr,-3046,16.87
TVSMOTOR,Mar-22,Automobiles,revenue_cagr_5yr,14.34,93.75
TVSMOTOR,Mar-22,Automobiles,pat_cagr_5yr,7.51,44.05
TVSMOTOR,Mar-22,Automobiles,composite_quality_score,23.02,9.64
TVSMOTOR,Mar-23,Automobiles,return_on_equity_pct,23.78,68.67
TVSMOTOR,Mar-23,Automobiles,return_on_capital_employed_pct,14.44,19.28
TVSMOTOR,Mar-23,Automobiles,net_profit_margin_pct,4.09,24.1
TVSMOTOR,Mar-23,Automobiles,debt_to_equity,4.06,0
TVSMOTOR,Mar-23,Automobiles,interest_coverage,3.04,13.86
TVSMOTOR,Mar-23,Automobiles,asset_turnover,0.91,31.33
TVSMOTOR,Mar-23,Automobiles,free_cash_flow_cr,-5713,8.43
TVSMOTOR,Mar-23,Automobiles,revenue_cagr_5yr,14.37,95.83
TVSMOTOR,Mar-23,Automobiles,pat_cagr_5yr,14.5,76.19
TVSMOTOR,Mar-23,Automobiles,composite_quality_score,25.54,24.1
TVSMOTOR,Mar-24,Automobiles,return_on_equity_pct,26.22,78.31
TVSMOTOR,Mar-24,Automobiles,return_on_capital_employed_pct,16.77,28.92
TVSMOTOR,Mar-24,Automobiles,net_profit_margin_pct,4.54,27.71
TVSMOTOR,Mar-24,Automobiles,debt_to_equity,3.83,1.2
TVSMOTOR,Mar-24,Automobiles,interest_coverage,2.91,10.24
TVSMOTOR,Mar-24,Automobiles,asset_turnover,0.93,32.53
TVSMOTOR,Mar-24,Automobiles,free_cash_flow_cr,-2254,18.07
TVSMOTOR,Mar-24,Automobiles,revenue_cagr_5yr,14.19,91.67
TVSMOTOR,Mar-24,Automobiles,pat_cagr_5yr,19.67,83.33
TVSMOTOR,Mar-24,Automobiles,composite_quality_score,27.45,33.73
BAJFINANCE,Mar-15,Consumer Finance,return_on_equity_pct,18.71,82.35
BAJFINANCE,Mar-15,Consumer Finance,return_on_capital_employed_pct,5.57,91.18
BAJFINANCE,Mar-15,Consumer Finance,net_profit_margin_pct,16.65,52.94
BAJFINANCE,Mar-15,Consumer Finance,debt_to_equity,5.55,38.24
BAJFINANCE,Mar-15,Consumer Finance,interest_coverage,68.35,64.52
BAJFINANCE,Mar-15,Consumer Finance,asset_turnover,0.16,91.18
BAJFINANCE,Mar-15,Consumer Finance,free_cash_flow_cr,-7424,58.82
BAJFINANCE,Mar-15,Consumer Finance,revenue_cagr_5yr,,
BAJFINANCE,Mar-15,Consumer Finance,pat_cagr_5yr,,
BAJFINANCE,Mar-15,Consumer Finance,composite_quality_score,18.94,29.41
BAJFINANCE,Mar-16,Consumer Finance,return_on_equity_pct,17.22,64.71
BAJFINANCE,Mar-16,Consumer Finance,return_on_capital_employed_pct,5.3,82.35
BAJFINANCE,Mar-16,Consumer Finance,net_profit_margin_pct,17.52,58.82
BAJFINANCE,Mar-16,Consumer Finance,debt_to_equity,4.99,55.88
BAJFINANCE,Mar-16,Consumer Finance,interest_coverage,68.03,61.29
BAJFINANCE,Mar-16,Consumer Finance,asset_turnover,0.16,91.18
BAJFINANCE,Mar-16,Consumer Finance,free_cash_flow_cr,-10557,41.18
BAJFINANCE,Mar-16,Consumer Finance,revenue_cagr_5yr,,
BAJFINANCE,Mar-16,Consumer Finance,pat_cagr_5yr,,
BAJFINANCE,Mar-16,Consumer Finance,composite_quality_score,19.71,38.24
BAJFINANCE,Mar-17,Consumer Finance,return_on_equity_pct,19.12,88.24
BAJFINANCE,Mar-17,Consumer Finance,return_on_capital_employed_pct,5.52,88.24
BAJFINANCE,Mar-17,Consumer Finance,net_profit_margin_pct,18.42,64.71
BAJFINANCE,Mar-17,Consumer Finance,debt_to_equity,5.13,50
BAJFINANCE,Mar-17,Consumer Finance,interest_coverage,149.05,67.74
BAJFINANCE,Mar-17,Consumer Finance,asset_turnover,0.16,91.18
BAJFINANCE,Mar-17,Consumer Finance,free_cash_flow_cr,-13486,29.41
BAJFINANCE,Mar-17,Consumer Finance,revenue_cagr_5yr,,
BAJFINANCE,Mar-17,Consumer Finance,pat_cagr_5yr,,
BAJFINANCE,Mar-17,Consumer Finance,composite_quality_score,20.28,44.12
BAJFINANCE,Mar-18,Consumer Finance,return_on_equity_pct,15.75,35.29
BAJFINANCE,Mar-18,Consumer Finance,return_on_capital_employed_pct,4.99,79.41
BAJFINANCE,Mar-18,Consumer Finance,net_profit_margin_pct,19.58,70.59
BAJFINANCE,Mar-18,Consumer Finance,debt_to_equity,4.2,76.47
BAJFINANCE,Mar-18,Consumer Finance,interest_coverage,414.6,70.97
BAJFINANCE,Mar-18,Consumer Finance,asset_turnover,0.15,60.29
BAJFINANCE,Mar-18,Consumer Finance,free_cash_flow_cr,-19491,26.47
BAJFINANCE,Mar-18,Consumer Finance,revenue_cagr_5yr,,
BAJFINANCE,Mar-18,Consumer Finance,pat_cagr_5yr,,
BAJFINANCE,Mar-18,Consumer Finance,composite_quality_score,21.18,52.94
BAJFINANCE,Mar-19,Consumer Finance,return_on_equity_pct,20.28,97.06
BAJFINANCE,Mar-19,Consumer Finance,return_on_capital_employed_pct,4.5,61.76
BAJFINANCE,Mar-19,Consumer Finance,net_profit_margin_pct,21.61,91.18
BAJFINANCE,Mar-19,Consumer Finance,debt_to_equity,5.16,47.06
BAJFINANCE,Mar-19,Consumer Finance,interest_coverage,422.15,74.19
BAJFINANCE,Mar-19,Consumer Finance,asset_turnover,0.15,60.29
BAJFINANCE,Mar-19,Consumer Finance,free_cash_flow_cr,-34441,11.76
BAJFINANCE,Mar-19,Consumer Finance,revenue_cagr_5yr,,
BAJFINANCE,Mar-19,Consumer Finance,pat_cagr_5yr,,
BAJFINANCE,Mar-19,Consumer Finance,composite_quality_score,21.25,55.88
BAJFINANCE,Mar-20,Consumer Finance,return_on_equity_pct,16.28,55.88
BAJFINANCE,Mar-20,Consumer Finance,return_on_capital_employed_pct,5.65,94.12
BAJFINANCE,Mar-20,Consumer Finance,net_profit_margin_pct,19.96,76.47
BAJFINANCE,Mar-20,Consumer Finance,debt_to_equity,4.02,79.41
BAJFINANCE,Mar-20,Consumer Finance,interest_coverage,1020.89,90.32
BAJFINANCE,Mar-20,Consumer Finance,asset_turnover,0.16,91.18
BAJFINANCE,Mar-20,Consumer Finance,free_cash_flow_cr,-33170,14.71
BAJFINANCE,Mar-20,Consumer Finance,revenue_cagr_5yr,37.37,100
BAJFINANCE,Mar-20,Consumer Finance,pat_cagr_5yr,42.43,100
BAJFINANCE,Mar-20,Consumer Finance,composite_quality_score,31.66,97.06
BAJFINANCE,Mar-21,Consumer Finance,return_on_equity_pct,11.97,17.65
BAJFINANCE,Mar-21,Consumer Finance,return_on_capital_employed_pct,6.43,100
BAJFINANCE,Mar-21,Consumer Finance,net_profit_margin_pct,16.57,47.06
BAJFINANCE,Mar-21,Consumer Finance,debt_to_equity,3.57,97.06
BAJFINANCE,Mar-21,Consumer Finance,interest_coverage,3621,100
BAJFINANCE,Mar-21,Consumer Finance,asset_turnover,0.16,91.18
BAJFINANCE,Mar-21,Consumer Finance,free_cash_flow_cr,-1236,100
BAJFINANCE,Mar-21,Consumer Finance,revenue_cagr_5yr,29.59,94.74
BAJFINANCE,Mar-21,Consumer Finance,pat_cagr_5yr,28.15,78.95
BAJFINANCE,Mar-21,Consumer Finance,composite_quality_score,27.78,88.24
BAJFINANCE,Mar-22,Consumer Finance,return_on_equity_pct,16.08,47.06
BAJFINANCE,Mar-22,Consumer Finance,return_on_capital_employed_pct,5.69,97.06
BAJFINANCE,Mar-22,Consumer Finance,net_profit_margin_pct,22.21,94.12
BAJFINANCE,Mar-22,Consumer Finance,debt_to_equity,3.78,91.18
BAJFINANCE,Mar-22,Consumer Finance,interest_coverage,-700.65,6.45
BAJFINANCE,Mar-22,Consumer Finance,asset_turnover,0.15,60.29
BAJFINANCE,Mar-22,Consumer Finance,free_cash_flow_cr,-30743,20.59
BAJFINANCE,Mar-22,Consumer Finance,revenue_cagr_5yr,25.98,84.21
BAJFINANCE,Mar-22,Consumer Finance,pat_cagr_5yr,30.8,89.47
BAJFINANCE,Mar-22,Consumer Finance,composite_quality_score,29.64,91.18
BAJFINANCE,Mar-23,Consumer Finance,return_on_equity_pct,21.17,100
BAJFINANCE,Mar-23,Consumer Finance,return_on_capital_employed_pct,4.68,70.59
BAJFINANCE,Mar-23,Consumer Finance,net_profit_margin_pct,27.79,100
BAJFINANCE,Mar-23,Consumer Finance,debt_to_equity,3.99,83.82
BAJFINANCE,Mar-23,Consumer Finance,interest_coverage,-2546.4,3.23
BAJFINANCE,Mar-23,Consumer Finance,asset_turnover,0.15,60.29
BAJFINANCE,Mar-23,Consumer Finance,free_cash_flow_cr,-52506,5.88
BAJFINANCE,Mar-23,Consumer Finance,revenue_cagr_5yr,26.58,89.47
BAJFINANCE,Mar-23,Consumer Finance,pat_cagr_5yr,35.75,94.74
BAJFINANCE,Mar-23,Consumer Finance,composite_quality_score,32.7,100
BAJFINANCE,Mar-24,Consumer Finance,return_on_equity_pct,18.84,85.29
BAJFINANCE,Mar-24,Consumer Finance,return_on_capital_employed_pct,4.35,58.82
BAJFINANCE,Mar-24,Consumer Finance,net_profit_margin_pct,26.29,97.06
BAJFINANCE,Mar-24,Consumer Finance,debt_to_equity,3.82,88.24
BAJFINANCE,Mar-24,Consumer Finance,interest_coverage,2689.17,96.77
BAJFINANCE,Mar-24,Consumer Finance,asset_turnover,0.15,60.29
BAJFINANCE,Mar-24,Consumer Finance,free_cash_flow_cr,-79931,2.94
BAJFINANCE,Mar-24,Consumer Finance,revenue_cagr_5yr,24.35,78.95
BAJFINANCE,Mar-24,Consumer Finance,pat_cagr_5yr,29.32,84.21
BAJFINANCE,Mar-24,Consumer Finance,composite_quality_score,30.95,94.12
CHOLAFIN,Mar-13,Consumer Finance,return_on_equity_pct,15.78,38.24
CHOLAFIN,Mar-13,Consumer Finance,return_on_capital_employed_pct,4,47.06
CHOLAFIN,Mar-13,Consumer Finance,net_profit_margin_pct,11.98,17.65
CHOLAFIN,Mar-13,Consumer Finance,debt_to_equity,7.82,5.88
CHOLAFIN,Mar-13,Consumer Finance,interest_coverage,706,83.87
CHOLAFIN,Mar-13,Consumer Finance,asset_turnover,0.14,30.88
CHOLAFIN,Mar-13,Consumer Finance,free_cash_flow_cr,-3749,76.47
CHOLAFIN,Mar-13,Consumer Finance,revenue_cagr_5yr,,
CHOLAFIN,Mar-13,Consumer Finance,pat_cagr_5yr,,
CHOLAFIN,Mar-13,Consumer Finance,composite_quality_score,12.42,5.88
CHOLAFIN,Mar-14,Consumer Finance,return_on_equity_pct,16.09,50
CHOLAFIN,Mar-14,Consumer Finance,return_on_capital_employed_pct,4.58,64.71
CHOLAFIN,Mar-14,Consumer Finance,net_profit_margin_pct,11.22,5.88
CHOLAFIN,Mar-14,Consumer Finance,debt_to_equity,7.9,2.94
CHOLAFIN,Mar-14,Consumer Finance,interest_coverage,950,87.1
CHOLAFIN,Mar-14,Consumer Finance,asset_turnover,0.15,60.29
CHOLAFIN,Mar-14,Consumer Finance,free_cash_flow_cr,-2530,85.29
CHOLAFIN,Mar-14,Consumer Finance,revenue_cagr_5yr,,
CHOLAFIN,Mar-14,Consumer Finance,pat_cagr_5yr,,
CHOLAFIN,Mar-14,Consumer Finance,composite_quality_score,12.23,2.94
CHOLAFIN,Mar-15,Consumer Finance,return_on_equity_pct,16.6,58.82
CHOLAFIN,Mar-15,Consumer Finance,return_on_capital_employed_pct,4.69,73.53
CHOLAFIN,Mar-15,Consumer Finance,net_profit_margin_pct,11.95,14.71
CHOLAFIN,Mar-15,Consumer Finance,debt_to_equity,7.46,11.76
CHOLAFIN,Mar-15,Consumer Finance,interest_coverage,,
CHOLAFIN,Mar-15,Consumer Finance,asset_turnover,0.16,91.18
CHOLAFIN,Mar-15,Consumer Finance,free_cash_flow_cr,-2304,91.18
CHOLAFIN,Mar-15,Consumer Finance,revenue_cagr_5yr,,
CHOLAFIN,Mar-15,Consumer Finance,pat_cagr_5yr,,
CHOLAFIN,Mar-15,Consumer Finance,composite_quality_score,13.44,8.82
CHOLAFIN,Mar-16,Consumer Finance,return_on_equity_pct,15.67,32.35
CHOLAFIN,Mar-16,Consumer Finance,return_on_capital_employed_pct,4.83,76.47
CHOLAFIN,Mar-16,Consumer Finance,net_profit_margin_pct,13.64,23.53
CHOLAFIN,Mar-16,Consumer Finance,debt_to_equity,6.14,26.47
CHOLAFIN,Mar-16,Consumer Finance,interest_coverage,643.5,80.65
CHOLAFIN,Mar-16,Consumer Finance,asset_turnover,0.15,60.29
CHOLAFIN,Mar-16,Consumer Finance,free_cash_flow_cr,-2946,79.41
CHOLAFIN,Mar-16,Consumer Finance,revenue_cagr_5yr,,
CHOLAFIN,Mar-16,Consumer Finance,pat_cagr_5yr,,
CHOLAFIN,Mar-16,Consumer Finance,composite_quality_score,16.08,11.76
CHOLAFIN,Mar-17,Consumer Finance,return_on_equity_pct,16.71,61.76
CHOLAFIN,Mar-17,Consumer Finance,return_on_capital_employed_pct,4.66,67.65
CHOLAFIN,Mar-17,Consumer Finance,net_profit_margin_pct,15.3,35.29
CHOLAFIN,Mar-17,Consumer Finance,debt_to_equity,5.6,35.29
CHOLAFIN,Mar-17,Consumer Finance,interest_coverage,448.67,77.42
CHOLAFIN,Mar-17,Consumer Finance,asset_turnover,0.15,60.29
CHOLAFIN,Mar-17,Consumer Finance,free_cash_flow_cr,-1690,97.06
CHOLAFIN,Mar-17,Consumer Finance,revenue_cagr_5yr,,
CHOLAFIN,Mar-17,Consumer Finance,pat_cagr_5yr,,
CHOLAFIN,Mar-17,Consumer Finance,composite_quality_score,17.86,23.53
CHOLAFIN,Mar-18,Consumer Finance,return_on_equity_pct,17.91,70.59
CHOLAFIN,Mar-18,Consumer Finance,return_on_capital_employed_pct,3.34,26.47
CHOLAFIN,Mar-18,Consumer Finance,net_profit_margin_pct,16.51,44.12
CHOLAFIN,Mar-18,Consumer Finance,debt_to_equity,7.48,8.82
CHOLAFIN,Mar-18,Consumer Finance,interest_coverage,,
CHOLAFIN,Mar-18,Consumer Finance,asset_turnover,0.13,17.65
CHOLAFIN,Mar-18,Consumer Finance,free_cash_flow_cr,-7986,55.88
CHOLAFIN,Mar-18,Consumer Finance,revenue_cagr_5yr,16.68,36.84
CHOLAFIN,Mar-18,Consumer Finance,pat_cagr_5yr,24.41,63.16
CHOLAFIN,Mar-18,Consumer Finance,composite_quality_score,19.68,35.29
CHOLAFIN,Mar-19,Consumer Finance,return_on_equity_pct,19.28,91.18
CHOLAFIN,Mar-19,Consumer Finance,return_on_capital_employed_pct,2.87,8.82
CHOLAFIN,Mar-19,Consumer Finance,net_profit_margin_pct,16.84,55.88
CHOLAFIN,Mar-19,Consumer Finance,debt_to_equity,8.15,0
CHOLAFIN,Mar-19,Consumer Finance,interest_coverage,1659,93.55
CHOLAFIN,Mar-19,Consumer Finance,asset_turnover,0.12,8.82
CHOLAFIN,Mar-19,Consumer Finance,free_cash_flow_cr,-9328,47.06
CHOLAFIN,Mar-19,Consumer Finance,revenue_cagr_5yr,16.74,42.11
CHOLAFIN,Mar-19,Consumer Finance,pat_cagr_5yr,26.6,73.68
CHOLAFIN,Mar-19,Consumer Finance,composite_quality_score,19.11,32.35
CHOLAFIN,Mar-20,Consumer Finance,return_on_equity_pct,12.85,20.59
CHOLAFIN,Mar-20,Consumer Finance,return_on_capital_employed_pct,3.83,38.24
CHOLAFIN,Mar-20,Consumer Finance,net_profit_margin_pct,12.1,20.59
CHOLAFIN,Mar-20,Consumer Finance,debt_to_equity,6.71,20.59
CHOLAFIN,Mar-20,Consumer Finance,interest_coverage,,
CHOLAFIN,Mar-20,Consumer Finance,asset_turnover,0.14,30.88
CHOLAFIN,Mar-20,Consumer Finance,free_cash_flow_cr,-2129,94.12
CHOLAFIN,Mar-20,Consumer Finance,revenue_cagr_5yr,18.59,68.42
CHOLAFIN,Mar-20,Consumer Finance,pat_cagr_5yr,18.88,31.58
CHOLAFIN,Mar-20,Consumer Finance,composite_quality_score,18.31,26.47
CHOLAFIN,Mar-21,Consumer Finance,return_on_equity_pct,15.84,41.18
CHOLAFIN,Mar-21,Consumer Finance,return_on_capital_employed_pct,3.97,42.65
CHOLAFIN,Mar-21,Consumer Finance,net_profit_margin_pct,15.87,38.24
CHOLAFIN,Mar-21,Consumer Finance,debt_to_equity,6.64,23.53
CHOLAFIN,Mar-21,Consumer Finance,interest_coverage,52.41,58.06
CHOLAFIN,Mar-21,Consumer Finance,asset_turnover,0.13,17.65
CHOLAFIN,Mar-21,Consumer Finance,free_cash_flow_cr,-10594,38.24
CHOLAFIN,Mar-21,Consumer Finance,revenue_cagr_5yr,17.86,52.63
CHOLAFIN,Mar-21,Consumer Finance,pat_cagr_5yr,21.48,42.11
CHOLAFIN,Mar-21,Consumer Finance,composite_quality_score,20.4,47.06
CHOLAFIN,Mar-22,Consumer Finance,return_on_equity_pct,18.3,73.53
CHOLAFIN,Mar-22,Consumer Finance,return_on_capital_employed_pct,3.61,32.35
CHOLAFIN,Mar-22,Consumer Finance,net_profit_margin_pct,21.23,88.24
CHOLAFIN,Mar-22,Consumer Finance,debt_to_equity,5.88,32.35
CHOLAFIN,Mar-22,Consumer Finance,interest_coverage,35.18,54.84
CHOLAFIN,Mar-22,Consumer Finance,asset_turnover,0.12,8.82
CHOLAFIN,Mar-22,Consumer Finance,free_cash_flow_cr,-3931,73.53
CHOLAFIN,Mar-22,Consumer Finance,revenue_cagr_5yr,16.67,31.58
CHOLAFIN,Mar-22,Consumer Finance,pat_cagr_5yr,24.57,68.42
CHOLAFIN,Mar-22,Consumer Finance,composite_quality_score,23.97,79.41
CHOLAFIN,Mar-23,Consumer Finance,return_on_equity_pct,18.58,76.47
CHOLAFIN,Mar-23,Consumer Finance,return_on_capital_employed_pct,3.24,23.53
CHOLAFIN,Mar-23,Consumer Finance,net_profit_margin_pct,20.68,82.35
CHOLAFIN,Mar-23,Consumer Finance,debt_to_equity,6.79,17.65
CHOLAFIN,Mar-23,Consumer Finance,interest_coverage,16.58,48.39
CHOLAFIN,Mar-23,Consumer Finance,asset_turnover,0.11,2.94
CHOLAFIN,Mar-23,Consumer Finance,free_cash_flow_cr,-29253,23.53
CHOLAFIN,Mar-23,Consumer Finance,revenue_cagr_5yr,18.31,57.89
CHOLAFIN,Mar-23,Consumer Finance,pat_cagr_5yr,23.76,57.89
CHOLAFIN,Mar-23,Consumer Finance,composite_quality_score,22.29,76.47
CHOLAFIN,Mar-24,Consumer Finance,return_on_equity_pct,17.46,67.65
CHOLAFIN,Mar-24,Consumer Finance,return_on_capital_employed_pct,3.5,29.41
CHOLAFIN,Mar-24,Consumer Finance,net_profit_margin_pct,17.85,61.76
CHOLAFIN,Mar-24,Consumer Finance,debt_to_equity,6.86,14.71
CHOLAFIN,Mar-24,Consumer Finance,interest_coverage,21.21,51.61
CHOLAFIN,Mar-24,Consumer Finance,asset_turnover,0.12,8.82
CHOLAFIN,Mar-24,Consumer Finance,free_cash_flow_cr,-38538,8.82
CHOLAFIN,Mar-24,Consumer Finance,revenue_cagr_5yr,21.94,73.68
CHOLAFIN,Mar-24,Consumer Finance,pat_cagr_5yr,23.36,47.37
CHOLAFIN,Mar-24,Consumer Finance,composite_quality_score,21.71,69.12
SHRIRAMFIN,Mar-13,Consumer Finance,return_on_equity_pct,19.94,94.12
SHRIRAMFIN,Mar-13,Consumer Finance,return_on_capital_employed_pct,5.35,85.29
SHRIRAMFIN,Mar-13,Consumer Finance,net_profit_margin_pct,20.87,85.29
SHRIRAMFIN,Mar-13,Consumer Finance,debt_to_equity,4.55,67.65
SHRIRAMFIN,Mar-13,Consumer Finance,interest_coverage,0.71,45.16
SHRIRAMFIN,Mar-13,Consumer Finance,asset_turnover,0.15,60.29
SHRIRAMFIN,Mar-13,Consumer Finance,free_cash_flow_cr,-8400,52.94
SHRIRAMFIN,Mar-13,Consumer Finance,revenue_cagr_5yr,,
SHRIRAMFIN,Mar-13,Consumer Finance,pat_cagr_5yr,,
SHRIRAMFIN,Mar-13,Consumer Finance,composite_quality_score,22.2,73.53
SHRIRAMFIN,Mar-14,Consumer Finance,return_on_equity_pct,15.96,44.12
SHRIRAMFIN,Mar-14,Consumer Finance,return_on_capital_employed_pct,4.24,51.47
SHRIRAMFIN,Mar-14,Consumer Finance,net_profit_margin_pct,16.02,41.18
SHRIRAMFIN,Mar-14,Consumer Finance,debt_to_equity,4.54,70.59
SHRIRAMFIN,Mar-14,Consumer Finance,interest_coverage,0.47,29.03
SHRIRAMFIN,Mar-14,Consumer Finance,asset_turnover,0.16,91.18
SHRIRAMFIN,Mar-14,Consumer Finance,free_cash_flow_cr,-4167,70.59
SHRIRAMFIN,Mar-14,Consumer Finance,revenue_cagr_5yr,,
SHRIRAMFIN,Mar-14,Consumer Finance,pat_cagr_5yr,,
SHRIRAMFIN,Mar-14,Consumer Finance,composite_quality_score,19.87,41.18
SHRIRAMFIN,Mar-15,Consumer Finance,return_on_equity_pct,11.09,5.88
SHRIRAMFIN,Mar-15,Consumer Finance,return_on_capital_employed_pct,3.02,11.76
SHRIRAMFIN,Mar-15,Consumer Finance,net_profit_margin_pct,11.2,2.94
SHRIRAMFIN,Mar-15,Consumer Finance,debt_to_equity,5.04,52.94
SHRIRAMFIN,Mar-15,Consumer Finance,interest_coverage,0.36,11.29
SHRIRAMFIN,Mar-15,Consumer Finance,asset_turnover,0.15,60.29
SHRIRAMFIN,Mar-15,Consumer Finance,free_cash_flow_cr,-9656,44.12
SHRIRAMFIN,Mar-15,Consumer Finance,revenue_cagr_5yr,,
SHRIRAMFIN,Mar-15,Consumer Finance,pat_cagr_5yr,,
SHRIRAMFIN,Mar-15,Consumer Finance,composite_quality_score,16.19,14.71
SHRIRAMFIN,Mar-16,Consumer Finance,return_on_equity_pct,11.64,14.71
SHRIRAMFIN,Mar-16,Consumer Finance,return_on_capital_employed_pct,3.04,14.71
SHRIRAMFIN,Mar-16,Consumer Finance,net_profit_margin_pct,11.43,8.82
SHRIRAMFIN,Mar-16,Consumer Finance,debt_to_equity,4.89,61.76
SHRIRAMFIN,Mar-16,Consumer Finance,interest_coverage,0.36,11.29
SHRIRAMFIN,Mar-16,Consumer Finance,asset_turnover,0.15,60.29
SHRIRAMFIN,Mar-16,Consumer Finance,free_cash_flow_cr,-5543,64.71
SHRIRAMFIN,Mar-16,Consumer Finance,revenue_cagr_5yr,,
SHRIRAMFIN,Mar-16,Consumer Finance,pat_cagr_5yr,,
SHRIRAMFIN,Mar-16,Consumer Finance,composite_quality_score,16.73,17.65
SHRIRAMFIN,Mar-17,Consumer Finance,return_on_equity_pct,11.17,8.82
SHRIRAMFIN,Mar-17,Consumer Finance,return_on_capital_employed_pct,3.06,17.65
SHRIRAMFIN,Mar-17,Consumer Finance,net_profit_margin_pct,11.61,11.76
SHRIRAMFIN,Mar-17,Consumer Finance,debt_to_equity,4.68,64.71
SHRIRAMFIN,Mar-17,Consumer Finance,interest_coverage,0.38,19.35
SHRIRAMFIN,Mar-17,Consumer Finance,asset_turnover,0.15,60.29
SHRIRAMFIN,Mar-17,Consumer Finance,free_cash_flow_cr,-2679,82.35
SHRIRAMFIN,Mar-17,Consumer Finance,revenue_cagr_5yr,,
SHRIRAMFIN,Mar-17,Consumer Finance,pat_cagr_5yr,,
SHRIRAMFIN,Mar-17,Consumer Finance,composite_quality_score,17.02,20.59
SHRIRAMFIN,Mar-18,Consumer Finance,return_on_equity_pct,18.62,79.41
SHRIRAMFIN,Mar-18,Consumer Finance,return_on_capital_employed_pct,3.97,42.65
SHRIRAMFIN,Mar-18,Consumer Finance,net_profit_margin_pct,18.88,67.65
SHRIRAMFIN,Mar-18,Consumer Finance,debt_to_equity,6,29.41
SHRIRAMFIN,Mar-18,Consumer Finance,interest_coverage,0.61,35.48
SHRIRAMFIN,Mar-18,Consumer Finance,asset_turnover,0.14,30.88
SHRIRAMFIN,Mar-18,Consumer Finance,free_cash_flow_cr,-13056,32.35
SHRIRAMFIN,Mar-18,Consumer Finance,revenue_cagr_5yr,14.01,26.32
SHRIRAMFIN,Mar-18,Consumer Finance,pat_cagr_5yr,11.74,5.26
SHRIRAMFIN,Mar-18,Consumer Finance,composite_quality_score,21.71,69.12
SHRIRAMFIN,Mar-19,Consumer Finance,return_on_equity_pct,16.14,52.94
SHRIRAMFIN,Mar-19,Consumer Finance,return_on_capital_employed_pct,3.66,35.29
SHRIRAMFIN,Mar-19,Consumer Finance,net_profit_margin_pct,16.58,50
SHRIRAMFIN,Mar-19,Consumer Finance,debt_to_equity,5.51,41.18
SHRIRAMFIN,Mar-19,Consumer Finance,interest_coverage,0.51,32.26
SHRIRAMFIN,Mar-19,Consumer Finance,asset_turnover,0.15,60.29
SHRIRAMFIN,Mar-19,Consumer Finance,free_cash_flow_cr,-5611,61.76
SHRIRAMFIN,Mar-19,Consumer Finance,revenue_cagr_5yr,12.88,21.05
SHRIRAMFIN,Mar-19,Consumer Finance,pat_cagr_5yr,13.66,10.53
SHRIRAMFIN,Mar-19,Consumer Finance,composite_quality_score,21.39,61.76
SHRIRAMFIN,Mar-20,Consumer Finance,return_on_equity_pct,13.85,26.47
SHRIRAMFIN,Mar-20,Consumer Finance,return_on_capital_employed_pct,3.16,20.59
SHRIRAMFIN,Mar-20,Consumer Finance,net_profit_margin_pct,15.17,32.35
SHRIRAMFIN,Mar-20,Consumer Finance,debt_to_equity,5.22,44.12
SHRIRAMFIN,Mar-20,Consumer Finance,interest_coverage,0.43,25.81
SHRIRAMFIN,Mar-20,Consumer Finance,asset_turnover,0.14,30.88
SHRIRAMFIN,Mar-20,Consumer Finance,free_cash_flow_cr,-2519,88.24
SHRIRAMFIN,Mar-20,Consumer Finance,revenue_cagr_5yr,12.53,15.79
SHRIRAMFIN,Mar-20,Consumer Finance,pat_cagr_5yr,19.57,36.84
SHRIRAMFIN,Mar-20,Consumer Finance,composite_quality_score,21.42,64.71
SHRIRAMFIN,Mar-21,Consumer Finance,return_on_equity_pct,11.51,11.76
SHRIRAMFIN,Mar-21,Consumer Finance,return_on_capital_employed_pct,2.65,5.88
SHRIRAMFIN,Mar-21,Consumer Finance,net_profit_margin_pct,14.34,29.41
SHRIRAMFIN,Mar-21,Consumer Finance,debt_to_equity,4.91,58.82
SHRIRAMFIN,Mar-21,Consumer Finance,interest_coverage,0.38,19.35
SHRIRAMFIN,Mar-21,Consumer Finance,asset_turnover,0.13,17.65
SHRIRAMFIN,Mar-21,Consumer Finance,free_cash_flow_cr,-4264,67.65
SHRIRAMFIN,Mar-21,Consumer Finance,revenue_cagr_5yr,10.96,5.26
SHRIRAMFIN,Mar-21,Consumer Finance,pat_cagr_5yr,16.11,15.79
SHRIRAMFIN,Mar-21,Consumer Finance,composite_quality_score,20.46,50
SHRIRAMFIN,Mar-22,Consumer Finance,return_on_equity_pct,10.43,2.94
SHRIRAMFIN,Mar-22,Consumer Finance,return_on_capital_employed_pct,2.6,2.94
SHRIRAMFIN,Mar-22,Consumer Finance,net_profit_margin_pct,14.13,26.47
SHRIRAMFIN,Mar-22,Consumer Finance,debt_to_equity,4.4,73.53
SHRIRAMFIN,Mar-22,Consumer Finance,interest_coverage,0.38,19.35
SHRIRAMFIN,Mar-22,Consumer Finance,asset_turnover,0.14,30.88
SHRIRAMFIN,Mar-22,Consumer Finance,free_cash_flow_cr,-8893,50
SHRIRAMFIN,Mar-22,Consumer Finance,revenue_cagr_5yr,12.05,10.53
SHRIRAMFIN,Mar-22,Consumer Finance,pat_cagr_5yr,16.54,21.05
SHRIRAMFIN,Mar-22,Consumer Finance,composite_quality_score,21.28,58.82
SHRIRAMFIN,Mar-23,Consumer Finance,return_on_equity_pct,13.84,23.53
SHRIRAMFIN,Mar-23,Consumer Finance,return_on_capital_employed_pct,4.24,51.47
SHRIRAMFIN,Mar-23,Consumer Finance,net_profit_margin_pct,19.74,73.53
SHRIRAMFIN,Mar-23,Consumer Finance,debt_to_equity,3.77,94.12
SHRIRAMFIN,Mar-23,Consumer Finance,interest_coverage,0.68,40.32
SHRIRAMFIN,Mar-23,Consumer Finance,asset_turnover,0.14,30.88
SHRIRAMFIN,Mar-23,Consumer Finance,free_cash_flow_cr,-12549,35.29
SHRIRAMFIN,Mar-23,Consumer Finance,revenue_cagr_5yr,17.69,47.37
SHRIRAMFIN,Mar-23,Consumer Finance,pat_cagr_5yr,18.75,26.32
SHRIRAMFIN,Mar-23,Consumer Finance,composite_quality_score,25.92,82.35
SHRIRAMFIN,Mar-24,Consumer Finance,return_on_equity_pct,15.12,29.41
SHRIRAMFIN,Mar-24,Consumer Finance,return_on_capital_employed_pct,4.3,55.88
SHRIRAMFIN,Mar-24,Consumer Finance,net_profit_margin_pct,20.33,79.41
SHRIRAMFIN,Mar-24,Consumer Finance,debt_to_equity,3.99,83.82
SHRIRAMFIN,Mar-24,Consumer Finance,interest_coverage,0.68,40.32
SHRIRAMFIN,Mar-24,Consumer Finance,asset_turnover,0.15,60.29
SHRIRAMFIN,Mar-24,Consumer Finance,free_cash_flow_cr,-31359,17.65
SHRIRAMFIN,Mar-24,Consumer Finance,revenue_cagr_5yr,18.56,63.16
SHRIRAMFIN,Mar-24,Consumer Finance,pat_cagr_5yr,23.49,52.63
SHRIRAMFIN,Mar-24,Consumer Finance,composite_quality_score,26.66,85.29
BRITANNIA,Mar-13,FMCG,return_on_equity_pct,46.59,75
BRITANNIA,Mar-13,FMCG,return_on_capital_employed_pct,44.88,63.1
BRITANNIA,Mar-13,FMCG,net_profit_margin_pct,4.2,4.76
BRITANNIA,Mar-13,FMCG,debt_to_equity,0.68,5.36
BRITANNIA,Mar-13,FMCG,interest_coverage,11.54,11.9
BRITANNIA,Mar-13,FMCG,asset_turnover,3.28,99.4
BRITANNIA,Mar-13,FMCG,free_cash_flow_cr,348,26.19
BRITANNIA,Mar-13,FMCG,revenue_cagr_5yr,,
BRITANNIA,Mar-13,FMCG,pat_cagr_5yr,,
BRITANNIA,Mar-13,FMCG,composite_quality_score,39.07,73.81
BRITANNIA,Mar-14,FMCG,return_on_equity_pct,49.5,77.38
BRITANNIA,Mar-14,FMCG,return_on_capital_employed_pct,66.14,76.19
BRITANNIA,Mar-14,FMCG,net_profit_margin_pct,5.71,7.14
BRITANNIA,Mar-14,FMCG,debt_to_equity,0.19,31.55
BRITANNIA,Mar-14,FMCG,interest_coverage,82.62,72.62
BRITANNIA,Mar-14,FMCG,asset_turnover,3.28,99.4
BRITANNIA,Mar-14,FMCG,free_cash_flow_cr,425,30.95
BRITANNIA,Mar-14,FMCG,revenue_cagr_5yr,,
BRITANNIA,Mar-14,FMCG,pat_cagr_5yr,,
BRITANNIA,Mar-14,FMCG,composite_quality_score,41.37,77.38
BRITANNIA,Mar-15,FMCG,return_on_equity_pct,55.34,80.95
BRITANNIA,Mar-15,FMCG,return_on_capital_employed_pct,62.59,75
BRITANNIA,Mar-15,FMCG,net_profit_margin_pct,8.77,19.05
BRITANNIA,Mar-15,FMCG,debt_to_equity,0.12,44.05
BRITANNIA,Mar-15,FMCG,interest_coverage,274.5,89.29
BRITANNIA,Mar-15,FMCG,asset_turnover,2.81,97.62
BRITANNIA,Mar-15,FMCG,free_cash_flow_cr,134,8.33
BRITANNIA,Mar-15,FMCG,revenue_cagr_5yr,,
BRITANNIA,Mar-15,FMCG,pat_cagr_5yr,,
BRITANNIA,Mar-15,FMCG,composite_quality_score,43.69,78.57
BRITANNIA,Mar-16,FMCG,return_on_equity_pct,39.44,71.43
BRITANNIA,Mar-16,FMCG,return_on_capital_employed_pct,55.06,71.43
BRITANNIA,Mar-16,FMCG,net_profit_margin_pct,9.82,22.62
BRITANNIA,Mar-16,FMCG,debt_to_equity,0.06,61.31
BRITANNIA,Mar-16,FMCG,interest_coverage,267.8,86.9
BRITANNIA,Mar-16,FMCG,asset_turnover,2.4,96.43
BRITANNIA,Mar-16,FMCG,free_cash_flow_cr,254,16.67
BRITANNIA,Mar-16,FMCG,revenue_cagr_5yr,,
BRITANNIA,Mar-16,FMCG,pat_cagr_5yr,,
BRITANNIA,Mar-16,FMCG,composite_quality_score,38.05,66.67
BRITANNIA,Mar-17,FMCG,return_on_equity_pct,32.83,64.29
BRITANNIA,Mar-17,FMCG,return_on_capital_employed_pct,45.3,64.29
BRITANNIA,Mar-17,FMCG,net_profit_margin_pct,9.77,21.43
BRITANNIA,Mar-17,FMCG,debt_to_equity,0.05,63.1
BRITANNIA,Mar-17,FMCG,interest_coverage,285.8,90.48
BRITANNIA,Mar-17,FMCG,asset_turnover,2.2,91.67
BRITANNIA,Mar-17,FMCG,free_cash_flow_cr,291,20.24
BRITANNIA,Mar-17,FMCG,revenue_cagr_5yr,,
BRITANNIA,Mar-17,FMCG,pat_cagr_5yr,,
BRITANNIA,Mar-17,FMCG,composite_quality_score,35.54,55.95
BRITANNIA,Mar-18,FMCG,return_on_equity_pct,29.48,55.95
BRITANNIA,Mar-18,FMCG,return_on_capital_employed_pct,41.61,57.14
BRITANNIA,Mar-18,FMCG,net_profit_margin_pct,10.13,25
BRITANNIA,Mar-18,FMCG,debt_to_equity,0.06,61.31
BRITANNIA,Mar-18,FMCG,interest_coverage,208.38,83.33
BRITANNIA,Mar-18,FMCG,asset_turnover,1.91,82.14
BRITANNIA,Mar-18,FMCG,free_cash_flow_cr,292,21.43
BRITANNIA,Mar-18,FMCG,revenue_cagr_5yr,9.9,75.51
BRITANNIA,Mar-18,FMCG,pat_cagr_5yr,31.02,100
BRITANNIA,Mar-18,FMCG,composite_quality_score,38.72,70.24
BRITANNIA,Mar-19,FMCG,return_on_equity_pct,27.16,52.38
BRITANNIA,Mar-19,FMCG,return_on_capital_employed_pct,39.28,55.95
BRITANNIA,Mar-19,FMCG,net_profit_margin_pct,10.45,26.19
BRITANNIA,Mar-19,FMCG,debt_to_equity,0.04,64.88
BRITANNIA,Mar-19,FMCG,interest_coverage,215.33,85.71
BRITANNIA,Mar-19,FMCG,asset_turnover,1.77,76.19
BRITANNIA,Mar-19,FMCG,free_cash_flow_cr,304,22.62
BRITANNIA,Mar-19,FMCG,revenue_cagr_5yr,9.84,73.47
BRITANNIA,Mar-19,FMCG,pat_cagr_5yr,23.94,95.74
BRITANNIA,Mar-19,FMCG,composite_quality_score,37.16,63.1
BRITANNIA,Mar-20,FMCG,return_on_equity_pct,31.66,60.71
BRITANNIA,Mar-20,FMCG,return_on_capital_employed_pct,31.02,44.05
BRITANNIA,Mar-20,FMCG,net_profit_margin_pct,12.02,32.74
BRITANNIA,Mar-20,FMCG,debt_to_equity,0.35,17.86
BRITANNIA,Mar-20,FMCG,interest_coverage,27.35,50
BRITANNIA,Mar-20,FMCG,asset_turnover,1.48,69.05
BRITANNIA,Mar-20,FMCG,free_cash_flow_cr,-41,5.95
BRITANNIA,Mar-20,FMCG,revenue_cagr_5yr,8.1,57.14
BRITANNIA,Mar-20,FMCG,pat_cagr_5yr,15.14,76.6
BRITANNIA,Mar-20,FMCG,composite_quality_score,36.99,60.71
BRITANNIA,Mar-21,FMCG,return_on_equity_pct,52.17,78.57
BRITANNIA,Mar-21,FMCG,return_on_capital_employed_pct,44.25,60.71
BRITANNIA,Mar-21,FMCG,net_profit_margin_pct,14.09,48.81
BRITANNIA,Mar-21,FMCG,debt_to_equity,0.6,9.52
BRITANNIA,Mar-21,FMCG,interest_coverage,25.42,47.62
BRITANNIA,Mar-21,FMCG,asset_turnover,1.64,70.24
BRITANNIA,Mar-21,FMCG,free_cash_flow_cr,2309,65.48
BRITANNIA,Mar-21,FMCG,revenue_cagr_5yr,9.36,67.35
BRITANNIA,Mar-21,FMCG,pat_cagr_5yr,17.54,85.11
BRITANNIA,Mar-21,FMCG,composite_quality_score,44.68,79.76
BRITANNIA,Mar-22,FMCG,return_on_equity_pct,59.27,82.14
BRITANNIA,Mar-22,FMCG,return_on_capital_employed_pct,43.68,59.52
BRITANNIA,Mar-22,FMCG,net_profit_margin_pct,10.72,27.38
BRITANNIA,Mar-22,FMCG,debt_to_equity,0.97,0
BRITANNIA,Mar-22,FMCG,interest_coverage,16.83,22.62
BRITANNIA,Mar-22,FMCG,asset_turnover,1.88,80.36
BRITANNIA,Mar-22,FMCG,free_cash_flow_cr,2214,64.29
BRITANNIA,Mar-22,FMCG,revenue_cagr_5yr,9.32,65.31
BRITANNIA,Mar-22,FMCG,pat_cagr_5yr,11.37,55.32
BRITANNIA,Mar-22,FMCG,composite_quality_score,45.36,82.14
BRITANNIA,Mar-23,FMCG,return_on_equity_pct,65.53,84.52
BRITANNIA,Mar-23,FMCG,return_on_capital_employed_pct,43.35,58.33
BRITANNIA,Mar-23,FMCG,net_profit_margin_pct,14.21,52.38
BRITANNIA,Mar-23,FMCG,debt_to_equity,0.85,1.19
BRITANNIA,Mar-23,FMCG,interest_coverage,20.28,28.57
BRITANNIA,Mar-23,FMCG,asset_turnover,1.74,75
BRITANNIA,Mar-23,FMCG,free_cash_flow_cr,1019,45.24
BRITANNIA,Mar-23,FMCG,revenue_cagr_5yr,10.46,83.67
BRITANNIA,Mar-23,FMCG,pat_cagr_5yr,18.2,87.23
BRITANNIA,Mar-23,FMCG,composite_quality_score,49.21,85.71
BRITANNIA,Mar-24,FMCG,return_on_equity_pct,54.15,79.76
BRITANNIA,Mar-24,FMCG,return_on_capital_employed_pct,52.73,67.86
BRITANNIA,Mar-24,FMCG,net_profit_margin_pct,12.73,38.1
BRITANNIA,Mar-24,FMCG,debt_to_equity,0.52,13.1
BRITANNIA,Mar-24,FMCG,interest_coverage,20.6,34.52
BRITANNIA,Mar-24,FMCG,asset_turnover,1.85,78.57
BRITANNIA,Mar-24,FMCG,free_cash_flow_cr,3050,71.43
BRITANNIA,Mar-24,FMCG,revenue_cagr_5yr,8.69,61.22
BRITANNIA,Mar-24,FMCG,pat_cagr_5yr,13.06,59.57
BRITANNIA,Mar-24,FMCG,composite_quality_score,44.92,80.95
DABUR,Mar-13,FMCG,return_on_equity_pct,36.56,70.24
DABUR,Mar-13,FMCG,return_on_capital_employed_pct,30.56,42.86
DABUR,Mar-13,FMCG,net_profit_margin_pct,12.48,36.9
DABUR,Mar-13,FMCG,debt_to_equity,0.55,11.9
DABUR,Mar-13,FMCG,interest_coverage,18.51,27.38
DABUR,Mar-13,FMCG,asset_turnover,1.3,60.71
DABUR,Mar-13,FMCG,free_cash_flow_cr,248,15.48
DABUR,Mar-13,FMCG,revenue_cagr_5yr,,
DABUR,Mar-13,FMCG,pat_cagr_5yr,,
DABUR,Mar-13,FMCG,composite_quality_score,35.49,54.76
DABUR,Mar-14,FMCG,return_on_equity_pct,34.49,67.86
DABUR,Mar-14,FMCG,return_on_capital_employed_pct,34.54,52.38
DABUR,Mar-14,FMCG,net_profit_margin_pct,12.98,41.67
DABUR,Mar-14,FMCG,debt_to_equity,0.27,20.24
DABUR,Mar-14,FMCG,interest_coverage,23.85,41.67
DABUR,Mar-14,FMCG,asset_turnover,1.33,61.9
DABUR,Mar-14,FMCG,free_cash_flow_cr,994,44.05
DABUR,Mar-14,FMCG,revenue_cagr_5yr,,
DABUR,Mar-14,FMCG,pat_cagr_5yr,,
DABUR,Mar-14,FMCG,composite_quality_score,35.46,53.57
DABUR,Mar-15,FMCG,return_on_equity_pct,31.84,61.9
DABUR,Mar-15,FMCG,return_on_capital_employed_pct,32.29,47.62
DABUR,Mar-15,FMCG,net_profit_margin_pct,13.7,47.62
DABUR,Mar-15,FMCG,debt_to_equity,0.22,26.19
DABUR,Mar-15,FMCG,interest_coverage,36.85,58.33
DABUR,Mar-15,FMCG,asset_turnover,1.28,59.52
DABUR,Mar-15,FMCG,free_cash_flow_cr,171,9.52
DABUR,Mar-15,FMCG,revenue_cagr_5yr,,
DABUR,Mar-15,FMCG,pat_cagr_5yr,,
DABUR,Mar-15,FMCG,composite_quality_score,34.72,47.62
DABUR,Mar-16,FMCG,return_on_equity_pct,30.06,57.14
DABUR,Mar-16,FMCG,return_on_capital_employed_pct,30.51,41.67
DABUR,Mar-16,FMCG,net_profit_margin_pct,16.12,70.83
DABUR,Mar-16,FMCG,debt_to_equity,0.19,31.55
DABUR,Mar-16,FMCG,interest_coverage,36.15,57.14
DABUR,Mar-16,FMCG,asset_turnover,1.12,58.33
DABUR,Mar-16,FMCG,free_cash_flow_cr,457,32.14
DABUR,Mar-16,FMCG,revenue_cagr_5yr,,
DABUR,Mar-16,FMCG,pat_cagr_5yr,,
DABUR,Mar-16,FMCG,composite_quality_score,34.48,45.24
DABUR,Mar-17,FMCG,return_on_equity_pct,26.41,51.19
DABUR,Mar-17,FMCG,return_on_capital_employed_pct,25.97,36.9
DABUR,Mar-17,FMCG,net_profit_margin_pct,16.81,77.38
DABUR,Mar-17,FMCG,debt_to_equity,0.2,29.17
DABUR,Mar-17,FMCG,interest_coverage,33.48,54.76
DABUR,Mar-17,FMCG,asset_turnover,0.98,55.95
DABUR,Mar-17,FMCG,free_cash_flow_cr,420,28.57
DABUR,Mar-17,FMCG,revenue_cagr_5yr,,
DABUR,Mar-17,FMCG,pat_cagr_5yr,,
DABUR,Mar-17,FMCG,composite_quality_score,33.19,34.52
DABUR,Mar-18,FMCG,return_on_equity_pct,23.8,42.86
DABUR,Mar-18,FMCG,return_on_capital_employed_pct,24.34,33.33
DABUR,Mar-18,FMCG,net_profit_margin_pct,17.59,83.33
DABUR,Mar-18,FMCG,debt_to_equity,0.16,33.93
DABUR,Mar-18,FMCG,interest_coverage,36,55.95
DABUR,Mar-18,FMCG,asset_turnover,0.89,50
DABUR,Mar-18,FMCG,free_cash_flow_cr,551,35.71
DABUR,Mar-18,FMCG,revenue_cagr_5yr,4.69,24.49
DABUR,Mar-18,FMCG,pat_cagr_5yr,12.13,57.45
DABUR,Mar-18,FMCG,composite_quality_score,34.33,44.05
DABUR,Mar-19,FMCG,return_on_equity_pct,25.67,48.81
DABUR,Mar-19,FMCG,return_on_capital_employed_pct,27.48,38.1
DABUR,Mar-19,FMCG,net_profit_margin_pct,16.98,80.36
DABUR,Mar-19,FMCG,debt_to_equity,0.12,44.05
DABUR,Mar-19,FMCG,interest_coverage,32.7,52.38
DABUR,Mar-19,FMCG,asset_turnover,1.01,57.14
DABUR,Mar-19,FMCG,free_cash_flow_cr,1837,59.52
DABUR,Mar-19,FMCG,revenue_cagr_5yr,3.82,12.24
DABUR,Mar-19,FMCG,pat_cagr_5yr,9.56,40.43
DABUR,Mar-19,FMCG,composite_quality_score,34.68,46.43
DABUR,Mar-20,FMCG,return_on_equity_pct,21.92,35.71
DABUR,Mar-20,FMCG,return_on_capital_employed_pct,25.14,35.71
DABUR,Mar-20,FMCG,net_profit_margin_pct,16.67,75
DABUR,Mar-20,FMCG,debt_to_equity,0.08,56.55
DABUR,Mar-20,FMCG,interest_coverage,39.94,60.71
DABUR,Mar-20,FMCG,asset_turnover,0.93,54.76
DABUR,Mar-20,FMCG,free_cash_flow_cr,1097,50
DABUR,Mar-20,FMCG,revenue_cagr_5yr,2.19,6.12
DABUR,Mar-20,FMCG,pat_cagr_5yr,6.28,14.89
DABUR,Mar-20,FMCG,composite_quality_score,32.73,32.14
DABUR,Mar-21,FMCG,return_on_equity_pct,22.12,36.9
DABUR,Mar-21,FMCG,return_on_capital_employed_pct,24.5,34.52
DABUR,Mar-21,FMCG,net_profit_margin_pct,17.73,84.52
DABUR,Mar-21,FMCG,debt_to_equity,0.07,58.93
DABUR,Mar-21,FMCG,interest_coverage,75.06,70.24
DABUR,Mar-21,FMCG,asset_turnover,0.88,47.62
DABUR,Mar-21,FMCG,free_cash_flow_cr,711,40.48
DABUR,Mar-21,FMCG,revenue_cagr_5yr,4.21,14.29
DABUR,Mar-21,FMCG,pat_cagr_5yr,6.21,12.77
DABUR,Mar-21,FMCG,composite_quality_score,33.28,35.71
DABUR,Mar-22,FMCG,return_on_equity_pct,20.78,30.95
DABUR,Mar-22,FMCG,return_on_capital_employed_pct,23.93,32.14
DABUR,Mar-22,FMCG,net_profit_margin_pct,16,69.05
DABUR,Mar-22,FMCG,debt_to_equity,0.12,44.05
DABUR,Mar-22,FMCG,interest_coverage,65.64,67.86
DABUR,Mar-22,FMCG,asset_turnover,0.89,50
DABUR,Mar-22,FMCG,free_cash_flow_cr,529,34.52
DABUR,Mar-22,FMCG,revenue_cagr_5yr,7.42,48.98
DABUR,Mar-22,FMCG,pat_cagr_5yr,6.36,17.02
DABUR,Mar-22,FMCG,composite_quality_score,32.87,33.33
DABUR,Mar-23,FMCG,return_on_equity_pct,18.96,25
DABUR,Mar-23,FMCG,return_on_capital_employed_pct,21.31,27.38
DABUR,Mar-23,FMCG,net_profit_margin_pct,14.75,60.71
DABUR,Mar-23,FMCG,debt_to_equity,0.13,41.07
DABUR,Mar-23,FMCG,interest_coverage,33.42,53.57
DABUR,Mar-23,FMCG,asset_turnover,0.84,41.67
DABUR,Mar-23,FMCG,free_cash_flow_cr,905,42.86
DABUR,Mar-23,FMCG,revenue_cagr_5yr,8.35,59.18
DABUR,Mar-23,FMCG,pat_cagr_5yr,4.61,10.64
DABUR,Mar-23,FMCG,composite_quality_score,31.88,28.57
DABUR,Mar-24,FMCG,return_on_equity_pct,18.36,22.62
DABUR,Mar-24,FMCG,return_on_capital_employed_pct,21.37,29.76
DABUR,Mar-24,FMCG,net_profit_margin_pct,14.6,58.33
DABUR,Mar-24,FMCG,debt_to_equity,0.14,38.69
DABUR,Mar-24,FMCG,interest_coverage,23.24,40.48
DABUR,Mar-24,FMCG,asset_turnover,0.82,35.71
DABUR,Mar-24,FMCG,free_cash_flow_cr,1042,48.81
DABUR,Mar-24,FMCG,revenue_cagr_5yr,7.81,51.02
DABUR,Mar-24,FMCG,pat_cagr_5yr,4.6,8.51
DABUR,Mar-24,FMCG,composite_quality_score,31.52,27.38
GODREJCP,Mar-13,FMCG,return_on_equity_pct,25.51,47.62
GODREJCP,Mar-13,FMCG,return_on_capital_employed_pct,17.25,16.67
GODREJCP,Mar-13,FMCG,net_profit_margin_pct,13.18,42.86
GODREJCP,Mar-13,FMCG,debt_to_equity,0.74,3.57
GODREJCP,Mar-13,FMCG,interest_coverage,13.67,17.86
GODREJCP,Mar-13,FMCG,asset_turnover,0.83,38.1
GODREJCP,Mar-13,FMCG,free_cash_flow_cr,-45,4.76
GODREJCP,Mar-13,FMCG,revenue_cagr_5yr,,
GODREJCP,Mar-13,FMCG,pat_cagr_5yr,,
GODREJCP,Mar-13,FMCG,composite_quality_score,30.91,26.19
GODREJCP,Mar-14,FMCG,return_on_equity_pct,21.7,32.74
GODREJCP,Mar-14,FMCG,return_on_capital_employed_pct,19.01,21.43
GODREJCP,Mar-14,FMCG,net_profit_margin_pct,10.78,28.57
GODREJCP,Mar-14,FMCG,debt_to_equity,0.63,7.74
GODREJCP,Mar-14,FMCG,interest_coverage,10.26,7.14
GODREJCP,Mar-14,FMCG,asset_turnover,0.91,52.98
GODREJCP,Mar-14,FMCG,free_cash_flow_cr,622,38.1
GODREJCP,Mar-14,FMCG,revenue_cagr_5yr,,
GODREJCP,Mar-14,FMCG,pat_cagr_5yr,,
GODREJCP,Mar-14,FMCG,composite_quality_score,29.4,19.05
GODREJCP,Mar-15,FMCG,return_on_equity_pct,22.64,41.67
GODREJCP,Mar-15,FMCG,return_on_capital_employed_pct,19.62,22.62
GODREJCP,Mar-15,FMCG,net_profit_margin_pct,11.8,30.95
GODREJCP,Mar-15,FMCG,debt_to_equity,0.63,7.74
GODREJCP,Mar-15,FMCG,interest_coverage,12.96,15.48
GODREJCP,Mar-15,FMCG,asset_turnover,0.91,52.98
GODREJCP,Mar-15,FMCG,free_cash_flow_cr,-209,3.57
GODREJCP,Mar-15,FMCG,revenue_cagr_5yr,,
GODREJCP,Mar-15,FMCG,pat_cagr_5yr,,
GODREJCP,Mar-15,FMCG,composite_quality_score,29.93,21.43
GODREJCP,Mar-16,FMCG,return_on_equity_pct,19.48,26.19
GODREJCP,Mar-16,FMCG,return_on_capital_employed_pct,23.15,30.95
GODREJCP,Mar-16,FMCG,net_profit_margin_pct,9.86,23.81
GODREJCP,Mar-16,FMCG,debt_to_equity,0.68,5.36
GODREJCP,Mar-16,FMCG,interest_coverage,10.9,10.71
GODREJCP,Mar-16,FMCG,asset_turnover,0.87,46.43
GODREJCP,Mar-16,FMCG,free_cash_flow_cr,225,14.29
GODREJCP,Mar-16,FMCG,revenue_cagr_5yr,,
GODREJCP,Mar-16,FMCG,pat_cagr_5yr,,
GODREJCP,Mar-16,FMCG,composite_quality_score,28.3,14.29
GODREJCP,Mar-17,FMCG,return_on_equity_pct,24.67,45.24
GODREJCP,Mar-17,FMCG,return_on_capital_employed_pct,20.5,25
GODREJCP,Mar-17,FMCG,net_profit_margin_pct,14.11,50
GODREJCP,Mar-17,FMCG,debt_to_equity,0.75,2.38
GODREJCP,Mar-17,FMCG,interest_coverage,12.88,14.29
GODREJCP,Mar-17,FMCG,asset_turnover,0.72,20.24
GODREJCP,Mar-17,FMCG,free_cash_flow_cr,-383,2.38
GODREJCP,Mar-17,FMCG,revenue_cagr_5yr,,
GODREJCP,Mar-17,FMCG,pat_cagr_5yr,,
GODREJCP,Mar-17,FMCG,composite_quality_score,30.68,23.81
GODREJCP,Mar-18,FMCG,return_on_equity_pct,26.11,50
GODREJCP,Mar-18,FMCG,return_on_capital_employed_pct,21.34,28.57
GODREJCP,Mar-18,FMCG,net_profit_margin_pct,16.59,72.62
GODREJCP,Mar-18,FMCG,debt_to_equity,0.56,10.71
GODREJCP,Mar-18,FMCG,interest_coverage,13.68,19.05
GODREJCP,Mar-18,FMCG,asset_turnover,0.71,18.45
GODREJCP,Mar-18,FMCG,free_cash_flow_cr,1387,55.95
GODREJCP,Mar-18,FMCG,revenue_cagr_5yr,8.96,63.27
GODREJCP,Mar-18,FMCG,pat_cagr_5yr,14.1,65.96
GODREJCP,Mar-18,FMCG,composite_quality_score,34.8,48.81
GODREJCP,Mar-19,FMCG,return_on_equity_pct,32.23,63.1
GODREJCP,Mar-19,FMCG,return_on_capital_employed_pct,20.02,23.81
GODREJCP,Mar-19,FMCG,net_profit_margin_pct,22.71,85.71
GODREJCP,Mar-19,FMCG,debt_to_equity,0.47,15.48
GODREJCP,Mar-19,FMCG,interest_coverage,10.48,8.33
GODREJCP,Mar-19,FMCG,asset_turnover,0.73,21.43
GODREJCP,Mar-19,FMCG,free_cash_flow_cr,2003,61.9
GODREJCP,Mar-19,FMCG,revenue_cagr_5yr,6.3,38.78
GODREJCP,Mar-19,FMCG,pat_cagr_5yr,23.38,93.62
GODREJCP,Mar-19,FMCG,composite_quality_score,38.9,72.62
GODREJCP,Mar-20,FMCG,return_on_equity_pct,18.95,23.81
GODREJCP,Mar-20,FMCG,return_on_capital_employed_pct,18.77,20.24
GODREJCP,Mar-20,FMCG,net_profit_margin_pct,15.1,61.9
GODREJCP,Mar-20,FMCG,debt_to_equity,0.45,16.67
GODREJCP,Mar-20,FMCG,interest_coverage,9.59,4.76
GODREJCP,Mar-20,FMCG,asset_turnover,0.67,11.9
GODREJCP,Mar-20,FMCG,free_cash_flow_cr,1036,47.62
GODREJCP,Mar-20,FMCG,revenue_cagr_5yr,3.68,8.16
GODREJCP,Mar-20,FMCG,pat_cagr_5yr,8.93,36.17
GODREJCP,Mar-20,FMCG,composite_quality_score,30.87,25
GODREJCP,Mar-21,FMCG,return_on_equity_pct,18.23,21.43
GODREJCP,Mar-21,FMCG,return_on_capital_employed_pct,21.22,26.19
GODREJCP,Mar-21,FMCG,net_profit_margin_pct,15.6,64.88
GODREJCP,Mar-21,FMCG,debt_to_equity,0.2,29.17
GODREJCP,Mar-21,FMCG,interest_coverage,17.55,26.19
GODREJCP,Mar-21,FMCG,asset_turnover,0.77,29.17
GODREJCP,Mar-21,FMCG,free_cash_flow_cr,1738,58.33
GODREJCP,Mar-21,FMCG,revenue_cagr_5yr,5.54,28.57
GODREJCP,Mar-21,FMCG,pat_cagr_5yr,15.67,78.72
GODREJCP,Mar-21,FMCG,composite_quality_score,32.27,29.76
GODREJCP,Mar-22,FMCG,return_on_equity_pct,15.43,17.86
GODREJCP,Mar-22,FMCG,return_on_capital_employed_pct,18.17,17.86
GODREJCP,Mar-22,FMCG,net_profit_margin_pct,14.52,57.14
GODREJCP,Mar-22,FMCG,debt_to_equity,0.15,36.31
GODREJCP,Mar-22,FMCG,interest_coverage,20.39,30.95
GODREJCP,Mar-22,FMCG,asset_turnover,0.76,25
GODREJCP,Mar-22,FMCG,free_cash_flow_cr,607,36.9
GODREJCP,Mar-22,FMCG,revenue_cagr_5yr,5.78,32.65
GODREJCP,Mar-22,FMCG,pat_cagr_5yr,6.39,21.28
GODREJCP,Mar-22,FMCG,composite_quality_score,30.27,22.62
GODREJCP,Mar-23,FMCG,return_on_equity_pct,12.34,16.67
GODREJCP,Mar-23,FMCG,return_on_capital_employed_pct,16.37,15.48
GODREJCP,Mar-23,FMCG,net_profit_margin_pct,12.78,39.29
GODREJCP,Mar-23,FMCG,debt_to_equity,0.08,56.55
GODREJCP,Mar-23,FMCG,interest_coverage,13.6,16.67
GODREJCP,Mar-23,FMCG,asset_turnover,0.76,25
GODREJCP,Mar-23,FMCG,free_cash_flow_cr,397,27.38
GODREJCP,Mar-23,FMCG,revenue_cagr_5yr,6.22,36.73
GODREJCP,Mar-23,FMCG,pat_cagr_5yr,0.82,4.26
GODREJCP,Mar-23,FMCG,composite_quality_score,28.49,15.48
GODREJCP,Mar-24,FMCG,return_on_equity_pct,-4.45,1.19
GODREJCP,Mar-24,FMCG,return_on_capital_employed_pct,18.69,19.05
GODREJCP,Mar-24,FMCG,net_profit_margin_pct,-3.98,1.19
GODREJCP,Mar-24,FMCG,debt_to_equity,0.26,21.43
GODREJCP,Mar-24,FMCG,interest_coverage,2.41,1.19
GODREJCP,Mar-24,FMCG,asset_turnover,0.77,29.17
GODREJCP,Mar-24,FMCG,free_cash_flow_cr,-1365,1.19
GODREJCP,Mar-24,FMCG,revenue_cagr_5yr,6.45,40.82
GODREJCP,Mar-24,FMCG,pat_cagr_5yr,,
GODREJCP,Mar-24,FMCG,composite_quality_score,18.86,1.19
HINDUNILVR,Mar-13,FMCG,return_on_equity_pct,134,100
HINDUNILVR,Mar-13,FMCG,return_on_capital_employed_pct,788.37,100
HINDUNILVR,Mar-13,FMCG,net_profit_margin_pct,14.22,53.57
HINDUNILVR,Mar-13,FMCG,debt_to_equity,0.01,77.38
HINDUNILVR,Mar-13,FMCG,interest_coverage,20.3,29.76
HINDUNILVR,Mar-13,FMCG,asset_turnover,2.23,94.05
HINDUNILVR,Mar-13,FMCG,free_cash_flow_cr,3668,76.19
HINDUNILVR,Mar-13,FMCG,revenue_cagr_5yr,,
HINDUNILVR,Mar-13,FMCG,pat_cagr_5yr,,
HINDUNILVR,Mar-13,FMCG,composite_quality_score,71.95,100
HINDUNILVR,Mar-14,FMCG,return_on_equity_pct,111.85,96.43
HINDUNILVR,Mar-14,FMCG,return_on_capital_employed_pct,683.09,98.81
HINDUNILVR,Mar-14,FMCG,net_profit_margin_pct,13.53,44.05
HINDUNILVR,Mar-14,FMCG,debt_to_equity,0.01,77.38
HINDUNILVR,Mar-14,FMCG,interest_coverage,30.92,51.19
HINDUNILVR,Mar-14,FMCG,asset_turnover,2.13,88.69
HINDUNILVR,Mar-14,FMCG,free_cash_flow_cr,3343,73.81
HINDUNILVR,Mar-14,FMCG,revenue_cagr_5yr,,
HINDUNILVR,Mar-14,FMCG,pat_cagr_5yr,,
HINDUNILVR,Mar-14,FMCG,composite_quality_score,63.96,94.05
HINDUNILVR,Mar-15,FMCG,return_on_equity_pct,108.67,94.05
HINDUNILVR,Mar-15,FMCG,return_on_capital_employed_pct,652.58,97.62
HINDUNILVR,Mar-15,FMCG,net_profit_margin_pct,13.69,46.43
HINDUNILVR,Mar-15,FMCG,debt_to_equity,0.01,77.38
HINDUNILVR,Mar-15,FMCG,interest_coverage,21.31,36.9
HINDUNILVR,Mar-15,FMCG,asset_turnover,2.22,92.86
HINDUNILVR,Mar-15,FMCG,free_cash_flow_cr,3430,75
HINDUNILVR,Mar-15,FMCG,revenue_cagr_5yr,,
HINDUNILVR,Mar-15,FMCG,pat_cagr_5yr,,
HINDUNILVR,Mar-15,FMCG,composite_quality_score,62.97,92.86
HINDUNILVR,Mar-16,FMCG,return_on_equity_pct,63.15,83.33
HINDUNILVR,Mar-16,FMCG,return_on_capital_employed_pct,389.27,96.43
HINDUNILVR,Mar-16,FMCG,net_profit_margin_pct,12.9,40.48
HINDUNILVR,Mar-16,FMCG,debt_to_equity,0.03,67.26
HINDUNILVR,Mar-16,FMCG,interest_coverage,54.1,64.29
HINDUNILVR,Mar-16,FMCG,asset_turnover,2.18,90.48
HINDUNILVR,Mar-16,FMCG,free_cash_flow_cr,3889,77.38
HINDUNILVR,Mar-16,FMCG,revenue_cagr_5yr,,
HINDUNILVR,Mar-16,FMCG,pat_cagr_5yr,,
HINDUNILVR,Mar-16,FMCG,composite_quality_score,46.8,83.33
HINDUNILVR,Mar-17,FMCG,return_on_equity_pct,66.58,85.71
HINDUNILVR,Mar-17,FMCG,return_on_capital_employed_pct,382.2,94.05
HINDUNILVR,Mar-17,FMCG,net_profit_margin_pct,13.54,45.24
HINDUNILVR,Mar-17,FMCG,debt_to_equity,0.04,64.88
HINDUNILVR,Mar-17,FMCG,interest_coverage,44.31,63.1
HINDUNILVR,Mar-17,FMCG,asset_turnover,2.11,86.31
HINDUNILVR,Mar-17,FMCG,free_cash_flow_cr,4012,78.57
HINDUNILVR,Mar-17,FMCG,revenue_cagr_5yr,,
HINDUNILVR,Mar-17,FMCG,pat_cagr_5yr,,
HINDUNILVR,Mar-17,FMCG,composite_quality_score,48.04,84.52
HINDUNILVR,Mar-18,FMCG,return_on_equity_pct,71.79,86.9
HINDUNILVR,Mar-18,FMCG,return_on_capital_employed_pct,385.19,95.24
HINDUNILVR,Mar-18,FMCG,net_profit_margin_pct,14.71,59.52
HINDUNILVR,Mar-18,FMCG,debt_to_equity,0,91.67
HINDUNILVR,Mar-18,FMCG,interest_coverage,79.51,71.43
HINDUNILVR,Mar-18,FMCG,asset_turnover,1.99,84.52
HINDUNILVR,Mar-18,FMCG,free_cash_flow_cr,4996,82.14
HINDUNILVR,Mar-18,FMCG,revenue_cagr_5yr,5.65,30.61
HINDUNILVR,Mar-18,FMCG,pat_cagr_5yr,6.37,19.15
HINDUNILVR,Mar-18,FMCG,composite_quality_score,51.54,86.9
HINDUNILVR,Mar-19,FMCG,return_on_equity_pct,77.03,88.1
HINDUNILVR,Mar-19,FMCG,return_on_capital_employed_pct,382,92.86
HINDUNILVR,Mar-19,FMCG,net_profit_margin_pct,15.42,63.1
HINDUNILVR,Mar-19,FMCG,debt_to_equity,0.01,77.38
HINDUNILVR,Mar-19,FMCG,interest_coverage,94.57,73.81
HINDUNILVR,Mar-19,FMCG,asset_turnover,2.11,86.31
HINDUNILVR,Mar-19,FMCG,free_cash_flow_cr,5362,83.33
HINDUNILVR,Mar-19,FMCG,revenue_cagr_5yr,6.1,34.69
HINDUNILVR,Mar-19,FMCG,pat_cagr_5yr,8.9,34.04
HINDUNILVR,Mar-19,FMCG,composite_quality_score,53.94,88.1
HINDUNILVR,Mar-20,FMCG,return_on_equity_pct,82.1,89.29
HINDUNILVR,Mar-20,FMCG,return_on_capital_employed_pct,363.62,91.67
HINDUNILVR,Mar-20,FMCG,net_profit_margin_pct,16.98,80.36
HINDUNILVR,Mar-20,FMCG,debt_to_equity,0,91.67
HINDUNILVR,Mar-20,FMCG,interest_coverage,70.63,69.05
HINDUNILVR,Mar-20,FMCG,asset_turnover,1.97,83.33
HINDUNILVR,Mar-20,FMCG,free_cash_flow_cr,9414,94.05
HINDUNILVR,Mar-20,FMCG,revenue_cagr_5yr,4.47,18.37
HINDUNILVR,Mar-20,FMCG,pat_cagr_5yr,9.07,38.3
HINDUNILVR,Mar-20,FMCG,composite_quality_score,55.68,89.29
HINDUNILVR,Mar-21,FMCG,return_on_equity_pct,16.78,19.05
HINDUNILVR,Mar-21,FMCG,return_on_capital_employed_pct,74.26,79.76
HINDUNILVR,Mar-21,FMCG,net_profit_margin_pct,17.01,82.14
HINDUNILVR,Mar-21,FMCG,debt_to_equity,0,91.67
HINDUNILVR,Mar-21,FMCG,interest_coverage,208.39,84.52
HINDUNILVR,Mar-21,FMCG,asset_turnover,0.68,16.07
HINDUNILVR,Mar-21,FMCG,free_cash_flow_cr,7935,90.48
HINDUNILVR,Mar-21,FMCG,revenue_cagr_5yr,7.88,53.06
HINDUNILVR,Mar-21,FMCG,pat_cagr_5yr,14.02,63.83
HINDUNILVR,Mar-21,FMCG,composite_quality_score,32.54,30.95
HINDUNILVR,Mar-22,FMCG,return_on_equity_pct,18.12,20.24
HINDUNILVR,Mar-22,FMCG,return_on_capital_employed_pct,79.01,80.95
HINDUNILVR,Mar-22,FMCG,net_profit_margin_pct,16.95,78.57
HINDUNILVR,Mar-22,FMCG,debt_to_equity,0.02,69.64
HINDUNILVR,Mar-22,FMCG,interest_coverage,180.89,80.95
HINDUNILVR,Mar-22,FMCG,asset_turnover,0.74,22.62
HINDUNILVR,Mar-22,FMCG,free_cash_flow_cr,7320,88.1
HINDUNILVR,Mar-22,FMCG,revenue_cagr_5yr,9.6,71.43
HINDUNILVR,Mar-22,FMCG,pat_cagr_5yr,14.64,72.34
HINDUNILVR,Mar-22,FMCG,composite_quality_score,33.34,36.9
HINDUNILVR,Mar-23,FMCG,return_on_equity_pct,20.16,29.76
HINDUNILVR,Mar-23,FMCG,return_on_capital_employed_pct,90.12,83.33
HINDUNILVR,Mar-23,FMCG,net_profit_margin_pct,16.74,76.19
HINDUNILVR,Mar-23,FMCG,debt_to_equity,0.02,69.64
HINDUNILVR,Mar-23,FMCG,interest_coverage,103.7,75
HINDUNILVR,Mar-23,FMCG,asset_turnover,0.83,38.1
HINDUNILVR,Mar-23,FMCG,free_cash_flow_cr,8507,91.67
HINDUNILVR,Mar-23,FMCG,revenue_cagr_5yr,11.25,89.8
HINDUNILVR,Mar-23,FMCG,pat_cagr_5yr,14.18,68.09
HINDUNILVR,Mar-23,FMCG,composite_quality_score,34.3,42.86
HINDUNILVR,Mar-24,FMCG,return_on_equity_pct,20.07,28.57
HINDUNILVR,Mar-24,FMCG,return_on_capital_employed_pct,89.63,82.14
HINDUNILVR,Mar-24,FMCG,net_profit_margin_pct,16.61,73.81
HINDUNILVR,Mar-24,FMCG,debt_to_equity,0.03,67.26
HINDUNILVR,Mar-24,FMCG,interest_coverage,57.85,66.67
HINDUNILVR,Mar-24,FMCG,asset_turnover,0.79,33.93
HINDUNILVR,Mar-24,FMCG,free_cash_flow_cr,10145,95.24
HINDUNILVR,Mar-24,FMCG,revenue_cagr_5yr,9.5,69.39
HINDUNILVR,Mar-24,FMCG,pat_cagr_5yr,11.15,53.19
HINDUNILVR,Mar-24,FMCG,composite_quality_score,33.62,40.48
ITC,Mar-13,FMCG,return_on_equity_pct,33.27,66.67
ITC,Mar-13,FMCG,return_on_capital_employed_pct,48.24,66.67
ITC,Mar-13,FMCG,net_profit_margin_pct,24.37,88.1
ITC,Mar-13,FMCG,debt_to_equity,0,91.67
ITC,Mar-13,FMCG,interest_coverage,111.79,76.19
ITC,Mar-13,FMCG,asset_turnover,0.89,50
ITC,Mar-13,FMCG,free_cash_flow_cr,3221,72.62
ITC,Mar-13,FMCG,revenue_cagr_5yr,,
ITC,Mar-13,FMCG,pat_cagr_5yr,,
ITC,Mar-13,FMCG,composite_quality_score,37.41,64.29
ITC,Mar-14,FMCG,return_on_equity_pct,33.05,65.48
ITC,Mar-14,FMCG,return_on_capital_employed_pct,47.6,65.48
ITC,Mar-14,FMCG,net_profit_margin_pct,25.49,91.67
ITC,Mar-14,FMCG,debt_to_equity,0.01,77.38
ITC,Mar-14,FMCG,interest_coverage,484.34,100
ITC,Mar-14,FMCG,asset_turnover,0.86,45.24
ITC,Mar-14,FMCG,free_cash_flow_cr,4090,79.76
ITC,Mar-14,FMCG,revenue_cagr_5yr,,
ITC,Mar-14,FMCG,pat_cagr_5yr,,
ITC,Mar-14,FMCG,composite_quality_score,37.51,65.48
ITC,Mar-15,FMCG,return_on_equity_pct,30.81,59.52
ITC,Mar-15,FMCG,return_on_capital_employed_pct,44.53,61.9
ITC,Mar-15,FMCG,net_profit_margin_pct,25.19,90.48
ITC,Mar-15,FMCG,debt_to_equity,0.01,77.38
ITC,Mar-15,FMCG,interest_coverage,170.12,79.76
ITC,Mar-15,FMCG,asset_turnover,0.84,41.67
ITC,Mar-15,FMCG,free_cash_flow_cr,4568,80.95
ITC,Mar-15,FMCG,revenue_cagr_5yr,,
ITC,Mar-15,FMCG,pat_cagr_5yr,,
ITC,Mar-15,FMCG,composite_quality_score,36.64,59.52
ITC,Mar-16,FMCG,return_on_equity_pct,22.26,39.29
ITC,Mar-16,FMCG,return_on_capital_employed_pct,33.98,51.19
ITC,Mar-16,FMCG,net_profit_margin_pct,24.24,86.9
ITC,Mar-16,FMCG,debt_to_equity,0,91.67
ITC,Mar-16,FMCG,interest_coverage,205.31,82.14
ITC,Mar-16,FMCG,asset_turnover,0.76,25
ITC,Mar-16,FMCG,free_cash_flow_cr,5878,84.52
ITC,Mar-16,FMCG,revenue_cagr_5yr,,
ITC,Mar-16,FMCG,pat_cagr_5yr,,
ITC,Mar-16,FMCG,composite_quality_score,33.4,38.1
ITC,Mar-17,FMCG,return_on_equity_pct,22.57,40.48
ITC,Mar-17,FMCG,return_on_capital_employed_pct,33.3,50
ITC,Mar-17,FMCG,net_profit_margin_pct,24.5,89.29
ITC,Mar-17,FMCG,debt_to_equity,0,91.67
ITC,Mar-17,FMCG,interest_coverage,351.61,94.05
ITC,Mar-17,FMCG,asset_turnover,0.77,29.17
ITC,Mar-17,FMCG,free_cash_flow_cr,7376,89.29
ITC,Mar-17,FMCG,revenue_cagr_5yr,,
ITC,Mar-17,FMCG,pat_cagr_5yr,,
ITC,Mar-17,FMCG,composite_quality_score,33.57,39.29
ITC,Mar-18,FMCG,return_on_equity_pct,21.89,34.52
ITC,Mar-18,FMCG,return_on_capital_employed_pct,31.44,46.43
ITC,Mar-18,FMCG,net_profit_margin_pct,26.45,94.05
ITC,Mar-18,FMCG,debt_to_equity,0,91.67
ITC,Mar-18,FMCG,interest_coverage,163.14,78.57
ITC,Mar-18,FMCG,asset_turnover,0.68,16.07
ITC,Mar-18,FMCG,free_cash_flow_cr,6055,85.71
ITC,Mar-18,FMCG,revenue_cagr_5yr,6.56,44.9
ITC,Mar-18,FMCG,pat_cagr_5yr,8.33,31.91
ITC,Mar-18,FMCG,composite_quality_score,35.45,52.38
ITC,Mar-19,FMCG,return_on_equity_pct,21.7,32.74
ITC,Mar-19,FMCG,return_on_capital_employed_pct,31.34,45.24
ITC,Mar-19,FMCG,net_profit_margin_pct,26.55,95.24
ITC,Mar-19,FMCG,debt_to_equity,0,91.67
ITC,Mar-19,FMCG,interest_coverage,290.38,91.67
ITC,Mar-19,FMCG,asset_turnover,0.67,11.9
ITC,Mar-19,FMCG,free_cash_flow_cr,7037,86.9
ITC,Mar-19,FMCG,revenue_cagr_5yr,6.49,42.86
ITC,Mar-19,FMCG,pat_cagr_5yr,7.36,25.53
ITC,Mar-19,FMCG,composite_quality_score,35.28,50.6
ITC,Mar-20,FMCG,return_on_equity_pct,23.89,44.05
ITC,Mar-20,FMCG,return_on_capital_employed_pct,29.51,40.48
ITC,Mar-20,FMCG,net_profit_margin_pct,31.57,100
ITC,Mar-20,FMCG,debt_to_equity,0,91.67
ITC,Mar-20,FMCG,interest_coverage,268.65,88.1
ITC,Mar-20,FMCG,asset_turnover,0.64,7.14
ITC,Mar-20,FMCG,free_cash_flow_cr,8516,92.86
ITC,Mar-20,FMCG,revenue_cagr_5yr,4.93,26.53
ITC,Mar-20,FMCG,pat_cagr_5yr,9.78,42.55
ITC,Mar-20,FMCG,composite_quality_score,37.03,61.9
ITC,Mar-21,FMCG,return_on_equity_pct,22.18,38.1
ITC,Mar-21,FMCG,return_on_capital_employed_pct,28.15,39.29
ITC,Mar-21,FMCG,net_profit_margin_pct,27.17,96.43
ITC,Mar-21,FMCG,debt_to_equity,0,91.67
ITC,Mar-21,FMCG,interest_coverage,338.66,92.86
ITC,Mar-21,FMCG,asset_turnover,0.67,11.9
ITC,Mar-21,FMCG,free_cash_flow_cr,18267,98.81
ITC,Mar-21,FMCG,revenue_cagr_5yr,4.68,22.45
ITC,Mar-21,FMCG,pat_cagr_5yr,7.09,23.4
ITC,Mar-21,FMCG,composite_quality_score,35.28,50.6
ITC,Mar-22,FMCG,return_on_equity_pct,24.82,46.43
ITC,Mar-22,FMCG,return_on_capital_employed_pct,32.89,48.81
ITC,Mar-22,FMCG,net_profit_margin_pct,25.56,92.86
ITC,Mar-22,FMCG,debt_to_equity,0,91.67
ITC,Mar-22,FMCG,interest_coverage,375.55,97.62
ITC,Mar-22,FMCG,asset_turnover,0.79,33.93
ITC,Mar-22,FMCG,free_cash_flow_cr,13538,97.62
ITC,Mar-22,FMCG,revenue_cagr_5yr,7.23,46.94
ITC,Mar-22,FMCG,pat_cagr_5yr,8.15,29.79
ITC,Mar-22,FMCG,composite_quality_score,36.49,58.33
ITC,Mar-23,FMCG,return_on_equity_pct,28.16,54.76
ITC,Mar-23,FMCG,return_on_capital_employed_pct,37,54.76
ITC,Mar-23,FMCG,net_profit_margin_pct,27.46,97.62
ITC,Mar-23,FMCG,debt_to_equity,0,91.67
ITC,Mar-23,FMCG,interest_coverage,356.44,95.24
ITC,Mar-23,FMCG,asset_turnover,0.83,38.1
ITC,Mar-23,FMCG,free_cash_flow_cr,13146,96.43
ITC,Mar-23,FMCG,revenue_cagr_5yr,10.3,79.59
ITC,Mar-23,FMCG,pat_cagr_5yr,11.13,51.06
ITC,Mar-23,FMCG,composite_quality_score,38.84,71.43
ITC,Mar-24,FMCG,return_on_equity_pct,27.85,53.57
ITC,Mar-24,FMCG,return_on_capital_employed_pct,35.07,53.57
ITC,Mar-24,FMCG,net_profit_margin_pct,29.28,98.81
ITC,Mar-24,FMCG,debt_to_equity,0,91.67
ITC,Mar-24,FMCG,interest_coverage,362.96,96.43
ITC,Mar-24,FMCG,asset_turnover,0.77,29.17
ITC,Mar-24,FMCG,free_cash_flow_cr,18742,100
ITC,Mar-24,FMCG,revenue_cagr_5yr,7.95,55.1
ITC,Mar-24,FMCG,pat_cagr_5yr,10.08,44.68
ITC,Mar-24,FMCG,composite_quality_score,38.57,67.86
NESTLEIND,Dec-13,FMCG,return_on_equity_pct,47.17,76.19
NESTLEIND,Dec-13,FMCG,return_on_capital_employed_pct,54.77,69.05
NESTLEIND,Dec-13,FMCG,net_profit_margin_pct,12.27,35.71
NESTLEIND,Dec-13,FMCG,debt_to_equity,0.5,14.29
NESTLEIND,Dec-13,FMCG,interest_coverage,55.27,65.48
NESTLEIND,Dec-13,FMCG,asset_turnover,1.44,67.86
NESTLEIND,Dec-13,FMCG,free_cash_flow_cr,1355,54.76
NESTLEIND,Dec-13,FMCG,revenue_cagr_5yr,,
NESTLEIND,Dec-13,FMCG,pat_cagr_5yr,,
NESTLEIND,Dec-13,FMCG,composite_quality_score,39.4,75
NESTLEIND,Dec-14,FMCG,return_on_equity_pct,41.77,72.62
NESTLEIND,Dec-14,FMCG,return_on_capital_employed_pct,71.37,78.57
NESTLEIND,Dec-14,FMCG,net_profit_margin_pct,12.02,32.74
NESTLEIND,Dec-14,FMCG,debt_to_equity,0.01,77.38
NESTLEIND,Dec-14,FMCG,interest_coverage,151.86,77.38
NESTLEIND,Dec-14,FMCG,asset_turnover,1.69,72.02
NESTLEIND,Dec-14,FMCG,free_cash_flow_cr,1212,51.19
NESTLEIND,Dec-14,FMCG,revenue_cagr_5yr,,
NESTLEIND,Dec-14,FMCG,pat_cagr_5yr,,
NESTLEIND,Dec-14,FMCG,composite_quality_score,38.69,69.05
NESTLEIND,Dec-15,FMCG,return_on_equity_pct,19.99,27.38
NESTLEIND,Dec-15,FMCG,return_on_capital_employed_pct,54.85,70.24
NESTLEIND,Dec-15,FMCG,net_profit_margin_pct,6.89,13.1
NESTLEIND,Dec-15,FMCG,debt_to_equity,0.01,77.38
NESTLEIND,Dec-15,FMCG,interest_coverage,388,98.81
NESTLEIND,Dec-15,FMCG,asset_turnover,1.34,63.69
NESTLEIND,Dec-15,FMCG,free_cash_flow_cr,1028,46.43
NESTLEIND,Dec-15,FMCG,revenue_cagr_5yr,,
NESTLEIND,Dec-15,FMCG,pat_cagr_5yr,,
NESTLEIND,Dec-15,FMCG,composite_quality_score,29.69,20.24
NESTLEIND,Dec-16,FMCG,return_on_equity_pct,30.5,58.33
NESTLEIND,Dec-16,FMCG,return_on_capital_employed_pct,55.81,72.62
NESTLEIND,Dec-16,FMCG,net_profit_margin_pct,10.95,29.76
NESTLEIND,Dec-16,FMCG,debt_to_equity,0.01,77.38
NESTLEIND,Dec-16,FMCG,interest_coverage,21.87,38.1
NESTLEIND,Dec-16,FMCG,asset_turnover,1.34,63.69
NESTLEIND,Dec-16,FMCG,free_cash_flow_cr,1340,53.57
NESTLEIND,Dec-16,FMCG,revenue_cagr_5yr,,
NESTLEIND,Dec-16,FMCG,pat_cagr_5yr,,
NESTLEIND,Dec-16,FMCG,composite_quality_score,34.19,41.67
NESTLEIND,Dec-17,FMCG,return_on_equity_pct,35.82,69.05
NESTLEIND,Dec-17,FMCG,return_on_capital_employed_pct,60.69,73.81
NESTLEIND,Dec-17,FMCG,net_profit_margin_pct,12.24,34.52
NESTLEIND,Dec-17,FMCG,debt_to_equity,0.01,77.38
NESTLEIND,Dec-17,FMCG,interest_coverage,24.72,45.24
NESTLEIND,Dec-17,FMCG,asset_turnover,1.36,65.48
NESTLEIND,Dec-17,FMCG,free_cash_flow_cr,1687,57.14
NESTLEIND,Dec-17,FMCG,revenue_cagr_5yr,,
NESTLEIND,Dec-17,FMCG,pat_cagr_5yr,,
NESTLEIND,Dec-17,FMCG,composite_quality_score,36.33,57.14
NESTLEIND,Dec-18,FMCG,return_on_equity_pct,43.75,73.81
NESTLEIND,Dec-18,FMCG,return_on_capital_employed_pct,70.6,77.38
NESTLEIND,Dec-18,FMCG,net_profit_margin_pct,14.23,54.76
NESTLEIND,Dec-18,FMCG,debt_to_equity,0.01,77.38
NESTLEIND,Dec-18,FMCG,interest_coverage,25.69,48.81
NESTLEIND,Dec-18,FMCG,asset_turnover,1.4,66.67
NESTLEIND,Dec-18,FMCG,free_cash_flow_cr,2000,60.71
NESTLEIND,Dec-18,FMCG,revenue_cagr_5yr,4.41,16.33
NESTLEIND,Dec-18,FMCG,pat_cagr_5yr,7.55,27.66
NESTLEIND,Dec-18,FMCG,composite_quality_score,40.95,76.19
NESTLEIND,Dec-19,FMCG,return_on_equity_pct,102.61,91.67
NESTLEIND,Dec-19,FMCG,return_on_capital_employed_pct,138.87,85.71
NESTLEIND,Dec-19,FMCG,net_profit_margin_pct,15.91,67.86
NESTLEIND,Dec-19,FMCG,debt_to_equity,0.1,52.38
NESTLEIND,Dec-19,FMCG,interest_coverage,24.6,43.45
NESTLEIND,Dec-19,FMCG,asset_turnover,1.72,73.81
NESTLEIND,Dec-19,FMCG,free_cash_flow_cr,2378,67.86
NESTLEIND,Dec-19,FMCG,revenue_cagr_5yr,4.65,20.41
NESTLEIND,Dec-19,FMCG,pat_cagr_5yr,10.68,46.81
NESTLEIND,Dec-19,FMCG,composite_quality_score,62.38,91.67
NESTLEIND,Dec-20,FMCG,return_on_equity_pct,103.12,92.86
NESTLEIND,Dec-20,FMCG,return_on_capital_employed_pct,147.83,86.9
NESTLEIND,Dec-20,FMCG,net_profit_margin_pct,15.6,64.88
NESTLEIND,Dec-20,FMCG,debt_to_equity,0.07,58.93
NESTLEIND,Dec-20,FMCG,interest_coverage,20.41,32.14
NESTLEIND,Dec-20,FMCG,asset_turnover,1.69,72.02
NESTLEIND,Dec-20,FMCG,free_cash_flow_cr,2133,63.1
NESTLEIND,Dec-20,FMCG,revenue_cagr_5yr,10.31,81.63
NESTLEIND,Dec-20,FMCG,pat_cagr_5yr,29.9,97.87
NESTLEIND,Dec-20,FMCG,composite_quality_score,65.3,95.24
NESTLEIND,Dec-21,FMCG,return_on_equity_pct,108.84,95.24
NESTLEIND,Dec-21,FMCG,return_on_capital_employed_pct,161.03,89.29
NESTLEIND,Dec-21,FMCG,net_profit_margin_pct,14.37,55.95
NESTLEIND,Dec-21,FMCG,debt_to_equity,0.14,38.69
NESTLEIND,Dec-21,FMCG,interest_coverage,17.08,23.81
NESTLEIND,Dec-21,FMCG,asset_turnover,1.79,77.38
NESTLEIND,Dec-21,FMCG,free_cash_flow_cr,316,23.81
NESTLEIND,Dec-21,FMCG,revenue_cagr_5yr,10.03,77.55
NESTLEIND,Dec-21,FMCG,pat_cagr_5yr,16.17,80.85
NESTLEIND,Dec-21,FMCG,composite_quality_score,65.6,96.43
NESTLEIND,Dec-22,FMCG,return_on_equity_pct,97.23,90.48
NESTLEIND,Dec-22,FMCG,return_on_capital_employed_pct,135.75,84.52
NESTLEIND,Dec-22,FMCG,net_profit_margin_pct,14.15,51.19
NESTLEIND,Dec-22,FMCG,debt_to_equity,0.11,48.21
NESTLEIND,Dec-22,FMCG,interest_coverage,24.6,43.45
NESTLEIND,Dec-22,FMCG,asset_turnover,1.88,80.36
NESTLEIND,Dec-22,FMCG,free_cash_flow_cr,2345,66.67
NESTLEIND,Dec-22,FMCG,revenue_cagr_5yr,11.04,85.71
NESTLEIND,Dec-22,FMCG,pat_cagr_5yr,14.31,70.21
NESTLEIND,Dec-22,FMCG,composite_quality_score,61.61,90.48
NESTLEIND,Dec-23,FMCG,return_on_equity_pct,121.96,98.81
NESTLEIND,Dec-23,FMCG,return_on_capital_employed_pct,163.77,90.48
NESTLEIND,Dec-23,FMCG,net_profit_margin_pct,15.68,66.67
NESTLEIND,Dec-23,FMCG,debt_to_equity,0.11,48.21
NESTLEIND,Dec-23,FMCG,interest_coverage,38.55,59.52
NESTLEIND,Dec-23,FMCG,asset_turnover,2.13,88.69
NESTLEIND,Dec-23,FMCG,free_cash_flow_cr,2465,69.05
NESTLEIND,Dec-23,FMCG,revenue_cagr_5yr,11.11,87.76
NESTLEIND,Dec-23,FMCG,pat_cagr_5yr,13.29,61.7
NESTLEIND,Dec-23,FMCG,composite_quality_score,70.73,98.81
NESTLEIND,Mar-24,FMCG,return_on_equity_pct,117.75,97.62
NESTLEIND,Mar-24,FMCG,return_on_capital_employed_pct,157.75,88.1
NESTLEIND,Mar-24,FMCG,net_profit_margin_pct,16.12,70.83
NESTLEIND,Mar-24,FMCG,debt_to_equity,0.1,52.38
NESTLEIND,Mar-24,FMCG,interest_coverage,41.19,61.9
NESTLEIND,Mar-24,FMCG,asset_turnover,2.32,95.24
NESTLEIND,Mar-24,FMCG,free_cash_flow_cr,2938,70.24
NESTLEIND,Mar-24,FMCG,revenue_cagr_5yr,14.55,95.92
NESTLEIND,Mar-24,FMCG,pat_cagr_5yr,14.85,74.47
NESTLEIND,Mar-24,FMCG,composite_quality_score,70.22,97.62
TATACONSUM,Mar-13,FMCG,return_on_equity_pct,9.25,15.48
TATACONSUM,Mar-13,FMCG,return_on_capital_employed_pct,12.42,14.29
TATACONSUM,Mar-13,FMCG,net_profit_margin_pct,6.05,8.33
TATACONSUM,Mar-13,FMCG,debt_to_equity,0.29,19.05
TATACONSUM,Mar-13,FMCG,interest_coverage,9.83,5.95
TATACONSUM,Mar-13,FMCG,asset_turnover,0.84,41.67
TATACONSUM,Mar-13,FMCG,free_cash_flow_cr,197,10.71
TATACONSUM,Mar-13,FMCG,revenue_cagr_5yr,,
TATACONSUM,Mar-13,FMCG,pat_cagr_5yr,,
TATACONSUM,Mar-13,FMCG,composite_quality_score,24.71,9.52
TATACONSUM,Mar-14,FMCG,return_on_equity_pct,8.72,14.29
TATACONSUM,Mar-14,FMCG,return_on_capital_employed_pct,10.32,5.95
TATACONSUM,Mar-14,FMCG,net_profit_margin_pct,6.59,10.71
TATACONSUM,Mar-14,FMCG,debt_to_equity,0.25,22.62
TATACONSUM,Mar-14,FMCG,interest_coverage,10.6,9.52
TATACONSUM,Mar-14,FMCG,asset_turnover,0.78,32.14
TATACONSUM,Mar-14,FMCG,free_cash_flow_cr,421,29.76
TATACONSUM,Mar-14,FMCG,revenue_cagr_5yr,,
TATACONSUM,Mar-14,FMCG,pat_cagr_5yr,,
TATACONSUM,Mar-14,FMCG,composite_quality_score,24.65,8.33
TATACONSUM,Mar-15,FMCG,return_on_equity_pct,4.97,4.76
TATACONSUM,Mar-15,FMCG,return_on_capital_employed_pct,11.62,11.9
TATACONSUM,Mar-15,FMCG,net_profit_margin_pct,3.42,3.57
TATACONSUM,Mar-15,FMCG,debt_to_equity,0.24,23.81
TATACONSUM,Mar-15,FMCG,interest_coverage,8.72,3.57
TATACONSUM,Mar-15,FMCG,asset_turnover,0.85,44.05
TATACONSUM,Mar-15,FMCG,free_cash_flow_cr,211,13.1
TATACONSUM,Mar-15,FMCG,revenue_cagr_5yr,,
TATACONSUM,Mar-15,FMCG,pat_cagr_5yr,,
TATACONSUM,Mar-15,FMCG,composite_quality_score,22.79,3.57
TATACONSUM,Mar-16,FMCG,return_on_equity_pct,-0.59,2.38
TATACONSUM,Mar-16,FMCG,return_on_capital_employed_pct,4.82,1.19
TATACONSUM,Mar-16,FMCG,net_profit_margin_pct,-0.56,2.38
TATACONSUM,Mar-16,FMCG,debt_to_equity,0.22,26.19
TATACONSUM,Mar-16,FMCG,interest_coverage,3.45,2.38
TATACONSUM,Mar-16,FMCG,asset_turnover,0.67,11.9
TATACONSUM,Mar-16,FMCG,free_cash_flow_cr,261,17.86
TATACONSUM,Mar-16,FMCG,revenue_cagr_5yr,,
TATACONSUM,Mar-16,FMCG,pat_cagr_5yr,,
TATACONSUM,Mar-16,FMCG,composite_quality_score,19.91,2.38
TATACONSUM,Mar-17,FMCG,return_on_equity_pct,7.26,9.52
TATACONSUM,Mar-17,FMCG,return_on_capital_employed_pct,11.22,10.71
TATACONSUM,Mar-17,FMCG,net_profit_margin_pct,6.71,11.9
TATACONSUM,Mar-17,FMCG,debt_to_equity,0.13,41.07
TATACONSUM,Mar-17,FMCG,interest_coverage,20.44,33.33
TATACONSUM,Mar-17,FMCG,asset_turnover,0.71,18.45
TATACONSUM,Mar-17,FMCG,free_cash_flow_cr,886,41.67
TATACONSUM,Mar-17,FMCG,revenue_cagr_5yr,,
TATACONSUM,Mar-17,FMCG,pat_cagr_5yr,,
TATACONSUM,Mar-17,FMCG,composite_quality_score,24.33,7.14
TATACONSUM,Mar-18,FMCG,return_on_equity_pct,7.91,11.9
TATACONSUM,Mar-18,FMCG,return_on_capital_employed_pct,10.36,7.14
TATACONSUM,Mar-18,FMCG,net_profit_margin_pct,8.16,16.67
TATACONSUM,Mar-18,FMCG,debt_to_equity,0.15,36.31
TATACONSUM,Mar-18,FMCG,interest_coverage,17.54,25
TATACONSUM,Mar-18,FMCG,asset_turnover,0.65,8.33
TATACONSUM,Mar-18,FMCG,free_cash_flow_cr,325,25
TATACONSUM,Mar-18,FMCG,revenue_cagr_5yr,-1.5,2.04
TATACONSUM,Mar-18,FMCG,pat_cagr_5yr,4.55,6.38
TATACONSUM,Mar-18,FMCG,composite_quality_score,24.98,10.71
TATACONSUM,Mar-19,FMCG,return_on_equity_pct,6.23,5.95
TATACONSUM,Mar-19,FMCG,return_on_capital_employed_pct,9.28,3.57
TATACONSUM,Mar-19,FMCG,net_profit_margin_pct,6.3,9.52
TATACONSUM,Mar-19,FMCG,debt_to_equity,0.16,33.93
TATACONSUM,Mar-19,FMCG,interest_coverage,11.67,13.1
TATACONSUM,Mar-19,FMCG,asset_turnover,0.67,11.9
TATACONSUM,Mar-19,FMCG,free_cash_flow_cr,263,19.05
TATACONSUM,Mar-19,FMCG,revenue_cagr_5yr,-1.29,4.08
TATACONSUM,Mar-19,FMCG,pat_cagr_5yr,-2.17,2.13
TATACONSUM,Mar-19,FMCG,composite_quality_score,23.38,4.76
TATACONSUM,Mar-20,FMCG,return_on_equity_pct,3.33,3.57
TATACONSUM,Mar-20,FMCG,return_on_capital_employed_pct,8.39,2.38
TATACONSUM,Mar-20,FMCG,net_profit_margin_pct,4.77,5.95
TATACONSUM,Mar-20,FMCG,debt_to_equity,0.11,48.21
TATACONSUM,Mar-20,FMCG,interest_coverage,16.36,20.24
TATACONSUM,Mar-20,FMCG,asset_turnover,0.52,1.19
TATACONSUM,Mar-20,FMCG,free_cash_flow_cr,460,33.33
TATACONSUM,Mar-20,FMCG,revenue_cagr_5yr,3.81,10.2
TATACONSUM,Mar-20,FMCG,pat_cagr_5yr,11,48.94
TATACONSUM,Mar-20,FMCG,composite_quality_score,24.09,5.95
TATACONSUM,Mar-21,FMCG,return_on_equity_pct,6.4,7.14
TATACONSUM,Mar-21,FMCG,return_on_capital_employed_pct,9.55,4.76
TATACONSUM,Mar-21,FMCG,net_profit_margin_pct,8.02,15.48
TATACONSUM,Mar-21,FMCG,debt_to_equity,0.11,48.21
TATACONSUM,Mar-21,FMCG,interest_coverage,22.4,39.29
TATACONSUM,Mar-21,FMCG,asset_turnover,0.57,3.57
TATACONSUM,Mar-21,FMCG,free_cash_flow_cr,1310,52.38
TATACONSUM,Mar-21,FMCG,revenue_cagr_5yr,11.82,91.84
TATACONSUM,Mar-21,FMCG,pat_cagr_5yr,,
TATACONSUM,Mar-21,FMCG,composite_quality_score,25.97,11.9
TATACONSUM,Mar-22,FMCG,return_on_equity_pct,6.7,8.33
TATACONSUM,Mar-22,FMCG,return_on_capital_employed_pct,10.38,8.93
TATACONSUM,Mar-22,FMCG,net_profit_margin_pct,8.17,17.86
TATACONSUM,Mar-22,FMCG,debt_to_equity,0.09,54.76
TATACONSUM,Mar-22,FMCG,interest_coverage,20.77,35.71
TATACONSUM,Mar-22,FMCG,asset_turnover,0.59,4.76
TATACONSUM,Mar-22,FMCG,free_cash_flow_cr,199,11.9
TATACONSUM,Mar-22,FMCG,revenue_cagr_5yr,12.88,93.88
TATACONSUM,Mar-22,FMCG,pat_cagr_5yr,17.41,82.98
TATACONSUM,Mar-22,FMCG,composite_quality_score,28.06,13.1
TATACONSUM,Mar-23,FMCG,return_on_equity_pct,8.11,13.1
TATACONSUM,Mar-23,FMCG,return_on_capital_employed_pct,10.38,8.93
TATACONSUM,Mar-23,FMCG,net_profit_margin_pct,9.58,20.24
TATACONSUM,Mar-23,FMCG,debt_to_equity,0.1,52.38
TATACONSUM,Mar-23,FMCG,interest_coverage,16.8,21.43
TATACONSUM,Mar-23,FMCG,asset_turnover,0.61,5.95
TATACONSUM,Mar-23,FMCG,free_cash_flow_cr,627,39.29
TATACONSUM,Mar-23,FMCG,revenue_cagr_5yr,15.13,97.96
TATACONSUM,Mar-23,FMCG,pat_cagr_5yr,18.88,89.36
TATACONSUM,Mar-23,FMCG,composite_quality_score,29.32,17.86
TATACONSUM,Mar-24,FMCG,return_on_equity_pct,7.57,10.71
TATACONSUM,Mar-24,FMCG,return_on_capital_employed_pct,11.69,13.1
TATACONSUM,Mar-24,FMCG,net_profit_margin_pct,7.99,14.29
TATACONSUM,Mar-24,FMCG,debt_to_equity,0.22,26.19
TATACONSUM,Mar-24,FMCG,interest_coverage,25.32,46.43
TATACONSUM,Mar-24,FMCG,asset_turnover,0.55,2.38
TATACONSUM,Mar-24,FMCG,free_cash_flow_cr,26,7.14
TATACONSUM,Mar-24,FMCG,revenue_cagr_5yr,15.96,100
TATACONSUM,Mar-24,FMCG,pat_cagr_5yr,21.6,91.49
TATACONSUM,Mar-24,FMCG,composite_quality_score,28.91,16.67
HCLTECH,Jun-13,IT Services,return_on_equity_pct,30.69,67.8
HCLTECH,Jun-13,IT Services,return_on_capital_employed_pct,39.98,72.88
HCLTECH,Jun-13,IT Services,net_profit_margin_pct,15.79,43.22
HCLTECH,Jun-13,IT Services,debt_to_equity,0.08,44.07
HCLTECH,Jun-13,IT Services,interest_coverage,56.72,41.82
HCLTECH,Jun-13,IT Services,asset_turnover,1.14,50
HCLTECH,Jun-13,IT Services,free_cash_flow_cr,2131,35.59
HCLTECH,Jun-13,IT Services,revenue_cagr_5yr,,
HCLTECH,Jun-13,IT Services,pat_cagr_5yr,,
HCLTECH,Jun-13,IT Services,composite_quality_score,34.88,35.59
HCLTECH,Jun-14,IT Services,return_on_equity_pct,33.39,76.27
HCLTECH,Jun-14,IT Services,return_on_capital_employed_pct,39.07,69.49
HCLTECH,Jun-14,IT Services,net_profit_margin_pct,20.31,76.27
HCLTECH,Jun-14,IT Services,debt_to_equity,0.05,59.32
HCLTECH,Jun-14,IT Services,interest_coverage,76.42,52.73
HCLTECH,Jun-14,IT Services,asset_turnover,1.07,40.68
HCLTECH,Jun-14,IT Services,free_cash_flow_cr,1615,28.81
HCLTECH,Jun-14,IT Services,revenue_cagr_5yr,,
HCLTECH,Jun-14,IT Services,pat_cagr_5yr,,
HCLTECH,Jun-14,IT Services,composite_quality_score,36.72,54.24
HCLTECH,Jun-15,IT Services,return_on_equity_pct,30.31,62.71
HCLTECH,Jun-15,IT Services,return_on_capital_employed_pct,34.12,55.93
HCLTECH,Jun-15,IT Services,net_profit_margin_pct,20,71.19
HCLTECH,Jun-15,IT Services,debt_to_equity,0.03,63.56
HCLTECH,Jun-15,IT Services,interest_coverage,105.63,63.64
HCLTECH,Jun-15,IT Services,asset_turnover,1.04,33.9
HCLTECH,Jun-15,IT Services,free_cash_flow_cr,3451,42.37
HCLTECH,Jun-15,IT Services,revenue_cagr_5yr,,
HCLTECH,Jun-15,IT Services,pat_cagr_5yr,,
HCLTECH,Jun-15,IT Services,composite_quality_score,35.59,42.37
HCLTECH,Mar-17,IT Services,return_on_equity_pct,26.12,49.15
HCLTECH,Mar-17,IT Services,return_on_capital_employed_pct,30.99,40.68
HCLTECH,Mar-17,IT Services,net_profit_margin_pct,18.09,55.93
HCLTECH,Mar-17,IT Services,debt_to_equity,0.02,67.8
HCLTECH,Mar-17,IT Services,interest_coverage,128.75,67.27
HCLTECH,Mar-17,IT Services,asset_turnover,1.04,33.9
HCLTECH,Mar-17,IT Services,free_cash_flow_cr,5105,47.46
HCLTECH,Mar-17,IT Services,revenue_cagr_5yr,,
HCLTECH,Mar-17,IT Services,pat_cagr_5yr,,
HCLTECH,Mar-17,IT Services,composite_quality_score,33.76,23.73
HCLTECH,Mar-18,IT Services,return_on_equity_pct,23.97,35.59
HCLTECH,Mar-18,IT Services,return_on_capital_employed_pct,30.44,35.59
HCLTECH,Mar-18,IT Services,net_profit_margin_pct,17.25,54.24
HCLTECH,Mar-18,IT Services,debt_to_equity,0.02,67.8
HCLTECH,Mar-18,IT Services,interest_coverage,180.81,76.36
HCLTECH,Mar-18,IT Services,asset_turnover,1.05,38.98
HCLTECH,Mar-18,IT Services,free_cash_flow_cr,6092,59.32
HCLTECH,Mar-18,IT Services,revenue_cagr_5yr,14.6,74.29
HCLTECH,Mar-18,IT Services,pat_cagr_5yr,16.64,85.71
HCLTECH,Mar-18,IT Services,composite_quality_score,36.7,52.54
HCLTECH,Mar-19,IT Services,return_on_equity_pct,24.46,40.68
HCLTECH,Mar-19,IT Services,return_on_capital_employed_pct,30.57,37.29
HCLTECH,Mar-19,IT Services,net_profit_margin_pct,16.75,50.85
HCLTECH,Mar-19,IT Services,debt_to_equity,0.1,24.58
HCLTECH,Mar-19,IT Services,interest_coverage,85.45,56.36
HCLTECH,Mar-19,IT Services,asset_turnover,1.04,33.9
HCLTECH,Mar-19,IT Services,free_cash_flow_cr,5715,55.93
HCLTECH,Mar-19,IT Services,revenue_cagr_5yr,13.46,60
HCLTECH,Mar-19,IT Services,pat_cagr_5yr,9.16,45.71
HCLTECH,Mar-19,IT Services,composite_quality_score,35.69,44.07
HCLTECH,Mar-20,IT Services,return_on_equity_pct,21.57,20.34
HCLTECH,Mar-20,IT Services,return_on_capital_employed_pct,29.22,25.42
HCLTECH,Mar-20,IT Services,net_profit_margin_pct,15.64,38.98
HCLTECH,Mar-20,IT Services,debt_to_equity,0.16,6.78
HCLTECH,Mar-20,IT Services,interest_coverage,35.46,12.73
HCLTECH,Mar-20,IT Services,asset_turnover,0.85,8.47
HCLTECH,Mar-20,IT Services,free_cash_flow_cr,1027,23.73
HCLTECH,Mar-20,IT Services,revenue_cagr_5yr,14,68.57
HCLTECH,Mar-20,IT Services,pat_cagr_5yr,8.53,37.14
HCLTECH,Mar-20,IT Services,composite_quality_score,34.16,27.12
HCLTECH,Mar-21,IT Services,return_on_equity_pct,18.64,10.17
HCLTECH,Mar-21,IT Services,return_on_capital_employed_pct,30.02,28.81
HCLTECH,Mar-21,IT Services,net_profit_margin_pct,14.82,30.51
HCLTECH,Mar-21,IT Services,debt_to_equity,0.11,14.41
HCLTECH,Mar-21,IT Services,interest_coverage,41.05,20
HCLTECH,Mar-21,IT Services,asset_turnover,0.88,12.71
HCLTECH,Mar-21,IT Services,free_cash_flow_cr,13953,67.8
HCLTECH,Mar-21,IT Services,revenue_cagr_5yr,19.34,88.57
HCLTECH,Mar-21,IT Services,pat_cagr_5yr,14.8,82.86
HCLTECH,Mar-21,IT Services,composite_quality_score,34.53,32.2
HCLTECH,Mar-22,IT Services,return_on_equity_pct,21.84,23.73
HCLTECH,Mar-22,IT Services,return_on_capital_employed_pct,30.08,32.2
HCLTECH,Mar-22,IT Services,net_profit_margin_pct,15.79,43.22
HCLTECH,Mar-22,IT Services,debt_to_equity,0.1,24.58
HCLTECH,Mar-22,IT Services,interest_coverage,67.7,45.45
HCLTECH,Mar-22,IT Services,asset_turnover,0.96,19.49
HCLTECH,Mar-22,IT Services,free_cash_flow_cr,18497,84.75
HCLTECH,Mar-22,IT Services,revenue_cagr_5yr,12.48,45.71
HCLTECH,Mar-22,IT Services,pat_cagr_5yr,9.46,51.43
HCLTECH,Mar-22,IT Services,composite_quality_score,34.38,30.51
HCLTECH,Mar-23,IT Services,return_on_equity_pct,22.7,27.12
HCLTECH,Mar-23,IT Services,return_on_capital_employed_pct,32.23,47.46
HCLTECH,Mar-23,IT Services,net_profit_margin_pct,14.63,28.81
HCLTECH,Mar-23,IT Services,debt_to_equity,0.07,51.69
HCLTECH,Mar-23,IT Services,interest_coverage,67.95,47.27
HCLTECH,Mar-23,IT Services,asset_turnover,1.09,42.37
HCLTECH,Mar-23,IT Services,free_cash_flow_cr,14436,72.88
HCLTECH,Mar-23,IT Services,revenue_cagr_5yr,14.94,77.14
HCLTECH,Mar-23,IT Services,pat_cagr_5yr,11.22,65.71
HCLTECH,Mar-23,IT Services,composite_quality_score,35.18,37.29
HCLTECH,Mar-24,IT Services,return_on_equity_pct,23.01,30.51
HCLTECH,Mar-24,IT Services,return_on_capital_employed_pct,32.69,50.85
HCLTECH,Mar-24,IT Services,net_profit_margin_pct,14.29,23.73
HCLTECH,Mar-24,IT Services,debt_to_equity,0.08,44.07
HCLTECH,Mar-24,IT Services,interest_coverage,46.46,29.09
HCLTECH,Mar-24,IT Services,asset_turnover,1.11,44.07
HCLTECH,Mar-24,IT Services,free_cash_flow_cr,15840,74.58
HCLTECH,Mar-24,IT Services,revenue_cagr_5yr,12.71,48.57
HCLTECH,Mar-24,IT Services,pat_cagr_5yr,9.19,48.57
HCLTECH,Mar-24,IT Services,composite_quality_score,34.69,33.9
INFY,Mar-13,IT Services,return_on_equity_pct,24.82,44.07
INFY,Mar-13,IT Services,return_on_capital_employed_pct,30.37,33.9
INFY,Mar-13,IT Services,net_profit_margin_pct,23.37,98.31
INFY,Mar-13,IT Services,debt_to_equity,0,87.29
INFY,Mar-13,IT Services,interest_coverage,2780.6,100
INFY,Mar-13,IT Services,asset_turnover,0.87,10.17
INFY,Mar-13,IT Services,free_cash_flow_cr,4451,44.07
INFY,Mar-13,IT Services,revenue_cagr_5yr,,
INFY,Mar-13,IT Services,pat_cagr_5yr,,
INFY,Mar-13,IT Services,composite_quality_score,34.23,28.81
INFY,Mar-14,IT Services,return_on_equity_pct,23.93,33.9
INFY,Mar-14,IT Services,return_on_capital_employed_pct,30.07,30.51
INFY,Mar-14,IT Services,net_profit_margin_pct,21.26,84.75
INFY,Mar-14,IT Services,debt_to_equity,0,87.29
INFY,Mar-14,IT Services,interest_coverage,1783.78,98.18
INFY,Mar-14,IT Services,asset_turnover,0.88,12.71
INFY,Mar-14,IT Services,free_cash_flow_cr,7262,61.02
INFY,Mar-14,IT Services,revenue_cagr_5yr,,
INFY,Mar-14,IT Services,pat_cagr_5yr,,
INFY,Mar-14,IT Services,composite_quality_score,33.51,22.03
INFY,Mar-15,IT Services,return_on_equity_pct,24.39,38.98
INFY,Mar-15,IT Services,return_on_capital_employed_pct,29.33,27.12
INFY,Mar-15,IT Services,net_profit_margin_pct,23.2,96.61
INFY,Mar-15,IT Services,debt_to_equity,0,87.29
INFY,Mar-15,IT Services,interest_coverage,1526.08,96.36
INFY,Mar-15,IT Services,asset_turnover,0.8,3.39
INFY,Mar-15,IT Services,free_cash_flow_cr,9352,66.1
INFY,Mar-15,IT Services,revenue_cagr_5yr,,
INFY,Mar-15,IT Services,pat_cagr_5yr,,
INFY,Mar-15,IT Services,composite_quality_score,33.98,25.42
INFY,Mar-16,IT Services,return_on_equity_pct,21.85,25.42
INFY,Mar-16,IT Services,return_on_capital_employed_pct,27.66,18.64
INFY,Mar-16,IT Services,net_profit_margin_pct,21.6,88.14
INFY,Mar-16,IT Services,debt_to_equity,0,87.29
INFY,Mar-16,IT Services,interest_coverage,,
INFY,Mar-16,IT Services,asset_turnover,0.83,6.78
INFY,Mar-16,IT Services,free_cash_flow_cr,9143,64.41
INFY,Mar-16,IT Services,revenue_cagr_5yr,,
INFY,Mar-16,IT Services,pat_cagr_5yr,,
INFY,Mar-16,IT Services,composite_quality_score,32.8,16.95
INFY,Mar-17,IT Services,return_on_equity_pct,20.81,15.25
INFY,Mar-17,IT Services,return_on_capital_employed_pct,26.97,13.56
INFY,Mar-17,IT Services,net_profit_margin_pct,20.96,79.66
INFY,Mar-17,IT Services,debt_to_equity,0,87.29
INFY,Mar-17,IT Services,interest_coverage,,
INFY,Mar-17,IT Services,asset_turnover,0.82,5.08
INFY,Mar-17,IT Services,free_cash_flow_cr,-3133,1.69
INFY,Mar-17,IT Services,revenue_cagr_5yr,,
INFY,Mar-17,IT Services,pat_cagr_5yr,,
INFY,Mar-17,IT Services,composite_quality_score,32.3,13.56
INFY,Mar-18,IT Services,return_on_equity_pct,24.69,42.37
INFY,Mar-18,IT Services,return_on_capital_employed_pct,28.99,23.73
INFY,Mar-18,IT Services,net_profit_margin_pct,22.73,94.92
INFY,Mar-18,IT Services,debt_to_equity,0,87.29
INFY,Mar-18,IT Services,interest_coverage,,
INFY,Mar-18,IT Services,asset_turnover,0.89,15.25
INFY,Mar-18,IT Services,free_cash_flow_cr,17751,83.05
INFY,Mar-18,IT Services,revenue_cagr_5yr,11.81,37.14
INFY,Mar-18,IT Services,pat_cagr_5yr,11.2,62.86
INFY,Mar-18,IT Services,composite_quality_score,36.97,55.93
INFY,Mar-19,IT Services,return_on_equity_pct,23.73,32.2
INFY,Mar-19,IT Services,return_on_capital_employed_pct,31.06,42.37
INFY,Mar-19,IT Services,net_profit_margin_pct,18.64,61.02
INFY,Mar-19,IT Services,debt_to_equity,0,87.29
INFY,Mar-19,IT Services,interest_coverage,,
INFY,Mar-19,IT Services,asset_turnover,0.98,22.03
INFY,Mar-19,IT Services,free_cash_flow_cr,14209,71.19
INFY,Mar-19,IT Services,revenue_cagr_5yr,10.52,25.71
INFY,Mar-19,IT Services,pat_cagr_5yr,7.66,22.86
INFY,Mar-19,IT Services,composite_quality_score,35.36,40.68
INFY,Mar-20,IT Services,return_on_equity_pct,25.42,45.76
INFY,Mar-20,IT Services,return_on_capital_employed_pct,31.77,44.07
INFY,Mar-20,IT Services,net_profit_margin_pct,18.33,59.32
INFY,Mar-20,IT Services,debt_to_equity,0.07,51.69
INFY,Mar-20,IT Services,interest_coverage,147.47,70.91
INFY,Mar-20,IT Services,asset_turnover,0.99,24.58
INFY,Mar-20,IT Services,free_cash_flow_cr,16672,77.97
INFY,Mar-20,IT Services,revenue_cagr_5yr,11.23,31.43
INFY,Mar-20,IT Services,pat_cagr_5yr,6.11,11.43
INFY,Mar-20,IT Services,composite_quality_score,35.71,45.76
INFY,Mar-21,IT Services,return_on_equity_pct,25.44,47.46
INFY,Mar-21,IT Services,return_on_capital_employed_pct,34.15,57.63
INFY,Mar-21,IT Services,net_profit_margin_pct,19.33,67.8
INFY,Mar-21,IT Services,debt_to_equity,0.07,51.69
INFY,Mar-21,IT Services,interest_coverage,154.31,72.73
INFY,Mar-21,IT Services,asset_turnover,0.93,16.95
INFY,Mar-21,IT Services,free_cash_flow_cr,15851,76.27
INFY,Mar-21,IT Services,revenue_cagr_5yr,9.98,14.29
INFY,Mar-21,IT Services,pat_cagr_5yr,7.56,20
INFY,Mar-21,IT Services,composite_quality_score,35.81,47.46
INFY,Mar-22,IT Services,return_on_equity_pct,29.39,59.32
INFY,Mar-22,IT Services,return_on_capital_employed_pct,38.96,67.8
INFY,Mar-22,IT Services,net_profit_margin_pct,18.21,57.63
INFY,Mar-22,IT Services,debt_to_equity,0.07,51.69
INFY,Mar-22,IT Services,interest_coverage,168.93,74.55
INFY,Mar-22,IT Services,asset_turnover,1.04,33.9
INFY,Mar-22,IT Services,free_cash_flow_cr,17400,79.66
INFY,Mar-22,IT Services,revenue_cagr_5yr,12.18,40
INFY,Mar-22,IT Services,pat_cagr_5yr,9.06,42.86
INFY,Mar-22,IT Services,composite_quality_score,37.56,59.32
INFY,Mar-23,IT Services,return_on_equity_pct,31.97,72.88
INFY,Mar-23,IT Services,return_on_capital_employed_pct,41.97,74.58
INFY,Mar-23,IT Services,net_profit_margin_pct,16.43,49.15
INFY,Mar-23,IT Services,debt_to_equity,0.11,14.41
INFY,Mar-23,IT Services,interest_coverage,133.21,69.09
INFY,Mar-23,IT Services,asset_turnover,1.18,61.02
INFY,Mar-23,IT Services,free_cash_flow_cr,21396,88.14
INFY,Mar-23,IT Services,revenue_cagr_5yr,15.79,80
INFY,Mar-23,IT Services,pat_cagr_5yr,8.51,34.29
INFY,Mar-23,IT Services,composite_quality_score,38.66,76.27
INFY,Mar-24,IT Services,return_on_equity_pct,29.79,61.02
INFY,Mar-24,IT Services,return_on_capital_employed_pct,37.76,62.71
INFY,Mar-24,IT Services,net_profit_margin_pct,17.08,52.54
INFY,Mar-24,IT Services,debt_to_equity,0.09,36.44
INFY,Mar-24,IT Services,interest_coverage,87.52,60
INFY,Mar-24,IT Services,asset_turnover,1.13,47.46
INFY,Mar-24,IT Services,free_cash_flow_cr,20117,86.44
INFY,Mar-24,IT Services,revenue_cagr_5yr,13.2,57.14
INFY,Mar-24,IT Services,pat_cagr_5yr,11.24,68.57
INFY,Mar-24,IT Services,composite_quality_score,37.9,67.8
LTIM,Mar-13,IT Services,return_on_equity_pct,41.97,93.22
LTIM,Mar-13,IT Services,return_on_capital_employed_pct,55.31,94.92
LTIM,Mar-13,IT Services,net_profit_margin_pct,14.59,27.12
LTIM,Mar-13,IT Services,debt_to_equity,0.17,3.39
LTIM,Mar-13,IT Services,interest_coverage,42.48,21.82
LTIM,Mar-13,IT Services,asset_turnover,1.65,93.22
LTIM,Mar-13,IT Services,free_cash_flow_cr,384,8.47
LTIM,Mar-13,IT Services,revenue_cagr_5yr,,
LTIM,Mar-13,IT Services,pat_cagr_5yr,,
LTIM,Mar-13,IT Services,composite_quality_score,38.92,79.66
LTIM,Mar-14,IT Services,return_on_equity_pct,61.86,100
LTIM,Mar-14,IT Services,return_on_capital_employed_pct,66.69,100
LTIM,Mar-14,IT Services,net_profit_margin_pct,20.24,74.58
LTIM,Mar-14,IT Services,debt_to_equity,0.07,51.69
LTIM,Mar-14,IT Services,interest_coverage,44,25.45
LTIM,Mar-14,IT Services,asset_turnover,1.85,98.31
LTIM,Mar-14,IT Services,free_cash_flow_cr,808,18.64
LTIM,Mar-14,IT Services,revenue_cagr_5yr,,
LTIM,Mar-14,IT Services,pat_cagr_5yr,,
LTIM,Mar-14,IT Services,composite_quality_score,47.41,100
LTIM,Mar-15,IT Services,return_on_equity_pct,37.96,84.75
LTIM,Mar-15,IT Services,return_on_capital_employed_pct,44.79,81.36
LTIM,Mar-15,IT Services,net_profit_margin_pct,15.45,37.29
LTIM,Mar-15,IT Services,debt_to_equity,0.11,14.41
LTIM,Mar-15,IT Services,interest_coverage,110.4,65.45
LTIM,Mar-15,IT Services,asset_turnover,1.67,96.61
LTIM,Mar-15,IT Services,free_cash_flow_cr,539,11.86
LTIM,Mar-15,IT Services,revenue_cagr_5yr,,
LTIM,Mar-15,IT Services,pat_cagr_5yr,,
LTIM,Mar-15,IT Services,composite_quality_score,37.83,64.41
LTIM,Mar-16,IT Services,return_on_equity_pct,39.34,89.83
LTIM,Mar-16,IT Services,return_on_capital_employed_pct,47.16,86.44
LTIM,Mar-16,IT Services,net_profit_margin_pct,14.3,25.42
LTIM,Mar-16,IT Services,debt_to_equity,0.03,63.56
LTIM,Mar-16,IT Services,interest_coverage,202.5,80
LTIM,Mar-16,IT Services,asset_turnover,1.86,100
LTIM,Mar-16,IT Services,free_cash_flow_cr,818,20.34
LTIM,Mar-16,IT Services,revenue_cagr_5yr,,
LTIM,Mar-16,IT Services,pat_cagr_5yr,,
LTIM,Mar-16,IT Services,composite_quality_score,38.43,71.19
LTIM,Mar-17,IT Services,return_on_equity_pct,30.88,69.49
LTIM,Mar-17,IT Services,return_on_capital_employed_pct,39.12,71.19
LTIM,Mar-17,IT Services,net_profit_margin_pct,14.94,32.2
LTIM,Mar-17,IT Services,debt_to_equity,0,87.29
LTIM,Mar-17,IT Services,interest_coverage,472.33,87.27
LTIM,Mar-17,IT Services,asset_turnover,1.47,89.83
LTIM,Mar-17,IT Services,free_cash_flow_cr,209,3.39
LTIM,Mar-17,IT Services,revenue_cagr_5yr,,
LTIM,Mar-17,IT Services,pat_cagr_5yr,,
LTIM,Mar-17,IT Services,composite_quality_score,35.27,38.98
LTIM,Mar-18,IT Services,return_on_equity_pct,28.81,57.63
LTIM,Mar-18,IT Services,return_on_capital_employed_pct,30.75,38.98
LTIM,Mar-18,IT Services,net_profit_margin_pct,15.22,35.59
LTIM,Mar-18,IT Services,debt_to_equity,0,87.29
LTIM,Mar-18,IT Services,interest_coverage,100.81,61.82
LTIM,Mar-18,IT Services,asset_turnover,1.37,84.75
LTIM,Mar-18,IT Services,free_cash_flow_cr,392,10.17
LTIM,Mar-18,IT Services,revenue_cagr_5yr,13.66,62.86
LTIM,Mar-18,IT Services,pat_cagr_5yr,14.62,80
LTIM,Mar-18,IT Services,composite_quality_score,38.01,69.49
LTIM,Mar-19,IT Services,return_on_equity_pct,30.98,71.19
LTIM,Mar-19,IT Services,return_on_capital_employed_pct,38.48,66.1
LTIM,Mar-19,IT Services,net_profit_margin_pct,16.05,45.76
LTIM,Mar-19,IT Services,debt_to_equity,0,87.29
LTIM,Mar-19,IT Services,interest_coverage,198.64,78.18
LTIM,Mar-19,IT Services,asset_turnover,1.42,88.14
LTIM,Mar-19,IT Services,free_cash_flow_cr,646,15.25
LTIM,Mar-19,IT Services,revenue_cagr_5yr,13.93,65.71
LTIM,Mar-19,IT Services,pat_cagr_5yr,8.76,40
LTIM,Mar-19,IT Services,composite_quality_score,38.44,73.73
LTIM,Mar-20,IT Services,return_on_equity_pct,28.13,55.93
LTIM,Mar-20,IT Services,return_on_capital_employed_pct,32.12,45.76
LTIM,Mar-20,IT Services,net_profit_margin_pct,13.97,22.03
LTIM,Mar-20,IT Services,debt_to_equity,0.17,3.39
LTIM,Mar-20,IT Services,interest_coverage,28.41,7.27
LTIM,Mar-20,IT Services,asset_turnover,1.23,70.34
LTIM,Mar-20,IT Services,free_cash_flow_cr,1001,22.03
LTIM,Mar-20,IT Services,revenue_cagr_5yr,16.92,85.71
LTIM,Mar-20,IT Services,pat_cagr_5yr,14.6,77.14
LTIM,Mar-20,IT Services,composite_quality_score,37.53,57.63
LTIM,Mar-21,IT Services,return_on_equity_pct,26.53,50.85
LTIM,Mar-21,IT Services,return_on_capital_employed_pct,33.63,52.54
LTIM,Mar-21,IT Services,net_profit_margin_pct,15.67,40.68
LTIM,Mar-21,IT Services,debt_to_equity,0.11,14.41
LTIM,Mar-21,IT Services,interest_coverage,37.96,16.36
LTIM,Mar-21,IT Services,asset_turnover,1.16,55.08
LTIM,Mar-21,IT Services,free_cash_flow_cr,743,16.95
LTIM,Mar-21,IT Services,revenue_cagr_5yr,16.17,82.86
LTIM,Mar-21,IT Services,pat_cagr_5yr,18.31,88.57
LTIM,Mar-21,IT Services,composite_quality_score,37.62,61.02
LTIM,Mar-22,IT Services,return_on_equity_pct,27.65,54.24
LTIM,Mar-22,IT Services,return_on_capital_employed_pct,36.09,59.32
LTIM,Mar-22,IT Services,net_profit_margin_pct,15.13,33.9
LTIM,Mar-22,IT Services,debt_to_equity,0.02,67.8
LTIM,Mar-22,IT Services,interest_coverage,48.9,32.73
LTIM,Mar-22,IT Services,asset_turnover,1.27,74.58
LTIM,Mar-22,IT Services,free_cash_flow_cr,1608,27.12
LTIM,Mar-22,IT Services,revenue_cagr_5yr,32.06,94.29
LTIM,Mar-22,IT Services,pat_cagr_5yr,32.4,100
LTIM,Mar-22,IT Services,composite_quality_score,41.98,93.22
LTIM,Mar-23,IT Services,return_on_equity_pct,26.58,52.54
LTIM,Mar-23,IT Services,return_on_capital_employed_pct,33.68,54.24
LTIM,Mar-23,IT Services,net_profit_margin_pct,13.29,20.34
LTIM,Mar-23,IT Services,debt_to_equity,0.09,36.44
LTIM,Mar-23,IT Services,interest_coverage,44.43,27.27
LTIM,Mar-23,IT Services,asset_turnover,1.41,86.44
LTIM,Mar-23,IT Services,free_cash_flow_cr,2824,40.68
LTIM,Mar-23,IT Services,revenue_cagr_5yr,35.35,100
LTIM,Mar-23,IT Services,pat_cagr_5yr,31.72,97.14
LTIM,Mar-23,IT Services,composite_quality_score,41.67,91.53
LTIM,Mar-24,IT Services,return_on_equity_pct,22.9,28.81
LTIM,Mar-24,IT Services,return_on_capital_employed_pct,28.91,22.03
LTIM,Mar-24,IT Services,net_profit_margin_pct,12.91,18.64
LTIM,Mar-24,IT Services,debt_to_equity,0.1,24.58
LTIM,Mar-24,IT Services,interest_coverage,31.93,9.09
LTIM,Mar-24,IT Services,asset_turnover,1.29,77.97
LTIM,Mar-24,IT Services,free_cash_flow_cr,1752,32.2
LTIM,Mar-24,IT Services,revenue_cagr_5yr,30.33,91.43
LTIM,Mar-24,IT Services,pat_cagr_5yr,24.78,94.29
LTIM,Mar-24,IT Services,composite_quality_score,38.71,77.97
TCS,Mar-13,IT Services,return_on_equity_pct,36.52,81.36
TCS,Mar-13,IT Services,return_on_capital_employed_pct,46.4,84.75
TCS,Mar-13,IT Services,net_profit_margin_pct,22.35,91.53
TCS,Mar-13,IT Services,debt_to_equity,0.01,72.88
TCS,Mar-13,IT Services,interest_coverage,400.38,85.45
TCS,Mar-13,IT Services,asset_turnover,1.21,65.25
TCS,Mar-13,IT Services,free_cash_flow_cr,5577,54.24
TCS,Mar-13,IT Services,revenue_cagr_5yr,,
TCS,Mar-13,IT Services,pat_cagr_5yr,,
TCS,Mar-13,IT Services,composite_quality_score,38.44,73.73
TCS,Mar-14,IT Services,return_on_equity_pct,39.3,88.14
TCS,Mar-14,IT Services,return_on_capital_employed_pct,50.82,91.53
TCS,Mar-14,IT Services,net_profit_margin_pct,23.63,100
TCS,Mar-14,IT Services,debt_to_equity,0.01,72.88
TCS,Mar-14,IT Services,interest_coverage,686.92,89.09
TCS,Mar-14,IT Services,asset_turnover,1.22,67.8
TCS,Mar-14,IT Services,free_cash_flow_cr,5299,49.15
TCS,Mar-14,IT Services,revenue_cagr_5yr,,
TCS,Mar-14,IT Services,pat_cagr_5yr,,
TCS,Mar-14,IT Services,composite_quality_score,39.68,84.75
TCS,Mar-15,IT Services,return_on_equity_pct,39.62,91.53
TCS,Mar-15,IT Services,return_on_capital_employed_pct,48.01,88.14
TCS,Mar-15,IT Services,net_profit_margin_pct,21.19,83.05
TCS,Mar-15,IT Services,debt_to_equity,0.01,72.88
TCS,Mar-15,IT Services,interest_coverage,271.17,83.64
TCS,Mar-15,IT Services,asset_turnover,1.29,77.97
TCS,Mar-15,IT Services,free_cash_flow_cr,17562,81.36
TCS,Mar-15,IT Services,revenue_cagr_5yr,,
TCS,Mar-15,IT Services,pat_cagr_5yr,,
TCS,Mar-15,IT Services,composite_quality_score,39.38,81.36
TCS,Mar-16,IT Services,return_on_equity_pct,34.24,77.97
TCS,Mar-16,IT Services,return_on_capital_employed_pct,43.01,76.27
TCS,Mar-16,IT Services,net_profit_margin_pct,22.4,93.22
TCS,Mar-16,IT Services,debt_to_equity,0,87.29
TCS,Mar-16,IT Services,interest_coverage,1023.06,92.73
TCS,Mar-16,IT Services,asset_turnover,1.23,70.34
TCS,Mar-16,IT Services,free_cash_flow_cr,14099,69.49
TCS,Mar-16,IT Services,revenue_cagr_5yr,,
TCS,Mar-16,IT Services,pat_cagr_5yr,,
TCS,Mar-16,IT Services,composite_quality_score,37.69,62.71
TCS,Mar-17,IT Services,return_on_equity_pct,30.57,66.1
TCS,Mar-17,IT Services,return_on_capital_employed_pct,37.35,61.02
TCS,Mar-17,IT Services,net_profit_margin_pct,22.34,89.83
TCS,Mar-17,IT Services,debt_to_equity,0,87.29
TCS,Mar-17,IT Services,interest_coverage,1141.62,94.55
TCS,Mar-17,IT Services,asset_turnover,1.15,52.54
TCS,Mar-17,IT Services,free_cash_flow_cr,8328,62.71
TCS,Mar-17,IT Services,revenue_cagr_5yr,,
TCS,Mar-17,IT Services,pat_cagr_5yr,,
TCS,Mar-17,IT Services,composite_quality_score,36.32,50.85
TCS,Mar-18,IT Services,return_on_equity_pct,30.4,64.41
TCS,Mar-18,IT Services,return_on_capital_employed_pct,38.09,64.41
TCS,Mar-18,IT Services,net_profit_margin_pct,21.02,81.36
TCS,Mar-18,IT Services,debt_to_equity,0,87.29
TCS,Mar-18,IT Services,interest_coverage,695.35,90.91
TCS,Mar-18,IT Services,asset_turnover,1.17,57.63
TCS,Mar-18,IT Services,free_cash_flow_cr,28171,89.83
TCS,Mar-18,IT Services,revenue_cagr_5yr,14.34,71.43
TCS,Mar-18,IT Services,pat_cagr_5yr,12.95,71.43
TCS,Mar-18,IT Services,composite_quality_score,39.46,83.05
TCS,Mar-19,IT Services,return_on_equity_pct,35.29,79.66
TCS,Mar-19,IT Services,return_on_capital_employed_pct,44.14,79.66
TCS,Mar-19,IT Services,net_profit_margin_pct,21.55,86.44
TCS,Mar-19,IT Services,debt_to_equity,0,87.29
TCS,Mar-19,IT Services,interest_coverage,221.3,81.82
TCS,Mar-19,IT Services,asset_turnover,1.29,77.97
TCS,Mar-19,IT Services,free_cash_flow_cr,30238,91.53
TCS,Mar-19,IT Services,revenue_cagr_5yr,12.35,42.86
TCS,Mar-19,IT Services,pat_cagr_5yr,10.3,57.14
TCS,Mar-19,IT Services,composite_quality_score,40.83,88.14
TCS,Mar-20,IT Services,return_on_equity_pct,38.57,86.44
TCS,Mar-20,IT Services,return_on_capital_employed_pct,45.62,83.05
TCS,Mar-20,IT Services,net_profit_margin_pct,20.67,77.97
TCS,Mar-20,IT Services,debt_to_equity,0.1,24.58
TCS,Mar-20,IT Services,interest_coverage,50.54,34.55
TCS,Mar-20,IT Services,asset_turnover,1.31,81.36
TCS,Mar-20,IT Services,free_cash_flow_cr,41337,96.61
TCS,Mar-20,IT Services,revenue_cagr_5yr,10.64,28.57
TCS,Mar-20,IT Services,pat_cagr_5yr,10.1,54.29
TCS,Mar-20,IT Services,composite_quality_score,41.35,89.83
TCS,Mar-21,IT Services,return_on_equity_pct,37.67,83.05
TCS,Mar-21,IT Services,return_on_capital_employed_pct,49.4,89.83
TCS,Mar-21,IT Services,net_profit_margin_pct,19.83,69.49
TCS,Mar-21,IT Services,debt_to_equity,0.09,36.44
TCS,Mar-21,IT Services,interest_coverage,76.08,50.91
TCS,Mar-21,IT Services,asset_turnover,1.26,72.88
TCS,Mar-21,IT Services,free_cash_flow_cr,30846,93.22
TCS,Mar-21,IT Services,revenue_cagr_5yr,8.61,8.57
TCS,Mar-21,IT Services,pat_cagr_5yr,5.99,8.57
TCS,Mar-21,IT Services,composite_quality_score,40.12,86.44
TCS,Mar-22,IT Services,return_on_equity_pct,43.13,94.92
TCS,Mar-22,IT Services,return_on_capital_employed_pct,54.72,93.22
TCS,Mar-22,IT Services,net_profit_margin_pct,20.05,72.88
TCS,Mar-22,IT Services,debt_to_equity,0.09,36.44
TCS,Mar-22,IT Services,interest_coverage,72.8,49.09
TCS,Mar-22,IT Services,asset_turnover,1.36,83.05
TCS,Mar-22,IT Services,free_cash_flow_cr,39211,94.92
TCS,Mar-22,IT Services,revenue_cagr_5yr,10.2,17.14
TCS,Mar-22,IT Services,pat_cagr_5yr,7.84,25.71
TCS,Mar-22,IT Services,composite_quality_score,42.6,94.92
TCS,Mar-23,IT Services,return_on_equity_pct,46.78,96.61
TCS,Mar-23,IT Services,return_on_capital_employed_pct,60.4,96.61
TCS,Mar-23,IT Services,net_profit_margin_pct,18.76,62.71
TCS,Mar-23,IT Services,debt_to_equity,0.09,36.44
TCS,Mar-23,IT Services,interest_coverage,80.5,54.55
TCS,Mar-23,IT Services,asset_turnover,1.58,91.53
TCS,Mar-23,IT Services,free_cash_flow_cr,42513,98.31
TCS,Mar-23,IT Services,revenue_cagr_5yr,12.86,51.43
TCS,Mar-23,IT Services,pat_cagr_5yr,10.33,60
TCS,Mar-23,IT Services,composite_quality_score,44.49,96.61
TCS,Mar-24,IT Services,return_on_equity_pct,50.94,98.31
TCS,Mar-24,IT Services,return_on_capital_employed_pct,65.27,98.31
TCS,Mar-24,IT Services,net_profit_margin_pct,19.14,66.1
TCS,Mar-24,IT Services,debt_to_equity,0.09,36.44
TCS,Mar-24,IT Services,interest_coverage,87.1,58.18
TCS,Mar-24,IT Services,asset_turnover,1.66,94.92
TCS,Mar-24,IT Services,free_cash_flow_cr,50429,100
TCS,Mar-24,IT Services,revenue_cagr_5yr,10.46,22.86
TCS,Mar-24,IT Services,pat_cagr_5yr,7.87,28.57
TCS,Mar-24,IT Services,composite_quality_score,45.49,98.31
TECHM,Mar-13,IT Services,return_on_equity_pct,24.09,37.29
TECHM,Mar-13,IT Services,return_on_capital_employed_pct,20.89,3.39
TECHM,Mar-13,IT Services,net_profit_margin_pct,19.02,64.41
TECHM,Mar-13,IT Services,debt_to_equity,0.25,0
TECHM,Mar-13,IT Services,interest_coverage,12.44,1.82
TECHM,Mar-13,IT Services,asset_turnover,0.77,1.69
TECHM,Mar-13,IT Services,free_cash_flow_cr,233,5.08
TECHM,Mar-13,IT Services,revenue_cagr_5yr,,
TECHM,Mar-13,IT Services,pat_cagr_5yr,,
TECHM,Mar-13,IT Services,composite_quality_score,32.51,15.25
TECHM,Mar-14,IT Services,return_on_equity_pct,33.35,74.58
TECHM,Mar-14,IT Services,return_on_capital_employed_pct,43.71,77.97
TECHM,Mar-14,IT Services,net_profit_margin_pct,16.29,47.46
TECHM,Mar-14,IT Services,debt_to_equity,0.04,61.02
TECHM,Mar-14,IT Services,interest_coverage,55.2,38.18
TECHM,Mar-14,IT Services,asset_turnover,1.18,61.02
TECHM,Mar-14,IT Services,free_cash_flow_cr,1887,33.9
TECHM,Mar-14,IT Services,revenue_cagr_5yr,,
TECHM,Mar-14,IT Services,pat_cagr_5yr,,
TECHM,Mar-14,IT Services,composite_quality_score,36.03,49.15
TECHM,Mar-15,IT Services,return_on_equity_pct,21.71,22.03
TECHM,Mar-15,IT Services,return_on_capital_employed_pct,32.38,49.15
TECHM,Mar-15,IT Services,net_profit_margin_pct,11.75,11.86
TECHM,Mar-15,IT Services,debt_to_equity,0.06,57.63
TECHM,Mar-15,IT Services,interest_coverage,62.3,43.64
TECHM,Mar-15,IT Services,asset_turnover,1.14,50
TECHM,Mar-15,IT Services,free_cash_flow_cr,583,13.56
TECHM,Mar-15,IT Services,revenue_cagr_5yr,,
TECHM,Mar-15,IT Services,pat_cagr_5yr,,
TECHM,Mar-15,IT Services,composite_quality_score,30.97,6.78
TECHM,Mar-16,IT Services,return_on_equity_pct,20.75,13.56
TECHM,Mar-16,IT Services,return_on_capital_employed_pct,27.16,15.25
TECHM,Mar-16,IT Services,net_profit_margin_pct,11.43,8.47
TECHM,Mar-16,IT Services,debt_to_equity,0.07,51.69
TECHM,Mar-16,IT Services,interest_coverage,48.59,30.91
TECHM,Mar-16,IT Services,asset_turnover,1.18,61.02
TECHM,Mar-16,IT Services,free_cash_flow_cr,1684,30.51
TECHM,Mar-16,IT Services,revenue_cagr_5yr,,
TECHM,Mar-16,IT Services,pat_cagr_5yr,,
TECHM,Mar-16,IT Services,composite_quality_score,30.59,5.08
TECHM,Mar-17,IT Services,return_on_equity_pct,17.35,3.39
TECHM,Mar-17,IT Services,return_on_capital_employed_pct,23.5,8.47
TECHM,Mar-17,IT Services,net_profit_margin_pct,9.78,5.08
TECHM,Mar-17,IT Services,debt_to_equity,0.08,44.07
TECHM,Mar-17,IT Services,interest_coverage,38.44,18.18
TECHM,Mar-17,IT Services,asset_turnover,1.12,45.76
TECHM,Mar-17,IT Services,free_cash_flow_cr,1178,25.42
TECHM,Mar-17,IT Services,revenue_cagr_5yr,,
TECHM,Mar-17,IT Services,pat_cagr_5yr,,
TECHM,Mar-17,IT Services,composite_quality_score,28.99,3.39
TECHM,Mar-18,IT Services,return_on_equity_pct,20.09,11.86
TECHM,Mar-18,IT Services,return_on_capital_employed_pct,22.18,6.78
TECHM,Mar-18,IT Services,net_profit_margin_pct,12.3,13.56
TECHM,Mar-18,IT Services,debt_to_equity,0.13,8.47
TECHM,Mar-18,IT Services,interest_coverage,37.82,14.55
TECHM,Mar-18,IT Services,asset_turnover,1.01,27.97
TECHM,Mar-18,IT Services,free_cash_flow_cr,235,6.78
TECHM,Mar-18,IT Services,revenue_cagr_5yr,34.96,97.14
TECHM,Mar-18,IT Services,pat_cagr_5yr,23.7,91.43
TECHM,Mar-18,IT Services,composite_quality_score,37.86,66.1
TECHM,Mar-19,IT Services,return_on_equity_pct,21.14,18.64
TECHM,Mar-19,IT Services,return_on_capital_employed_pct,28.15,20.34
TECHM,Mar-19,IT Services,net_profit_margin_pct,12.35,15.25
TECHM,Mar-19,IT Services,debt_to_equity,0.1,24.58
TECHM,Mar-19,IT Services,interest_coverage,51.17,36.36
TECHM,Mar-19,IT Services,asset_turnover,1.04,33.9
TECHM,Mar-19,IT Services,free_cash_flow_cr,2328,37.29
TECHM,Mar-19,IT Services,revenue_cagr_5yr,13.07,54.29
TECHM,Mar-19,IT Services,pat_cagr_5yr,6.97,14.29
TECHM,Mar-19,IT Services,composite_quality_score,33.37,18.64
TECHM,Mar-20,IT Services,return_on_equity_pct,17.87,8.47
TECHM,Mar-20,IT Services,return_on_capital_employed_pct,21.59,5.08
TECHM,Mar-20,IT Services,net_profit_margin_pct,10.57,6.78
TECHM,Mar-20,IT Services,debt_to_equity,0.17,3.39
TECHM,Mar-20,IT Services,interest_coverage,34.87,10.91
TECHM,Mar-20,IT Services,asset_turnover,0.99,24.58
TECHM,Mar-20,IT Services,free_cash_flow_cr,5439,52.54
TECHM,Mar-20,IT Services,revenue_cagr_5yr,10.26,20
TECHM,Mar-20,IT Services,pat_cagr_5yr,7.94,31.43
TECHM,Mar-20,IT Services,composite_quality_score,31.35,11.86
TECHM,Mar-21,IT Services,return_on_equity_pct,17.51,6.78
TECHM,Mar-21,IT Services,return_on_capital_employed_pct,24.48,10.17
TECHM,Mar-21,IT Services,net_profit_margin_pct,11.5,10.17
TECHM,Mar-21,IT Services,debt_to_equity,0.12,10.17
TECHM,Mar-21,IT Services,interest_coverage,43.59,23.64
TECHM,Mar-21,IT Services,asset_turnover,0.96,19.49
TECHM,Mar-21,IT Services,free_cash_flow_cr,2661,38.98
TECHM,Mar-21,IT Services,revenue_cagr_5yr,7.4,2.86
TECHM,Mar-21,IT Services,pat_cagr_5yr,7.54,17.14
TECHM,Mar-21,IT Services,composite_quality_score,31.01,8.47
TECHM,Mar-22,IT Services,return_on_equity_pct,20.94,16.95
TECHM,Mar-22,IT Services,return_on_capital_employed_pct,27.18,16.95
TECHM,Mar-22,IT Services,net_profit_margin_pct,12.61,16.95
TECHM,Mar-22,IT Services,debt_to_equity,0.1,24.58
TECHM,Mar-22,IT Services,interest_coverage,56.04,40
TECHM,Mar-22,IT Services,asset_turnover,1.01,27.97
TECHM,Mar-22,IT Services,free_cash_flow_cr,5765,57.63
TECHM,Mar-22,IT Services,revenue_cagr_5yr,8.91,11.43
TECHM,Mar-22,IT Services,pat_cagr_5yr,14.58,74.29
TECHM,Mar-22,IT Services,composite_quality_score,33.46,20.34
TECHM,Mar-23,IT Services,return_on_equity_pct,17.39,5.08
TECHM,Mar-23,IT Services,return_on_capital_employed_pct,25.32,11.86
TECHM,Mar-23,IT Services,net_profit_margin_pct,9.11,3.39
TECHM,Mar-23,IT Services,debt_to_equity,0.1,24.58
TECHM,Mar-23,IT Services,interest_coverage,26.77,5.45
TECHM,Mar-23,IT Services,asset_turnover,1.16,55.08
TECHM,Mar-23,IT Services,free_cash_flow_cr,5346,50.85
TECHM,Mar-23,IT Services,revenue_cagr_5yr,11.61,34.29
TECHM,Mar-23,IT Services,pat_cagr_5yr,5.11,5.71
TECHM,Mar-23,IT Services,composite_quality_score,31.12,10.17
TECHM,Mar-24,IT Services,return_on_equity_pct,8.99,1.69
TECHM,Mar-24,IT Services,return_on_capital_employed_pct,15.43,1.69
TECHM,Mar-24,IT Services,net_profit_margin_pct,4.61,1.69
TECHM,Mar-24,IT Services,debt_to_equity,0.1,24.58
TECHM,Mar-24,IT Services,interest_coverage,13.86,3.64
TECHM,Mar-24,IT Services,asset_turnover,1.21,65.25
TECHM,Mar-24,IT Services,free_cash_flow_cr,5058,45.76
TECHM,Mar-24,IT Services,revenue_cagr_5yr,8.4,5.71
TECHM,Mar-24,IT Services,pat_cagr_5yr,-10.99,2.86
TECHM,Mar-24,IT Services,composite_quality_score,25.24,1.69
HDFCLIFE,Mar-13,Life Insurance,return_on_equity_pct,33.43,78.57
HDFCLIFE,Mar-13,Life Insurance,return_on_capital_employed_pct,1012.34,97.62
HDFCLIFE,Mar-13,Life Insurance,net_profit_margin_pct,3.18,52.38
HDFCLIFE,Mar-13,Life Insurance,debt_to_equity,0,61.9
HDFCLIFE,Mar-13,Life Insurance,interest_coverage,483.54,94.12
HDFCLIFE,Mar-13,Life Insurance,asset_turnover,0.34,88.1
HDFCLIFE,Mar-13,Life Insurance,free_cash_flow_cr,,
HDFCLIFE,Mar-13,Life Insurance,revenue_cagr_5yr,,
HDFCLIFE,Mar-13,Life Insurance,pat_cagr_5yr,,
HDFCLIFE,Mar-13,Life Insurance,composite_quality_score,32.68,73.81
HDFCLIFE,Mar-14,Life Insurance,return_on_equity_pct,37.6,85.71
HDFCLIFE,Mar-14,Life Insurance,return_on_capital_employed_pct,858.97,95.24
HDFCLIFE,Mar-14,Life Insurance,net_profit_margin_pct,4.22,70.24
HDFCLIFE,Mar-14,Life Insurance,debt_to_equity,0,61.9
HDFCLIFE,Mar-14,Life Insurance,interest_coverage,68.73,26.47
HDFCLIFE,Mar-14,Life Insurance,asset_turnover,0.33,82.14
HDFCLIFE,Mar-14,Life Insurance,free_cash_flow_cr,,
HDFCLIFE,Mar-14,Life Insurance,revenue_cagr_5yr,,
HDFCLIFE,Mar-14,Life Insurance,pat_cagr_5yr,,
HDFCLIFE,Mar-14,Life Insurance,composite_quality_score,34.33,85.71
HDFCLIFE,Mar-15,Life Insurance,return_on_equity_pct,30.93,71.43
HDFCLIFE,Mar-15,Life Insurance,return_on_capital_employed_pct,1036.64,100
HDFCLIFE,Mar-15,Life Insurance,net_profit_margin_pct,2.89,44.05
HDFCLIFE,Mar-15,Life Insurance,debt_to_equity,0,61.9
HDFCLIFE,Mar-15,Life Insurance,interest_coverage,333.47,88.24
HDFCLIFE,Mar-15,Life Insurance,asset_turnover,0.39,97.62
HDFCLIFE,Mar-15,Life Insurance,free_cash_flow_cr,945,52.5
HDFCLIFE,Mar-15,Life Insurance,revenue_cagr_5yr,,
HDFCLIFE,Mar-15,Life Insurance,pat_cagr_5yr,,
HDFCLIFE,Mar-15,Life Insurance,composite_quality_score,31.79,60.71
HDFCLIFE,Mar-16,Life Insurance,return_on_equity_pct,26.33,69.05
HDFCLIFE,Mar-16,Life Insurance,return_on_capital_employed_pct,553.88,64.29
HDFCLIFE,Mar-16,Life Insurance,net_profit_margin_pct,4.5,83.33
HDFCLIFE,Mar-16,Life Insurance,debt_to_equity,0,61.9
HDFCLIFE,Mar-16,Life Insurance,interest_coverage,159.19,44.12
HDFCLIFE,Mar-16,Life Insurance,asset_turnover,0.24,28.57
HDFCLIFE,Mar-16,Life Insurance,free_cash_flow_cr,1725,65
HDFCLIFE,Mar-16,Life Insurance,revenue_cagr_5yr,,
HDFCLIFE,Mar-16,Life Insurance,pat_cagr_5yr,,
HDFCLIFE,Mar-16,Life Insurance,composite_quality_score,30.36,50
HDFCLIFE,Mar-17,Life Insurance,return_on_equity_pct,23.18,59.52
HDFCLIFE,Mar-17,Life Insurance,return_on_capital_employed_pct,775.59,90.48
HDFCLIFE,Mar-17,Life Insurance,net_profit_margin_pct,2.89,44.05
HDFCLIFE,Mar-17,Life Insurance,debt_to_equity,0,61.9
HDFCLIFE,Mar-17,Life Insurance,interest_coverage,213.5,61.76
HDFCLIFE,Mar-17,Life Insurance,asset_turnover,0.32,77.38
HDFCLIFE,Mar-17,Life Insurance,free_cash_flow_cr,1053,57.5
HDFCLIFE,Mar-17,Life Insurance,revenue_cagr_5yr,,
HDFCLIFE,Mar-17,Life Insurance,pat_cagr_5yr,,
HDFCLIFE,Mar-17,Life Insurance,composite_quality_score,29.01,35.71
HDFCLIFE,Mar-18,Life Insurance,return_on_equity_pct,23.53,61.9
HDFCLIFE,Mar-18,Life Insurance,return_on_capital_employed_pct,662.83,80.95
HDFCLIFE,Mar-18,Life Insurance,net_profit_margin_pct,3.43,61.9
HDFCLIFE,Mar-18,Life Insurance,debt_to_equity,0,61.9
HDFCLIFE,Mar-18,Life Insurance,interest_coverage,110.6,35.29
HDFCLIFE,Mar-18,Life Insurance,asset_turnover,0.29,58.33
HDFCLIFE,Mar-18,Life Insurance,free_cash_flow_cr,2318,72.5
HDFCLIFE,Mar-18,Life Insurance,revenue_cagr_5yr,18.07,63.64
HDFCLIFE,Mar-18,Life Insurance,pat_cagr_5yr,19.89,95.45
HDFCLIFE,Mar-18,Life Insurance,composite_quality_score,33.91,80.95
HDFCLIFE,Mar-19,Life Insurance,return_on_equity_pct,22.65,54.76
HDFCLIFE,Mar-19,Life Insurance,return_on_capital_employed_pct,667.14,83.33
HDFCLIFE,Mar-19,Life Insurance,net_profit_margin_pct,3.29,57.14
HDFCLIFE,Mar-19,Life Insurance,debt_to_equity,0,61.9
HDFCLIFE,Mar-19,Life Insurance,interest_coverage,276.79,79.41
HDFCLIFE,Mar-19,Life Insurance,asset_turnover,0.3,67.86
HDFCLIFE,Mar-19,Life Insurance,free_cash_flow_cr,-314,32.5
HDFCLIFE,Mar-19,Life Insurance,revenue_cagr_5yr,17.75,54.55
HDFCLIFE,Mar-19,Life Insurance,pat_cagr_5yr,12.01,81.82
HDFCLIFE,Mar-19,Life Insurance,composite_quality_score,32.75,76.19
HDFCLIFE,Mar-20,Life Insurance,return_on_equity_pct,19.05,47.62
HDFCLIFE,Mar-20,Life Insurance,return_on_capital_employed_pct,414.85,52.38
HDFCLIFE,Mar-20,Life Insurance,net_profit_margin_pct,4.41,78.57
HDFCLIFE,Mar-20,Life Insurance,debt_to_equity,0,61.9
HDFCLIFE,Mar-20,Life Insurance,interest_coverage,76.54,29.41
HDFCLIFE,Mar-20,Life Insurance,asset_turnover,0.22,23.81
HDFCLIFE,Mar-20,Life Insurance,free_cash_flow_cr,-401,30
HDFCLIFE,Mar-20,Life Insurance,revenue_cagr_5yr,1.54,9.09
HDFCLIFE,Mar-20,Life Insurance,pat_cagr_5yr,10.54,63.64
HDFCLIFE,Mar-20,Life Insurance,composite_quality_score,29.05,38.1
HDFCLIFE,Mar-21,Life Insurance,return_on_equity_pct,15.75,30.95
HDFCLIFE,Mar-21,Life Insurance,return_on_capital_employed_pct,760.76,88.1
HDFCLIFE,Mar-21,Life Insurance,net_profit_margin_pct,1.9,30.95
HDFCLIFE,Mar-21,Life Insurance,debt_to_equity,0.07,17.86
HDFCLIFE,Mar-21,Life Insurance,interest_coverage,157.97,38.24
HDFCLIFE,Mar-21,Life Insurance,asset_turnover,0.4,100
HDFCLIFE,Mar-21,Life Insurance,free_cash_flow_cr,751,45
HDFCLIFE,Mar-21,Life Insurance,revenue_cagr_5yr,31.57,90.91
HDFCLIFE,Mar-21,Life Insurance,pat_cagr_5yr,10.75,68.18
HDFCLIFE,Mar-21,Life Insurance,composite_quality_score,31.96,64.29
HDFCLIFE,Mar-22,Life Insurance,return_on_equity_pct,8.5,9.52
HDFCLIFE,Mar-22,Life Insurance,return_on_capital_employed_pct,409.2,50
HDFCLIFE,Mar-22,Life Insurance,net_profit_margin_pct,1.98,35.71
HDFCLIFE,Mar-22,Life Insurance,debt_to_equity,0.04,23.81
HDFCLIFE,Mar-22,Life Insurance,interest_coverage,86.62,32.35
HDFCLIFE,Mar-22,Life Insurance,asset_turnover,0.29,58.33
HDFCLIFE,Mar-22,Life Insurance,free_cash_flow_cr,5142,90
HDFCLIFE,Mar-22,Life Insurance,revenue_cagr_5yr,16.98,50
HDFCLIFE,Mar-22,Life Insurance,pat_cagr_5yr,8.39,50
HDFCLIFE,Mar-22,Life Insurance,composite_quality_score,26.97,14.29
HDFCLIFE,Mar-23,Life Insurance,return_on_equity_pct,10.53,14.29
HDFCLIFE,Mar-23,Life Insurance,return_on_capital_employed_pct,502.95,61.9
HDFCLIFE,Mar-23,Life Insurance,net_profit_margin_pct,1.95,33.33
HDFCLIFE,Mar-23,Life Insurance,debt_to_equity,0.07,17.86
HDFCLIFE,Mar-23,Life Insurance,interest_coverage,48.8,17.65
HDFCLIFE,Mar-23,Life Insurance,asset_turnover,0.28,51.19
HDFCLIFE,Mar-23,Life Insurance,free_cash_flow_cr,-3188,2.5
HDFCLIFE,Mar-23,Life Insurance,revenue_cagr_5yr,16.83,40.91
HDFCLIFE,Mar-23,Life Insurance,pat_cagr_5yr,4.32,40.91
HDFCLIFE,Mar-23,Life Insurance,composite_quality_score,27.17,16.67
HDFCLIFE,Mar-24,Life Insurance,return_on_equity_pct,10.73,16.67
HDFCLIFE,Mar-24,Life Insurance,return_on_capital_employed_pct,646.46,78.57
HDFCLIFE,Mar-24,Life Insurance,net_profit_margin_pct,1.55,21.43
HDFCLIFE,Mar-24,Life Insurance,debt_to_equity,0.06,21.43
HDFCLIFE,Mar-24,Life Insurance,interest_coverage,192.29,52.94
HDFCLIFE,Mar-24,Life Insurance,asset_turnover,0.34,88.1
HDFCLIFE,Mar-24,Life Insurance,free_cash_flow_cr,-2893,5
HDFCLIFE,Mar-24,Life Insurance,revenue_cagr_5yr,21.17,77.27
HDFCLIFE,Mar-24,Life Insurance,pat_cagr_5yr,4.25,36.36
HDFCLIFE,Mar-24,Life Insurance,composite_quality_score,27.89,23.81
ICICIPRULI,Mar-13,Life Insurance,return_on_equity_pct,38.25,88.1
ICICIPRULI,Mar-13,Life Insurance,return_on_capital_employed_pct,486.75,59.52
ICICIPRULI,Mar-13,Life Insurance,net_profit_margin_pct,7.57,97.62
ICICIPRULI,Mar-13,Life Insurance,debt_to_equity,0,61.9
ICICIPRULI,Mar-13,Life Insurance,interest_coverage,21.43,11.76
ICICIPRULI,Mar-13,Life Insurance,asset_turnover,0.27,42.86
ICICIPRULI,Mar-13,Life Insurance,free_cash_flow_cr,-1077,20
ICICIPRULI,Mar-13,Life Insurance,revenue_cagr_5yr,,
ICICIPRULI,Mar-13,Life Insurance,pat_cagr_5yr,,
ICICIPRULI,Mar-13,Life Insurance,composite_quality_score,35.17,88.1
ICICIPRULI,Mar-14,Life Insurance,return_on_equity_pct,35.61,80.95
ICICIPRULI,Mar-14,Life Insurance,return_on_capital_employed_pct,465.07,57.14
ICICIPRULI,Mar-14,Life Insurance,net_profit_margin_pct,7.13,95.24
ICICIPRULI,Mar-14,Life Insurance,debt_to_equity,0,61.9
ICICIPRULI,Mar-14,Life Insurance,interest_coverage,158.07,41.18
ICICIPRULI,Mar-14,Life Insurance,asset_turnover,0.27,42.86
ICICIPRULI,Mar-14,Life Insurance,free_cash_flow_cr,3630,80
ICICIPRULI,Mar-14,Life Insurance,revenue_cagr_5yr,,
ICICIPRULI,Mar-14,Life Insurance,pat_cagr_5yr,,
ICICIPRULI,Mar-14,Life Insurance,composite_quality_score,34.16,83.33
ICICIPRULI,Mar-15,Life Insurance,return_on_equity_pct,31.15,76.19
ICICIPRULI,Mar-15,Life Insurance,return_on_capital_employed_pct,622.94,73.81
ICICIPRULI,Mar-15,Life Insurance,net_profit_margin_pct,4.76,88.1
ICICIPRULI,Mar-15,Life Insurance,debt_to_equity,0,61.9
ICICIPRULI,Mar-15,Life Insurance,interest_coverage,762.86,100
ICICIPRULI,Mar-15,Life Insurance,asset_turnover,0.34,88.1
ICICIPRULI,Mar-15,Life Insurance,free_cash_flow_cr,-1299,17.5
ICICIPRULI,Mar-15,Life Insurance,revenue_cagr_5yr,,
ICICIPRULI,Mar-15,Life Insurance,pat_cagr_5yr,,
ICICIPRULI,Mar-15,Life Insurance,composite_quality_score,32.19,69.05
ICICIPRULI,Mar-16,Life Insurance,return_on_equity_pct,31,73.81
ICICIPRULI,Mar-16,Life Insurance,return_on_capital_employed_pct,299.24,47.62
ICICIPRULI,Mar-16,Life Insurance,net_profit_margin_pct,7.91,100
ICICIPRULI,Mar-16,Life Insurance,debt_to_equity,0.19,4.76
ICICIPRULI,Mar-16,Life Insurance,interest_coverage,,
ICICIPRULI,Mar-16,Life Insurance,asset_turnover,0.2,20.24
ICICIPRULI,Mar-16,Life Insurance,free_cash_flow_cr,3661,82.5
ICICIPRULI,Mar-16,Life Insurance,revenue_cagr_5yr,,
ICICIPRULI,Mar-16,Life Insurance,pat_cagr_5yr,,
ICICIPRULI,Mar-16,Life Insurance,composite_quality_score,32.25,71.43
ICICIPRULI,Mar-17,Life Insurance,return_on_equity_pct,26.26,66.67
ICICIPRULI,Mar-17,Life Insurance,return_on_capital_employed_pct,562.13,66.67
ICICIPRULI,Mar-17,Life Insurance,net_profit_margin_pct,4.45,80.95
ICICIPRULI,Mar-17,Life Insurance,debt_to_equity,0,61.9
ICICIPRULI,Mar-17,Life Insurance,interest_coverage,277.04,82.35
ICICIPRULI,Mar-17,Life Insurance,asset_turnover,0.3,67.86
ICICIPRULI,Mar-17,Life Insurance,free_cash_flow_cr,3434,77.5
ICICIPRULI,Mar-17,Life Insurance,revenue_cagr_5yr,,
ICICIPRULI,Mar-17,Life Insurance,pat_cagr_5yr,,
ICICIPRULI,Mar-17,Life Insurance,composite_quality_score,30.38,52.38
ICICIPRULI,Mar-18,Life Insurance,return_on_equity_pct,24.63,64.29
ICICIPRULI,Mar-18,Life Insurance,return_on_capital_employed_pct,563.77,69.05
ICICIPRULI,Mar-18,Life Insurance,net_profit_margin_pct,4.17,66.67
ICICIPRULI,Mar-18,Life Insurance,debt_to_equity,0,61.9
ICICIPRULI,Mar-18,Life Insurance,interest_coverage,280.81,85.29
ICICIPRULI,Mar-18,Life Insurance,asset_turnover,0.27,42.86
ICICIPRULI,Mar-18,Life Insurance,free_cash_flow_cr,301,42.5
ICICIPRULI,Mar-18,Life Insurance,revenue_cagr_5yr,14.16,36.36
ICICIPRULI,Mar-18,Life Insurance,pat_cagr_5yr,1.34,31.82
ICICIPRULI,Mar-18,Life Insurance,composite_quality_score,31.98,66.67
ICICIPRULI,Mar-19,Life Insurance,return_on_equity_pct,16.58,35.71
ICICIPRULI,Mar-19,Life Insurance,return_on_capital_employed_pct,595.58,71.43
ICICIPRULI,Mar-19,Life Insurance,net_profit_margin_pct,2.75,40.48
ICICIPRULI,Mar-19,Life Insurance,debt_to_equity,0,61.9
ICICIPRULI,Mar-19,Life Insurance,interest_coverage,50.34,23.53
ICICIPRULI,Mar-19,Life Insurance,asset_turnover,0.25,30.95
ICICIPRULI,Mar-19,Life Insurance,free_cash_flow_cr,3818,85
ICICIPRULI,Mar-19,Life Insurance,revenue_cagr_5yr,13.63,31.82
ICICIPRULI,Mar-19,Life Insurance,pat_cagr_5yr,-6.11,22.73
ICICIPRULI,Mar-19,Life Insurance,composite_quality_score,28.04,26.19
ICICIPRULI,Mar-20,Life Insurance,return_on_equity_pct,14.79,28.57
ICICIPRULI,Mar-20,Life Insurance,return_on_capital_employed_pct,295.91,45.24
ICICIPRULI,Mar-20,Life Insurance,net_profit_margin_pct,5.07,92.86
ICICIPRULI,Mar-20,Life Insurance,debt_to_equity,0,61.9
ICICIPRULI,Mar-20,Life Insurance,interest_coverage,13.52,2.94
ICICIPRULI,Mar-20,Life Insurance,asset_turnover,0.13,2.38
ICICIPRULI,Mar-20,Life Insurance,free_cash_flow_cr,-2201,7.5
ICICIPRULI,Mar-20,Life Insurance,revenue_cagr_5yr,-9.41,4.55
ICICIPRULI,Mar-20,Life Insurance,pat_cagr_5yr,-8.24,18.18
ICICIPRULI,Mar-20,Life Insurance,composite_quality_score,24.09,7.14
ICICIPRULI,Mar-21,Life Insurance,return_on_equity_pct,10.5,11.9
ICICIPRULI,Mar-21,Life Insurance,return_on_capital_employed_pct,810.67,92.86
ICICIPRULI,Mar-21,Life Insurance,net_profit_margin_pct,1.15,14.29
ICICIPRULI,Mar-21,Life Insurance,debt_to_equity,0.13,8.33
ICICIPRULI,Mar-21,Life Insurance,interest_coverage,50.07,20.59
ICICIPRULI,Mar-21,Life Insurance,asset_turnover,0.38,95.24
ICICIPRULI,Mar-21,Life Insurance,free_cash_flow_cr,2230,67.5
ICICIPRULI,Mar-21,Life Insurance,revenue_cagr_5yr,31.88,95.45
ICICIPRULI,Mar-21,Life Insurance,pat_cagr_5yr,-10.34,13.64
ICICIPRULI,Mar-21,Life Insurance,composite_quality_score,27.77,21.43
ICICIPRULI,Mar-22,Life Insurance,return_on_equity_pct,8.29,7.14
ICICIPRULI,Mar-22,Life Insurance,return_on_capital_employed_pct,634.56,76.19
ICICIPRULI,Mar-22,Life Insurance,net_profit_margin_pct,1.19,16.67
ICICIPRULI,Mar-22,Life Insurance,debt_to_equity,0.13,8.33
ICICIPRULI,Mar-22,Life Insurance,interest_coverage,20.6,8.82
ICICIPRULI,Mar-22,Life Insurance,asset_turnover,0.26,35.71
ICICIPRULI,Mar-22,Life Insurance,free_cash_flow_cr,1015,55
ICICIPRULI,Mar-22,Life Insurance,revenue_cagr_5yr,10.94,22.73
ICICIPRULI,Mar-22,Life Insurance,pat_cagr_5yr,-14.71,4.55
ICICIPRULI,Mar-22,Life Insurance,composite_quality_score,23.31,4.76
ICICIPRULI,Mar-23,Life Insurance,return_on_equity_pct,8.06,4.76
ICICIPRULI,Mar-23,Life Insurance,return_on_capital_employed_pct,462.67,54.76
ICICIPRULI,Mar-23,Life Insurance,net_profit_margin_pct,1.61,23.81
ICICIPRULI,Mar-23,Life Insurance,debt_to_equity,0.12,11.9
ICICIPRULI,Mar-23,Life Insurance,interest_coverage,17.86,5.88
ICICIPRULI,Mar-23,Life Insurance,asset_turnover,0.2,20.24
ICICIPRULI,Mar-23,Life Insurance,free_cash_flow_cr,-1056,22.5
ICICIPRULI,Mar-23,Life Insurance,revenue_cagr_5yr,5.39,13.64
ICICIPRULI,Mar-23,Life Insurance,pat_cagr_5yr,-12.87,9.09
ICICIPRULI,Mar-23,Life Insurance,composite_quality_score,22.62,2.38
ICICIPRULI,Mar-24,Life Insurance,return_on_equity_pct,7.73,2.38
ICICIPRULI,Mar-24,Life Insurance,return_on_capital_employed_pct,754.9,85.71
ICICIPRULI,Mar-24,Life Insurance,net_profit_margin_pct,0.94,11.9
ICICIPRULI,Mar-24,Life Insurance,debt_to_equity,0.11,14.29
ICICIPRULI,Mar-24,Life Insurance,interest_coverage,31.02,14.71
ICICIPRULI,Mar-24,Life Insurance,asset_turnover,0.3,67.86
ICICIPRULI,Mar-24,Life Insurance,free_cash_flow_cr,105,37.5
ICICIPRULI,Mar-24,Life Insurance,revenue_cagr_5yr,16.85,45.45
ICICIPRULI,Mar-24,Life Insurance,pat_cagr_5yr,-5.66,27.27
ICICIPRULI,Mar-24,Life Insurance,composite_quality_score,24.94,9.52
LICI,Mar-19,Life Insurance,return_on_equity_pct,324.32,100
LICI,Mar-19,Life Insurance,return_on_capital_employed_pct,2.19,11.9
LICI,Mar-19,Life Insurance,net_profit_margin_pct,0.46,7.14
LICI,Mar-19,Life Insurance,debt_to_equity,332.59,0
LICI,Mar-19,Life Insurance,interest_coverage,,
LICI,Mar-19,Life Insurance,asset_turnover,0.17,9.52
LICI,Mar-19,Life Insurance,free_cash_flow_cr,22910,97.5
LICI,Mar-19,Life Insurance,revenue_cagr_5yr,,
LICI,Mar-19,Life Insurance,pat_cagr_5yr,,
LICI,Mar-19,Life Insurance,composite_quality_score,113.77,100
LICI,Mar-20,Life Insurance,return_on_equity_pct,270.46,97.62
LICI,Mar-20,Life Insurance,return_on_capital_employed_pct,-2.73,4.76
LICI,Mar-20,Life Insurance,net_profit_margin_pct,0.43,3.57
LICI,Mar-20,Life Insurance,debt_to_equity,252.91,2.38
LICI,Mar-20,Life Insurance,interest_coverage,,
LICI,Mar-20,Life Insurance,asset_turnover,0.18,15.48
LICI,Mar-20,Life Insurance,free_cash_flow_cr,13952,95
LICI,Mar-20,Life Insurance,revenue_cagr_5yr,,
LICI,Mar-20,Life Insurance,pat_cagr_5yr,,
LICI,Mar-20,Life Insurance,composite_quality_score,94.93,97.62
LICI,Mar-21,Life Insurance,return_on_equity_pct,43.2,90.48
LICI,Mar-21,Life Insurance,return_on_capital_employed_pct,-3.66,2.38
LICI,Mar-21,Life Insurance,net_profit_margin_pct,0.43,3.57
LICI,Mar-21,Life Insurance,debt_to_equity,0,61.9
LICI,Mar-21,Life Insurance,interest_coverage,,
LICI,Mar-21,Life Insurance,asset_turnover,0.18,15.48
LICI,Mar-21,Life Insurance,free_cash_flow_cr,229049,100
LICI,Mar-21,Life Insurance,revenue_cagr_5yr,,
LICI,Mar-21,Life Insurance,pat_cagr_5yr,,
LICI,Mar-21,Life Insurance,composite_quality_score,35.39,90.48
LICI,Mar-22,Life Insurance,return_on_equity_pct,36.38,83.33
LICI,Mar-22,Life Insurance,return_on_capital_employed_pct,29.33,38.1
LICI,Mar-22,Life Insurance,net_profit_margin_pct,0.57,9.52
LICI,Mar-22,Life Insurance,debt_to_equity,0,61.9
LICI,Mar-22,Life Insurance,interest_coverage,,
LICI,Mar-22,Life Insurance,asset_turnover,0.17,9.52
LICI,Mar-22,Life Insurance,free_cash_flow_cr,8748,92.5
LICI,Mar-22,Life Insurance,revenue_cagr_5yr,,
LICI,Mar-22,Life Insurance,pat_cagr_5yr,,
LICI,Mar-22,Life Insurance,composite_quality_score,33.02,78.57
LICI,Mar-23,Life Insurance,return_on_equity_pct,77.86,95.24
LICI,Mar-23,Life Insurance,return_on_capital_employed_pct,73.99,42.86
LICI,Mar-23,Life Insurance,net_profit_margin_pct,4.59,85.71
LICI,Mar-23,Life Insurance,debt_to_equity,0,61.9
LICI,Mar-23,Life Insurance,interest_coverage,545.55,97.06
LICI,Mar-23,Life Insurance,asset_turnover,0.17,9.52
LICI,Mar-23,Life Insurance,free_cash_flow_cr,1671,62.5
LICI,Mar-23,Life Insurance,revenue_cagr_5yr,,
LICI,Mar-23,Life Insurance,pat_cagr_5yr,,
LICI,Mar-23,Life Insurance,composite_quality_score,48.34,95.24
LICI,Mar-24,Life Insurance,return_on_equity_pct,49.45,92.86
LICI,Mar-24,Life Insurance,return_on_capital_employed_pct,39.61,40.48
LICI,Mar-24,Life Insurance,net_profit_margin_pct,4.84,90.48
LICI,Mar-24,Life Insurance,debt_to_equity,0,61.9
LICI,Mar-24,Life Insurance,interest_coverage,371.94,91.18
LICI,Mar-24,Life Insurance,asset_turnover,0.16,4.76
LICI,Mar-24,Life Insurance,free_cash_flow_cr,853,47.5
LICI,Mar-24,Life Insurance,revenue_cagr_5yr,8.16,18.18
LICI,Mar-24,Life Insurance,pat_cagr_5yr,73.18,100
LICI,Mar-24,Life Insurance,composite_quality_score,46.98,92.86
SBILIFE,Mar-13,Life Insurance,return_on_equity_pct,23.03,57.14
SBILIFE,Mar-13,Life Insurance,return_on_capital_employed_pct,15.61,23.81
SBILIFE,Mar-13,Life Insurance,net_profit_margin_pct,4.24,73.81
SBILIFE,Mar-13,Life Insurance,debt_to_equity,0,61.9
SBILIFE,Mar-13,Life Insurance,interest_coverage,179.75,50
SBILIFE,Mar-13,Life Insurance,asset_turnover,0.28,51.19
SBILIFE,Mar-13,Life Insurance,free_cash_flow_cr,903,50
SBILIFE,Mar-13,Life Insurance,revenue_cagr_5yr,,
SBILIFE,Mar-13,Life Insurance,pat_cagr_5yr,,
SBILIFE,Mar-13,Life Insurance,composite_quality_score,29.19,40.48
SBILIFE,Mar-14,Life Insurance,return_on_equity_pct,21.69,52.38
SBILIFE,Mar-14,Life Insurance,return_on_capital_employed_pct,15.23,19.05
SBILIFE,Mar-14,Life Insurance,net_profit_margin_pct,4.22,70.24
SBILIFE,Mar-14,Life Insurance,debt_to_equity,0,61.9
SBILIFE,Mar-14,Life Insurance,interest_coverage,171,47.06
SBILIFE,Mar-14,Life Insurance,asset_turnover,0.28,51.19
SBILIFE,Mar-14,Life Insurance,free_cash_flow_cr,-542,25
SBILIFE,Mar-14,Life Insurance,revenue_cagr_5yr,,
SBILIFE,Mar-14,Life Insurance,pat_cagr_5yr,,
SBILIFE,Mar-14,Life Insurance,composite_quality_score,28.72,30.95
SBILIFE,Mar-15,Life Insurance,return_on_equity_pct,20.09,50
SBILIFE,Mar-15,Life Insurance,return_on_capital_employed_pct,19.58,33.33
SBILIFE,Mar-15,Life Insurance,net_profit_margin_pct,3.48,64.29
SBILIFE,Mar-15,Life Insurance,debt_to_equity,0,61.9
SBILIFE,Mar-15,Life Insurance,interest_coverage,244.25,73.53
SBILIFE,Mar-15,Life Insurance,asset_turnover,0.32,77.38
SBILIFE,Mar-15,Life Insurance,free_cash_flow_cr,2533,75
SBILIFE,Mar-15,Life Insurance,revenue_cagr_5yr,,
SBILIFE,Mar-15,Life Insurance,pat_cagr_5yr,,
SBILIFE,Mar-15,Life Insurance,composite_quality_score,28.05,28.57
SBILIFE,Mar-16,Life Insurance,return_on_equity_pct,17.83,45.24
SBILIFE,Mar-16,Life Insurance,return_on_capital_employed_pct,19.44,28.57
SBILIFE,Mar-16,Life Insurance,net_profit_margin_pct,4.37,76.19
SBILIFE,Mar-16,Life Insurance,debt_to_equity,0,61.9
SBILIFE,Mar-16,Life Insurance,interest_coverage,209.8,58.82
SBILIFE,Mar-16,Life Insurance,asset_turnover,0.23,26.19
SBILIFE,Mar-16,Life Insurance,free_cash_flow_cr,-1426,15
SBILIFE,Mar-16,Life Insurance,revenue_cagr_5yr,,
SBILIFE,Mar-16,Life Insurance,pat_cagr_5yr,,
SBILIFE,Mar-16,Life Insurance,composite_quality_score,27.34,19.05
SBILIFE,Mar-17,Life Insurance,return_on_equity_pct,17.2,38.1
SBILIFE,Mar-17,Life Insurance,return_on_capital_employed_pct,19.24,26.19
SBILIFE,Mar-17,Life Insurance,net_profit_margin_pct,3.13,50
SBILIFE,Mar-17,Life Insurance,debt_to_equity,0,61.9
SBILIFE,Mar-17,Life Insurance,interest_coverage,241.4,70.59
SBILIFE,Mar-17,Life Insurance,asset_turnover,0.3,67.86
SBILIFE,Mar-17,Life Insurance,free_cash_flow_cr,-507,27.5
SBILIFE,Mar-17,Life Insurance,revenue_cagr_5yr,,
SBILIFE,Mar-17,Life Insurance,pat_cagr_5yr,,
SBILIFE,Mar-17,Life Insurance,composite_quality_score,26.95,11.9
SBILIFE,Mar-18,Life Insurance,return_on_equity_pct,17.62,42.86
SBILIFE,Mar-18,Life Insurance,return_on_capital_employed_pct,20.4,35.71
SBILIFE,Mar-18,Life Insurance,net_profit_margin_pct,3.38,59.52
SBILIFE,Mar-18,Life Insurance,debt_to_equity,0,61.9
SBILIFE,Mar-18,Life Insurance,interest_coverage,248,76.47
SBILIFE,Mar-18,Life Insurance,asset_turnover,0.28,51.19
SBILIFE,Mar-18,Life Insurance,free_cash_flow_cr,1485,60
SBILIFE,Mar-18,Life Insurance,revenue_cagr_5yr,18.03,59.09
SBILIFE,Mar-18,Life Insurance,pat_cagr_5yr,12.79,90.91
SBILIFE,Mar-18,Life Insurance,composite_quality_score,31.11,54.76
SBILIFE,Mar-19,Life Insurance,return_on_equity_pct,17.52,40.48
SBILIFE,Mar-19,Life Insurance,return_on_capital_employed_pct,19.46,30.95
SBILIFE,Mar-19,Life Insurance,net_profit_margin_pct,2.98,47.62
SBILIFE,Mar-19,Life Insurance,debt_to_equity,0,61.9
SBILIFE,Mar-19,Life Insurance,interest_coverage,217.5,64.71
SBILIFE,Mar-19,Life Insurance,asset_turnover,0.3,67.86
SBILIFE,Mar-19,Life Insurance,free_cash_flow_cr,-79,35
SBILIFE,Mar-19,Life Insurance,revenue_cagr_5yr,20.91,72.73
SBILIFE,Mar-19,Life Insurance,pat_cagr_5yr,12.76,86.36
SBILIFE,Mar-19,Life Insurance,composite_quality_score,31.44,57.14
SBILIFE,Mar-20,Life Insurance,return_on_equity_pct,16.26,33.33
SBILIFE,Mar-20,Life Insurance,return_on_capital_employed_pct,15.45,21.43
SBILIFE,Mar-20,Life Insurance,net_profit_margin_pct,3.25,54.76
SBILIFE,Mar-20,Life Insurance,debt_to_equity,0,61.9
SBILIFE,Mar-20,Life Insurance,interest_coverage,,
SBILIFE,Mar-20,Life Insurance,asset_turnover,0.26,35.71
SBILIFE,Mar-20,Life Insurance,free_cash_flow_cr,2313,70
SBILIFE,Mar-20,Life Insurance,revenue_cagr_5yr,13.36,27.27
SBILIFE,Mar-20,Life Insurance,pat_cagr_5yr,11.78,77.27
SBILIFE,Mar-20,Life Insurance,composite_quality_score,29.78,47.62
SBILIFE,Mar-21,Life Insurance,return_on_equity_pct,14,26.19
SBILIFE,Mar-21,Life Insurance,return_on_capital_employed_pct,8.38,16.67
SBILIFE,Mar-21,Life Insurance,net_profit_margin_pct,1.78,26.19
SBILIFE,Mar-21,Life Insurance,debt_to_equity,0,61.9
SBILIFE,Mar-21,Life Insurance,interest_coverage,,
SBILIFE,Mar-21,Life Insurance,asset_turnover,0.36,92.86
SBILIFE,Mar-21,Life Insurance,free_cash_flow_cr,4675,87.5
SBILIFE,Mar-21,Life Insurance,revenue_cagr_5yr,33.49,100
SBILIFE,Mar-21,Life Insurance,pat_cagr_5yr,11.52,72.73
SBILIFE,Mar-21,Life Insurance,composite_quality_score,31.79,60.71
SBILIFE,Mar-22,Life Insurance,return_on_equity_pct,12.96,21.43
SBILIFE,Mar-22,Life Insurance,return_on_capital_employed_pct,6.28,14.29
SBILIFE,Mar-22,Life Insurance,net_profit_margin_pct,1.81,28.57
SBILIFE,Mar-22,Life Insurance,debt_to_equity,0,61.9
SBILIFE,Mar-22,Life Insurance,interest_coverage,,
SBILIFE,Mar-22,Life Insurance,asset_turnover,0.3,67.86
SBILIFE,Mar-22,Life Insurance,free_cash_flow_cr,241,40
SBILIFE,Mar-22,Life Insurance,revenue_cagr_5yr,22.12,81.82
SBILIFE,Mar-22,Life Insurance,pat_cagr_5yr,9.54,59.09
SBILIFE,Mar-22,Life Insurance,composite_quality_score,29.47,45.24
SBILIFE,Mar-23,Life Insurance,return_on_equity_pct,13.22,23.81
SBILIFE,Mar-23,Life Insurance,return_on_capital_employed_pct,0.94,7.14
SBILIFE,Mar-23,Life Insurance,net_profit_margin_pct,2.13,38.1
SBILIFE,Mar-23,Life Insurance,debt_to_equity,0,61.9
SBILIFE,Mar-23,Life Insurance,interest_coverage,198.4,55.88
SBILIFE,Mar-23,Life Insurance,asset_turnover,0.26,35.71
SBILIFE,Mar-23,Life Insurance,free_cash_flow_cr,-1547,12.5
SBILIFE,Mar-23,Life Insurance,revenue_cagr_5yr,18.81,68.18
SBILIFE,Mar-23,Life Insurance,pat_cagr_5yr,8.4,54.55
SBILIFE,Mar-23,Life Insurance,composite_quality_score,28.97,33.33
SBILIFE,Mar-24,Life Insurance,return_on_equity_pct,12.7,19.05
SBILIFE,Mar-24,Life Insurance,return_on_capital_employed_pct,1.65,9.52
SBILIFE,Mar-24,Life Insurance,net_profit_margin_pct,1.43,19.05
SBILIFE,Mar-24,Life Insurance,debt_to_equity,0,61.9
SBILIFE,Mar-24,Life Insurance,interest_coverage,240.33,67.65
SBILIFE,Mar-24,Life Insurance,asset_turnover,0.33,82.14
SBILIFE,Mar-24,Life Insurance,free_cash_flow_cr,-2099,10
SBILIFE,Mar-24,Life Insurance,revenue_cagr_5yr,24.23,86.36
SBILIFE,Mar-24,Life Insurance,pat_cagr_5yr,7.37,45.45
SBILIFE,Mar-24,Life Insurance,composite_quality_score,29.43,42.86
BPCL,Mar-13,Oil & Gas,return_on_equity_pct,11.54,45
BPCL,Mar-13,Oil & Gas,return_on_capital_employed_pct,13.44,41.67
BPCL,Mar-13,Oil & Gas,net_profit_margin_pct,0.8,6.67
BPCL,Mar-13,Oil & Gas,debt_to_equity,1.98,0
BPCL,Mar-13,Oil & Gas,interest_coverage,3.26,5
BPCL,Mar-13,Oil & Gas,asset_turnover,3.04,100
BPCL,Mar-13,Oil & Gas,free_cash_flow_cr,2322,43.33
BPCL,Mar-13,Oil & Gas,revenue_cagr_5yr,,
BPCL,Mar-13,Oil & Gas,pat_cagr_5yr,,
BPCL,Mar-13,Oil & Gas,composite_quality_score,23.28,13.33
BPCL,Mar-14,Oil & Gas,return_on_equity_pct,20.85,85
BPCL,Mar-14,Oil & Gas,return_on_capital_employed_pct,17.9,65
BPCL,Mar-14,Oil & Gas,net_profit_margin_pct,1.53,15
BPCL,Mar-14,Oil & Gas,debt_to_equity,1.71,3.33
BPCL,Mar-14,Oil & Gas,interest_coverage,5.43,18.33
BPCL,Mar-14,Oil & Gas,asset_turnover,2.99,98.33
BPCL,Mar-14,Oil & Gas,free_cash_flow_cr,2707,45
BPCL,Mar-14,Oil & Gas,revenue_cagr_5yr,,
BPCL,Mar-14,Oil & Gas,pat_cagr_5yr,,
BPCL,Mar-14,Oil & Gas,composite_quality_score,27.17,46.67
BPCL,Mar-15,Oil & Gas,return_on_equity_pct,22.52,90
BPCL,Mar-15,Oil & Gas,return_on_capital_employed_pct,20.35,76.67
BPCL,Mar-15,Oil & Gas,net_profit_margin_pct,2.09,16.67
BPCL,Mar-15,Oil & Gas,debt_to_equity,1.13,16.67
BPCL,Mar-15,Oil & Gas,interest_coverage,10.08,40
BPCL,Mar-15,Oil & Gas,asset_turnover,2.81,96.67
BPCL,Mar-15,Oil & Gas,free_cash_flow_cr,10206,71.67
BPCL,Mar-15,Oil & Gas,revenue_cagr_5yr,,
BPCL,Mar-15,Oil & Gas,pat_cagr_5yr,,
BPCL,Mar-15,Oil & Gas,composite_quality_score,28.85,68.33
BPCL,Mar-16,Oil & Gas,return_on_equity_pct,29.1,95
BPCL,Mar-16,Oil & Gas,return_on_capital_employed_pct,25.34,98.33
BPCL,Mar-16,Oil & Gas,net_profit_margin_pct,4.31,31.67
BPCL,Mar-16,Oil & Gas,debt_to_equity,0.84,30.83
BPCL,Mar-16,Oil & Gas,interest_coverage,21.89,83.33
BPCL,Mar-16,Oil & Gas,asset_turnover,2.17,90
BPCL,Mar-16,Oil & Gas,free_cash_flow_cr,1886,36.67
BPCL,Mar-16,Oil & Gas,revenue_cagr_5yr,,
BPCL,Mar-16,Oil & Gas,pat_cagr_5yr,,
BPCL,Mar-16,Oil & Gas,composite_quality_score,31.54,88.33
BPCL,Mar-17,Oil & Gas,return_on_equity_pct,30.85,96.67
BPCL,Mar-17,Oil & Gas,return_on_capital_employed_pct,20.71,85
BPCL,Mar-17,Oil & Gas,net_profit_margin_pct,4.72,35
BPCL,Mar-17,Oil & Gas,debt_to_equity,1.16,14.17
BPCL,Mar-17,Oil & Gas,interest_coverage,23.71,86.67
BPCL,Mar-17,Oil & Gas,asset_turnover,1.84,77.5
BPCL,Mar-17,Oil & Gas,free_cash_flow_cr,-6233,16.67
BPCL,Mar-17,Oil & Gas,revenue_cagr_5yr,,
BPCL,Mar-17,Oil & Gas,pat_cagr_5yr,,
BPCL,Mar-17,Oil & Gas,composite_quality_score,31.26,85
BPCL,Mar-18,Oil & Gas,return_on_equity_pct,26.74,93.33
BPCL,Mar-18,Oil & Gas,return_on_capital_employed_pct,20.62,80
BPCL,Mar-18,Oil & Gas,net_profit_margin_pct,4.15,30
BPCL,Mar-18,Oil & Gas,debt_to_equity,1.03,21.67
BPCL,Mar-18,Oil & Gas,interest_coverage,15.38,75
BPCL,Mar-18,Oil & Gas,asset_turnover,1.96,88.33
BPCL,Mar-18,Oil & Gas,free_cash_flow_cr,4002,53.33
BPCL,Mar-18,Oil & Gas,revenue_cagr_5yr,-0.52,5.71
BPCL,Mar-18,Oil & Gas,pat_cagr_5yr,38.29,97.06
BPCL,Mar-18,Oil & Gas,composite_quality_score,33.84,95
BPCL,Mar-19,Oil & Gas,return_on_equity_pct,22,86.67
BPCL,Mar-19,Oil & Gas,return_on_capital_employed_pct,18.08,70
BPCL,Mar-19,Oil & Gas,net_profit_margin_pct,2.86,18.33
BPCL,Mar-19,Oil & Gas,debt_to_equity,1.16,14.17
BPCL,Mar-19,Oil & Gas,interest_coverage,10.25,43.33
BPCL,Mar-19,Oil & Gas,asset_turnover,2.18,91.67
BPCL,Mar-19,Oil & Gas,free_cash_flow_cr,-294,25
BPCL,Mar-19,Oil & Gas,revenue_cagr_5yr,2.44,25.71
BPCL,Mar-19,Oil & Gas,pat_cagr_5yr,16.04,70.59
BPCL,Mar-19,Oil & Gas,composite_quality_score,30.1,81.67
BPCL,Mar-20,Oil & Gas,return_on_equity_pct,10.04,30
BPCL,Mar-20,Oil & Gas,return_on_capital_employed_pct,8.8,6.67
BPCL,Mar-20,Oil & Gas,net_profit_margin_pct,1.29,10
BPCL,Mar-20,Oil & Gas,debt_to_equity,1.79,1.67
BPCL,Mar-20,Oil & Gas,interest_coverage,3.93,11.67
BPCL,Mar-20,Oil & Gas,asset_turnover,1.89,81.67
BPCL,Mar-20,Oil & Gas,free_cash_flow_cr,-3254,20
BPCL,Mar-20,Oil & Gas,revenue_cagr_5yr,3.24,28.57
BPCL,Mar-20,Oil & Gas,pat_cagr_5yr,-6.32,11.76
BPCL,Mar-20,Oil & Gas,composite_quality_score,21.94,6.67
BPCL,Mar-21,Oil & Gas,return_on_equity_pct,32.34,98.33
BPCL,Mar-21,Oil & Gas,return_on_capital_employed_pct,19.43,75
BPCL,Mar-21,Oil & Gas,net_profit_margin_pct,7.52,61.67
BPCL,Mar-21,Oil & Gas,debt_to_equity,1.02,23.33
BPCL,Mar-21,Oil & Gas,interest_coverage,16.54,76.67
BPCL,Mar-21,Oil & Gas,asset_turnover,1.43,67.5
BPCL,Mar-21,Oil & Gas,free_cash_flow_cr,20981,83.33
BPCL,Mar-21,Oil & Gas,revenue_cagr_5yr,4.15,34.29
BPCL,Mar-21,Oil & Gas,pat_cagr_5yr,16.45,73.53
BPCL,Mar-21,Oil & Gas,composite_quality_score,34.48,96.67
BPCL,Mar-22,Oil & Gas,return_on_equity_pct,22.51,88.33
BPCL,Mar-22,Oil & Gas,return_on_capital_employed_pct,16.44,56.67
BPCL,Mar-22,Oil & Gas,net_profit_margin_pct,3.37,23.33
BPCL,Mar-22,Oil & Gas,debt_to_equity,1.24,11.67
BPCL,Mar-22,Oil & Gas,interest_coverage,9.24,35
BPCL,Mar-22,Oil & Gas,asset_turnover,1.85,80
BPCL,Mar-22,Oil & Gas,free_cash_flow_cr,12198,80
BPCL,Mar-22,Oil & Gas,revenue_cagr_5yr,11.5,62.86
BPCL,Mar-22,Oil & Gas,pat_cagr_5yr,4.21,23.53
BPCL,Mar-22,Oil & Gas,composite_quality_score,30.07,80
BPCL,Mar-23,Oil & Gas,return_on_equity_pct,3.98,3.33
BPCL,Mar-23,Oil & Gas,return_on_capital_employed_pct,8.87,8.33
BPCL,Mar-23,Oil & Gas,net_profit_margin_pct,0.45,3.33
BPCL,Mar-23,Oil & Gas,debt_to_equity,1.3,10
BPCL,Mar-23,Oil & Gas,interest_coverage,3.45,6.67
BPCL,Mar-23,Oil & Gas,asset_turnover,2.52,95
BPCL,Mar-23,Oil & Gas,free_cash_flow_cr,4660,60
BPCL,Mar-23,Oil & Gas,revenue_cagr_5yr,14.94,82.86
BPCL,Mar-23,Oil & Gas,pat_cagr_5yr,-26.29,2.94
BPCL,Mar-23,Oil & Gas,composite_quality_score,21.01,3.33
BPCL,Mar-24,Oil & Gas,return_on_equity_pct,35.51,100
BPCL,Mar-24,Oil & Gas,return_on_capital_employed_pct,33.85,100
BPCL,Mar-24,Oil & Gas,net_profit_margin_pct,5.99,50
BPCL,Mar-24,Oil & Gas,debt_to_equity,0.72,42.5
BPCL,Mar-24,Oil & Gas,interest_coverage,11.36,50.83
BPCL,Mar-24,Oil & Gas,asset_turnover,2.21,93.33
BPCL,Mar-24,Oil & Gas,free_cash_flow_cr,25415,90
BPCL,Mar-24,Oil & Gas,revenue_cagr_5yr,8.48,48.57
BPCL,Mar-24,Oil & Gas,pat_cagr_5yr,25.79,88.24
BPCL,Mar-24,Oil & Gas,composite_quality_score,38.25,100
GAIL,Mar-13,Oil & Gas,return_on_equity_pct,15.17,63.33
GAIL,Mar-13,Oil & Gas,return_on_capital_employed_pct,16.41,55
GAIL,Mar-13,Oil & Gas,net_profit_margin_pct,8.57,70
GAIL,Mar-13,Oil & Gas,debt_to_equity,0.57,60.83
GAIL,Mar-13,Oil & Gas,interest_coverage,19.03,81.67
GAIL,Mar-13,Oil & Gas,asset_turnover,0.85,38.33
GAIL,Mar-13,Oil & Gas,free_cash_flow_cr,-2023,21.67
GAIL,Mar-13,Oil & Gas,revenue_cagr_5yr,,
GAIL,Mar-13,Oil & Gas,pat_cagr_5yr,,
GAIL,Mar-13,Oil & Gas,composite_quality_score,26.73,41.67
GAIL,Mar-14,Oil & Gas,return_on_equity_pct,14.75,60
GAIL,Mar-14,Oil & Gas,return_on_capital_employed_pct,15.66,50
GAIL,Mar-14,Oil & Gas,net_profit_margin_pct,7.75,63.33
GAIL,Mar-14,Oil & Gas,debt_to_equity,0.57,60.83
GAIL,Mar-14,Oil & Gas,interest_coverage,13.8,61.67
GAIL,Mar-14,Oil & Gas,asset_turnover,0.92,46.67
GAIL,Mar-14,Oil & Gas,free_cash_flow_cr,149,30
GAIL,Mar-14,Oil & Gas,revenue_cagr_5yr,,
GAIL,Mar-14,Oil & Gas,pat_cagr_5yr,,
GAIL,Mar-14,Oil & Gas,composite_quality_score,26.49,40
GAIL,Mar-15,Oil & Gas,return_on_equity_pct,9.29,23.33
GAIL,Mar-15,Oil & Gas,return_on_capital_employed_pct,10.76,26.67
GAIL,Mar-15,Oil & Gas,net_profit_margin_pct,5.22,40
GAIL,Mar-15,Oil & Gas,debt_to_equity,0.54,63.33
GAIL,Mar-15,Oil & Gas,interest_coverage,10.09,41.67
GAIL,Mar-15,Oil & Gas,asset_turnover,0.87,41.67
GAIL,Mar-15,Oil & Gas,free_cash_flow_cr,1405,31.67
GAIL,Mar-15,Oil & Gas,revenue_cagr_5yr,,
GAIL,Mar-15,Oil & Gas,pat_cagr_5yr,,
GAIL,Mar-15,Oil & Gas,composite_quality_score,24.09,16.67
GAIL,Mar-16,Oil & Gas,return_on_equity_pct,5.15,5
GAIL,Mar-16,Oil & Gas,return_on_capital_employed_pct,9.98,20
GAIL,Mar-16,Oil & Gas,net_profit_margin_pct,3.6,26.67
GAIL,Mar-16,Oil & Gas,debt_to_equity,0.25,85
GAIL,Mar-16,Oil & Gas,interest_coverage,6.41,21.67
GAIL,Mar-16,Oil & Gas,asset_turnover,0.88,43.33
GAIL,Mar-16,Oil & Gas,free_cash_flow_cr,3056,46.67
GAIL,Mar-16,Oil & Gas,revenue_cagr_5yr,,
GAIL,Mar-16,Oil & Gas,pat_cagr_5yr,,
GAIL,Mar-16,Oil & Gas,composite_quality_score,22.9,10
GAIL,Mar-17,Oil & Gas,return_on_equity_pct,8.58,16.67
GAIL,Mar-17,Oil & Gas,return_on_capital_employed_pct,13.13,40
GAIL,Mar-17,Oil & Gas,net_profit_margin_pct,6.95,55
GAIL,Mar-17,Oil & Gas,debt_to_equity,0.17,88.33
GAIL,Mar-17,Oil & Gas,interest_coverage,14.21,65
GAIL,Mar-17,Oil & Gas,asset_turnover,0.83,34.17
GAIL,Mar-17,Oil & Gas,free_cash_flow_cr,5690,63.33
GAIL,Mar-17,Oil & Gas,revenue_cagr_5yr,,
GAIL,Mar-17,Oil & Gas,pat_cagr_5yr,,
GAIL,Mar-17,Oil & Gas,composite_quality_score,24.88,26.67
GAIL,Mar-18,Oil & Gas,return_on_equity_pct,11.53,43.33
GAIL,Mar-18,Oil & Gas,return_on_capital_employed_pct,17.13,60
GAIL,Mar-18,Oil & Gas,net_profit_margin_pct,8.82,75
GAIL,Mar-18,Oil & Gas,debt_to_equity,0.09,96.67
GAIL,Mar-18,Oil & Gas,interest_coverage,29.66,90
GAIL,Mar-18,Oil & Gas,asset_turnover,0.89,45
GAIL,Mar-18,Oil & Gas,free_cash_flow_cr,6109,65
GAIL,Mar-18,Oil & Gas,revenue_cagr_5yr,1.35,14.29
GAIL,Mar-18,Oil & Gas,pat_cagr_5yr,1.93,17.65
GAIL,Mar-18,Oil & Gas,composite_quality_score,26.91,43.33
GAIL,Mar-19,Oil & Gas,return_on_equity_pct,14.24,58.33
GAIL,Mar-19,Oil & Gas,return_on_capital_employed_pct,20.61,78.33
GAIL,Mar-19,Oil & Gas,net_profit_margin_pct,8.6,71.67
GAIL,Mar-19,Oil & Gas,debt_to_equity,0.05,98.33
GAIL,Mar-19,Oil & Gas,interest_coverage,73.31,95
GAIL,Mar-19,Oil & Gas,asset_turnover,1.11,60
GAIL,Mar-19,Oil & Gas,free_cash_flow_cr,2283,41.67
GAIL,Mar-19,Oil & Gas,revenue_cagr_5yr,4.29,37.14
GAIL,Mar-19,Oil & Gas,pat_cagr_5yr,6.49,35.29
GAIL,Mar-19,Oil & Gas,composite_quality_score,29.01,70
GAIL,Mar-20,Oil & Gas,return_on_equity_pct,19.31,78.33
GAIL,Mar-20,Oil & Gas,return_on_capital_employed_pct,16.06,51.67
GAIL,Mar-20,Oil & Gas,net_profit_margin_pct,13.12,95
GAIL,Mar-20,Oil & Gas,debt_to_equity,0.14,93.33
GAIL,Mar-20,Oil & Gas,interest_coverage,41.48,91.67
GAIL,Mar-20,Oil & Gas,asset_turnover,0.97,50
GAIL,Mar-20,Oil & Gas,free_cash_flow_cr,46,27.5
GAIL,Mar-20,Oil & Gas,revenue_cagr_5yr,3.67,31.43
GAIL,Mar-20,Oil & Gas,pat_cagr_5yr,24.66,85.29
GAIL,Mar-20,Oil & Gas,composite_quality_score,33.09,93.33
GAIL,Mar-21,Oil & Gas,return_on_equity_pct,11.55,46.67
GAIL,Mar-21,Oil & Gas,return_on_capital_employed_pct,11.87,31.67
GAIL,Mar-21,Oil & Gas,net_profit_margin_pct,10.71,88.33
GAIL,Mar-21,Oil & Gas,debt_to_equity,0.15,90
GAIL,Mar-21,Oil & Gas,interest_coverage,56.3,93.33
GAIL,Mar-21,Oil & Gas,asset_turnover,0.71,28.33
GAIL,Mar-21,Oil & Gas,free_cash_flow_cr,4353,55
GAIL,Mar-21,Oil & Gas,revenue_cagr_5yr,1.96,22.86
GAIL,Mar-21,Oil & Gas,pat_cagr_5yr,26.8,91.18
GAIL,Mar-21,Oil & Gas,composite_quality_score,29.57,76.67
GAIL,Mar-22,Oil & Gas,return_on_equity_pct,19.19,75
GAIL,Mar-22,Oil & Gas,return_on_capital_employed_pct,20.68,83.33
GAIL,Mar-22,Oil & Gas,net_profit_margin_pct,13.26,96.67
GAIL,Mar-22,Oil & Gas,debt_to_equity,0.14,93.33
GAIL,Mar-22,Oil & Gas,interest_coverage,89.53,96.67
GAIL,Mar-22,Oil & Gas,asset_turnover,0.96,48.33
GAIL,Mar-22,Oil & Gas,free_cash_flow_cr,3930,51.67
GAIL,Mar-22,Oil & Gas,revenue_cagr_5yr,13.83,71.43
GAIL,Mar-22,Oil & Gas,pat_cagr_5yr,29.53,94.12
GAIL,Mar-22,Oil & Gas,composite_quality_score,35.08,98.33
GAIL,Mar-23,Oil & Gas,return_on_equity_pct,8.62,18.33
GAIL,Mar-23,Oil & Gas,return_on_capital_employed_pct,9.06,10
GAIL,Mar-23,Oil & Gas,net_profit_margin_pct,3.84,28.33
GAIL,Mar-23,Oil & Gas,debt_to_equity,0.27,83.33
GAIL,Mar-23,Oil & Gas,interest_coverage,28.28,88.33
GAIL,Mar-23,Oil & Gas,asset_turnover,1.35,63.33
GAIL,Mar-23,Oil & Gas,free_cash_flow_cr,-4248,18.33
GAIL,Mar-23,Oil & Gas,revenue_cagr_5yr,21.73,100
GAIL,Mar-23,Oil & Gas,pat_cagr_5yr,3.09,20.59
GAIL,Mar-23,Oil & Gas,composite_quality_score,28.16,58.33
GAIL,Mar-24,Oil & Gas,return_on_equity_pct,12.86,53.33
GAIL,Mar-24,Oil & Gas,return_on_capital_employed_pct,14.49,45
GAIL,Mar-24,Oil & Gas,net_profit_margin_pct,7.43,60
GAIL,Mar-24,Oil & Gas,debt_to_equity,0.28,81.67
GAIL,Mar-24,Oil & Gas,interest_coverage,23.62,85
GAIL,Mar-24,Oil & Gas,asset_turnover,1.07,56.67
GAIL,Mar-24,Oil & Gas,free_cash_flow_cr,4360,56.67
GAIL,Mar-24,Oil & Gas,revenue_cagr_5yr,11.83,68.57
GAIL,Mar-24,Oil & Gas,pat_cagr_5yr,8.61,38.24
GAIL,Mar-24,Oil & Gas,composite_quality_score,29.13,73.33
IOC,Mar-13,Oil & Gas,return_on_equity_pct,5.75,8.33
IOC,Mar-13,Oil & Gas,return_on_capital_employed_pct,9.08,11.67
IOC,Mar-13,Oil & Gas,net_profit_margin_pct,0.79,5
IOC,Mar-13,Oil & Gas,debt_to_equity,1.42,5
IOC,Mar-13,Oil & Gas,interest_coverage,2.42,3.33
IOC,Mar-13,Oil & Gas,asset_turnover,1.91,85
IOC,Mar-13,Oil & Gas,free_cash_flow_cr,46,27.5
IOC,Mar-13,Oil & Gas,revenue_cagr_5yr,,
IOC,Mar-13,Oil & Gas,pat_cagr_5yr,,
IOC,Mar-13,Oil & Gas,composite_quality_score,21.24,5
IOC,Mar-14,Oil & Gas,return_on_equity_pct,10.26,31.67
IOC,Mar-14,Oil & Gas,return_on_capital_employed_pct,10.58,23.33
IOC,Mar-14,Oil & Gas,net_profit_margin_pct,1.43,13.33
IOC,Mar-14,Oil & Gas,debt_to_equity,1.4,6.67
IOC,Mar-14,Oil & Gas,interest_coverage,3.75,8.33
IOC,Mar-14,Oil & Gas,asset_turnover,1.84,77.5
IOC,Mar-14,Oil & Gas,free_cash_flow_cr,5601,61.67
IOC,Mar-14,Oil & Gas,revenue_cagr_5yr,,
IOC,Mar-14,Oil & Gas,pat_cagr_5yr,,
IOC,Mar-14,Oil & Gas,composite_quality_score,22.92,11.67
IOC,Mar-15,Oil & Gas,return_on_equity_pct,7.08,11.67
IOC,Mar-15,Oil & Gas,return_on_capital_employed_pct,7.91,3.33
IOC,Mar-15,Oil & Gas,net_profit_margin_pct,1.08,8.33
IOC,Mar-15,Oil & Gas,debt_to_equity,0.94,26.67
IOC,Mar-15,Oil & Gas,interest_coverage,3.91,10
IOC,Mar-15,Oil & Gas,asset_turnover,1.92,86.67
IOC,Mar-15,Oil & Gas,free_cash_flow_cr,35877,93.33
IOC,Mar-15,Oil & Gas,revenue_cagr_5yr,,
IOC,Mar-15,Oil & Gas,pat_cagr_5yr,,
IOC,Mar-15,Oil & Gas,composite_quality_score,22.73,8.33
IOC,Mar-16,Oil & Gas,return_on_equity_pct,13.8,56.67
IOC,Mar-16,Oil & Gas,return_on_capital_employed_pct,14.84,46.67
IOC,Mar-16,Oil & Gas,net_profit_margin_pct,3.59,25
IOC,Mar-16,Oil & Gas,debt_to_equity,0.65,46.67
IOC,Mar-16,Oil & Gas,interest_coverage,7.82,26.67
IOC,Mar-16,Oil & Gas,asset_turnover,1.49,71.67
IOC,Mar-16,Oil & Gas,free_cash_flow_cr,12014,78.33
IOC,Mar-16,Oil & Gas,revenue_cagr_5yr,,
IOC,Mar-16,Oil & Gas,pat_cagr_5yr,,
IOC,Mar-16,Oil & Gas,composite_quality_score,25.74,33.33
IOC,Mar-17,Oil & Gas,return_on_equity_pct,19.97,83.33
IOC,Mar-17,Oil & Gas,return_on_capital_employed_pct,20.65,81.67
IOC,Mar-17,Oil & Gas,net_profit_margin_pct,5.74,46.67
IOC,Mar-17,Oil & Gas,debt_to_equity,0.62,51.67
IOC,Mar-17,Oil & Gas,interest_coverage,10.29,46.67
IOC,Mar-17,Oil & Gas,asset_turnover,1.3,61.67
IOC,Mar-17,Oil & Gas,free_cash_flow_cr,10532,73.33
IOC,Mar-17,Oil & Gas,revenue_cagr_5yr,,
IOC,Mar-17,Oil & Gas,pat_cagr_5yr,,
IOC,Mar-17,Oil & Gas,composite_quality_score,28.2,60
IOC,Mar-18,Oil & Gas,return_on_equity_pct,19.87,81.67
IOC,Mar-18,Oil & Gas,return_on_capital_employed_pct,23.2,93.33
IOC,Mar-18,Oil & Gas,net_profit_margin_pct,5.37,43.33
IOC,Mar-18,Oil & Gas,debt_to_equity,0.58,57.5
IOC,Mar-18,Oil & Gas,interest_coverage,11.87,56.67
IOC,Mar-18,Oil & Gas,asset_turnover,1.42,65
IOC,Mar-18,Oil & Gas,free_cash_flow_cr,11996,76.67
IOC,Mar-18,Oil & Gas,revenue_cagr_5yr,-1.81,2.86
IOC,Mar-18,Oil & Gas,pat_cagr_5yr,44.22,100
IOC,Mar-18,Oil & Gas,composite_quality_score,32.44,90
IOC,Mar-19,Oil & Gas,return_on_equity_pct,15.36,65
IOC,Mar-19,Oil & Gas,return_on_capital_employed_pct,16.85,58.33
IOC,Mar-19,Oil & Gas,net_profit_margin_pct,3.27,21.67
IOC,Mar-19,Oil & Gas,debt_to_equity,0.86,28.33
IOC,Mar-19,Oil & Gas,interest_coverage,7.99,30
IOC,Mar-19,Oil & Gas,asset_turnover,1.57,73.33
IOC,Mar-19,Oil & Gas,free_cash_flow_cr,-9822,15
IOC,Mar-19,Oil & Gas,revenue_cagr_5yr,1.58,20
IOC,Mar-19,Oil & Gas,pat_cagr_5yr,19.91,79.41
IOC,Mar-19,Oil & Gas,composite_quality_score,28.11,53.33
IOC,Mar-20,Oil & Gas,return_on_equity_pct,-1.97,1.67
IOC,Mar-20,Oil & Gas,return_on_capital_employed_pct,7.13,1.67
IOC,Mar-20,Oil & Gas,net_profit_margin_pct,-0.39,1.67
IOC,Mar-20,Oil & Gas,debt_to_equity,1.36,8.33
IOC,Mar-20,Oil & Gas,interest_coverage,1.53,1.67
IOC,Mar-20,Oil & Gas,asset_turnover,1.47,70
IOC,Mar-20,Oil & Gas,free_cash_flow_cr,-21955,8.33
IOC,Mar-20,Oil & Gas,revenue_cagr_5yr,1.48,17.14
IOC,Mar-20,Oil & Gas,pat_cagr_5yr,,
IOC,Mar-20,Oil & Gas,composite_quality_score,18.2,1.67
IOC,Mar-21,Oil & Gas,return_on_equity_pct,19.46,80
IOC,Mar-21,Oil & Gas,return_on_capital_employed_pct,17.48,61.67
IOC,Mar-21,Oil & Gas,net_profit_margin_pct,5.98,48.33
IOC,Mar-21,Oil & Gas,debt_to_equity,1.04,20
IOC,Mar-21,Oil & Gas,interest_coverage,15.21,71.67
IOC,Mar-21,Oil & Gas,asset_turnover,1.02,53.33
IOC,Mar-21,Oil & Gas,free_cash_flow_cr,26715,91.67
IOC,Mar-21,Oil & Gas,revenue_cagr_5yr,1.01,11.43
IOC,Mar-21,Oil & Gas,pat_cagr_5yr,11.88,55.88
IOC,Mar-21,Oil & Gas,composite_quality_score,28.29,61.67
IOC,Mar-22,Oil & Gas,return_on_equity_pct,19.27,76.67
IOC,Mar-22,Oil & Gas,return_on_capital_employed_pct,17.98,66.67
IOC,Mar-22,Oil & Gas,net_profit_margin_pct,4.37,33.33
IOC,Mar-22,Oil & Gas,debt_to_equity,0.99,25
IOC,Mar-22,Oil & Gas,interest_coverage,9.55,36.67
IOC,Mar-22,Oil & Gas,asset_turnover,1.43,67.5
IOC,Mar-22,Oil & Gas,free_cash_flow_cr,4453,58.33
IOC,Mar-22,Oil & Gas,revenue_cagr_5yr,10.65,57.14
IOC,Mar-22,Oil & Gas,pat_cagr_5yr,4.76,29.41
IOC,Mar-22,Oil & Gas,composite_quality_score,29.14,75
IOC,Mar-23,Oil & Gas,return_on_equity_pct,8.38,15
IOC,Mar-23,Oil & Gas,return_on_capital_employed_pct,10.63,25
IOC,Mar-23,Oil & Gas,net_profit_margin_pct,1.39,11.67
IOC,Mar-23,Oil & Gas,debt_to_equity,1.07,18.33
IOC,Mar-23,Oil & Gas,interest_coverage,4.72,15
IOC,Mar-23,Oil & Gas,asset_turnover,1.9,83.33
IOC,Mar-23,Oil & Gas,free_cash_flow_cr,1614,35
IOC,Mar-23,Oil & Gas,revenue_cagr_5yr,14.84,80
IOC,Mar-23,Oil & Gas,pat_cagr_5yr,-12.35,5.88
IOC,Mar-23,Oil & Gas,composite_quality_score,23.96,15
IOC,Mar-24,Oil & Gas,return_on_equity_pct,23.53,91.67
IOC,Mar-24,Oil & Gas,return_on_capital_employed_pct,23.94,95
IOC,Mar-24,Oil & Gas,net_profit_margin_pct,5.56,45
IOC,Mar-24,Oil & Gas,debt_to_equity,0.72,42.5
IOC,Mar-24,Oil & Gas,interest_coverage,10.28,45
IOC,Mar-24,Oil & Gas,asset_turnover,1.61,75
IOC,Mar-24,Oil & Gas,free_cash_flow_cr,39635,96.67
IOC,Mar-24,Oil & Gas,revenue_cagr_5yr,8.01,45.71
IOC,Mar-24,Oil & Gas,pat_cagr_5yr,20.1,82.35
IOC,Mar-24,Oil & Gas,composite_quality_score,32.73,91.67
ONGC,Mar-13,Oil & Gas,return_on_equity_pct,15.73,70
ONGC,Mar-13,Oil & Gas,return_on_capital_employed_pct,25.11,96.67
ONGC,Mar-13,Oil & Gas,net_profit_margin_pct,14.81,98.33
ONGC,Mar-13,Oil & Gas,debt_to_equity,0.14,93.33
ONGC,Mar-13,Oil & Gas,interest_coverage,101.22,100
ONGC,Mar-13,Oil & Gas,asset_turnover,0.64,24.17
ONGC,Mar-13,Oil & Gas,free_cash_flow_cr,-1346,23.33
ONGC,Mar-13,Oil & Gas,revenue_cagr_5yr,,
ONGC,Mar-13,Oil & Gas,pat_cagr_5yr,,
ONGC,Mar-13,Oil & Gas,composite_quality_score,28.83,66.67
ONGC,Mar-14,Oil & Gas,return_on_equity_pct,15.49,66.67
ONGC,Mar-14,Oil & Gas,return_on_capital_employed_pct,22.2,90
ONGC,Mar-14,Oil & Gas,net_profit_margin_pct,15.31,100
ONGC,Mar-14,Oil & Gas,debt_to_equity,0.29,80
ONGC,Mar-14,Oil & Gas,interest_coverage,90.22,98.33
ONGC,Mar-14,Oil & Gas,asset_turnover,0.54,16.67
ONGC,Mar-14,Oil & Gas,free_cash_flow_cr,-10363,11.67
ONGC,Mar-14,Oil & Gas,revenue_cagr_5yr,,
ONGC,Mar-14,Oil & Gas,pat_cagr_5yr,,
ONGC,Mar-14,Oil & Gas,composite_quality_score,28.44,63.33
ONGC,Mar-15,Oil & Gas,return_on_equity_pct,9.81,26.67
ONGC,Mar-15,Oil & Gas,return_on_capital_employed_pct,18.05,68.33
ONGC,Mar-15,Oil & Gas,net_profit_margin_pct,11,91.67
ONGC,Mar-15,Oil & Gas,debt_to_equity,0.3,78.33
ONGC,Mar-15,Oil & Gas,interest_coverage,16.85,78.33
ONGC,Mar-15,Oil & Gas,asset_turnover,0.48,10.83
ONGC,Mar-15,Oil & Gas,free_cash_flow_cr,3892,50
ONGC,Mar-15,Oil & Gas,revenue_cagr_5yr,,
ONGC,Mar-15,Oil & Gas,pat_cagr_5yr,,
ONGC,Mar-15,Oil & Gas,composite_quality_score,25.51,31.67
ONGC,Mar-16,Oil & Gas,return_on_equity_pct,6.62,10
ONGC,Mar-16,Oil & Gas,return_on_capital_employed_pct,16.08,53.33
ONGC,Mar-16,Oil & Gas,net_profit_margin_pct,10.56,86.67
ONGC,Mar-16,Oil & Gas,debt_to_equity,0.23,86.67
ONGC,Mar-16,Oil & Gas,interest_coverage,10.67,48.33
ONGC,Mar-16,Oil & Gas,asset_turnover,0.36,3.33
ONGC,Mar-16,Oil & Gas,free_cash_flow_cr,8036,66.67
ONGC,Mar-16,Oil & Gas,revenue_cagr_5yr,,
ONGC,Mar-16,Oil & Gas,pat_cagr_5yr,,
ONGC,Mar-16,Oil & Gas,composite_quality_score,24.33,21.67
ONGC,Mar-17,Oil & Gas,return_on_equity_pct,15.01,61.67
ONGC,Mar-17,Oil & Gas,return_on_capital_employed_pct,19.24,73.33
ONGC,Mar-17,Oil & Gas,net_profit_margin_pct,10.33,85
ONGC,Mar-17,Oil & Gas,debt_to_equity,0.41,74.17
ONGC,Mar-17,Oil & Gas,interest_coverage,18.25,80
ONGC,Mar-17,Oil & Gas,asset_turnover,0.64,24.17
ONGC,Mar-17,Oil & Gas,free_cash_flow_cr,1965,40
ONGC,Mar-17,Oil & Gas,revenue_cagr_5yr,,
ONGC,Mar-17,Oil & Gas,pat_cagr_5yr,,
ONGC,Mar-17,Oil & Gas,composite_quality_score,27.14,45
ONGC,Mar-18,Oil & Gas,return_on_equity_pct,12.78,51.67
ONGC,Mar-18,Oil & Gas,return_on_capital_employed_pct,18.32,71.67
ONGC,Mar-18,Oil & Gas,net_profit_margin_pct,8.08,66.67
ONGC,Mar-18,Oil & Gas,debt_to_equity,0.52,65
ONGC,Mar-18,Oil & Gas,interest_coverage,13.47,60
ONGC,Mar-18,Oil & Gas,asset_turnover,0.7,26.67
ONGC,Mar-18,Oil & Gas,free_cash_flow_cr,-10006,13.33
ONGC,Mar-18,Oil & Gas,revenue_cagr_5yr,14.78,77.14
ONGC,Mar-18,Oil & Gas,pat_cagr_5yr,1.67,14.71
ONGC,Mar-18,Oil & Gas,composite_quality_score,28.13,56.67
ONGC,Mar-19,Oil & Gas,return_on_equity_pct,15.64,68.33
ONGC,Mar-19,Oil & Gas,return_on_capital_employed_pct,23.04,91.67
ONGC,Mar-19,Oil & Gas,net_profit_margin_pct,8.05,65
ONGC,Mar-19,Oil & Gas,debt_to_equity,0.5,68.33
ONGC,Mar-19,Oil & Gas,interest_coverage,14.46,68.33
ONGC,Mar-19,Oil & Gas,asset_turnover,0.86,40
ONGC,Mar-19,Oil & Gas,free_cash_flow_cr,24326,88.33
ONGC,Mar-19,Oil & Gas,revenue_cagr_5yr,19.35,91.43
ONGC,Mar-19,Oil & Gas,pat_cagr_5yr,4.94,32.35
ONGC,Mar-19,Oil & Gas,composite_quality_score,30.34,83.33
ONGC,Mar-20,Oil & Gas,return_on_equity_pct,5.59,6.67
ONGC,Mar-20,Oil & Gas,return_on_capital_employed_pct,15.57,48.33
ONGC,Mar-20,Oil & Gas,net_profit_margin_pct,2.89,20
ONGC,Mar-20,Oil & Gas,debt_to_equity,0.63,49.17
ONGC,Mar-20,Oil & Gas,interest_coverage,7.09,23.33
ONGC,Mar-20,Oil & Gas,asset_turnover,0.78,31.67
ONGC,Mar-20,Oil & Gas,free_cash_flow_cr,17434,81.67
ONGC,Mar-20,Oil & Gas,revenue_cagr_5yr,19.78,97.14
ONGC,Mar-20,Oil & Gas,pat_cagr_5yr,-8.34,8.82
ONGC,Mar-20,Oil & Gas,composite_quality_score,24.19,18.33
ONGC,Mar-21,Oil & Gas,return_on_equity_pct,9.67,25
ONGC,Mar-21,Oil & Gas,return_on_capital_employed_pct,13.97,43.33
ONGC,Mar-21,Oil & Gas,net_profit_margin_pct,7.03,58.33
ONGC,Mar-21,Oil & Gas,debt_to_equity,0.6,53.33
ONGC,Mar-21,Oil & Gas,interest_coverage,11.96,58.33
ONGC,Mar-21,Oil & Gas,asset_turnover,0.56,20
ONGC,Mar-21,Oil & Gas,free_cash_flow_cr,8044,68.33
ONGC,Mar-21,Oil & Gas,revenue_cagr_5yr,19.63,94.29
ONGC,Mar-21,Oil & Gas,pat_cagr_5yr,10.27,41.18
ONGC,Mar-21,Oil & Gas,composite_quality_score,28.12,55
ONGC,Mar-22,Oil & Gas,return_on_equity_pct,19,73.33
ONGC,Mar-22,Oil & Gas,return_on_capital_employed_pct,20.94,86.67
ONGC,Mar-22,Oil & Gas,net_profit_margin_pct,10.03,83.33
ONGC,Mar-22,Oil & Gas,debt_to_equity,0.47,70
ONGC,Mar-22,Oil & Gas,interest_coverage,15.22,73.33
ONGC,Mar-22,Oil & Gas,asset_turnover,0.84,36.67
ONGC,Mar-22,Oil & Gas,free_cash_flow_cr,37051,95
ONGC,Mar-22,Oil & Gas,revenue_cagr_5yr,11.7,65.71
ONGC,Mar-22,Oil & Gas,pat_cagr_5yr,11.06,50
ONGC,Mar-22,Oil & Gas,composite_quality_score,31.42,86.67
ONGC,Mar-23,Oil & Gas,return_on_equity_pct,11.68,48.33
ONGC,Mar-23,Oil & Gas,return_on_capital_employed_pct,17.86,63.33
ONGC,Mar-23,Oil & Gas,net_profit_margin_pct,5.18,36.67
ONGC,Mar-23,Oil & Gas,debt_to_equity,0.51,66.67
ONGC,Mar-23,Oil & Gas,interest_coverage,9.57,38.33
ONGC,Mar-23,Oil & Gas,asset_turnover,1.03,55
ONGC,Mar-23,Oil & Gas,free_cash_flow_cr,11372,75
ONGC,Mar-23,Oil & Gas,revenue_cagr_5yr,14.4,74.29
ONGC,Mar-23,Oil & Gas,pat_cagr_5yr,4.69,26.47
ONGC,Mar-23,Oil & Gas,composite_quality_score,27.76,51.67
ONGC,Mar-24,Oil & Gas,return_on_equity_pct,16.94,71.67
ONGC,Mar-24,Oil & Gas,return_on_capital_employed_pct,20.98,88.33
ONGC,Mar-24,Oil & Gas,net_profit_margin_pct,9.66,78.33
ONGC,Mar-24,Oil & Gas,debt_to_equity,0.45,71.67
ONGC,Mar-24,Oil & Gas,interest_coverage,11.36,50.83
ONGC,Mar-24,Oil & Gas,asset_turnover,0.83,34.17
ONGC,Mar-24,Oil & Gas,free_cash_flow_cr,42060,98.33
ONGC,Mar-24,Oil & Gas,revenue_cagr_5yr,7,42.86
ONGC,Mar-24,Oil & Gas,pat_cagr_5yr,10.97,44.12
ONGC,Mar-24,Oil & Gas,composite_quality_score,29.94,78.33
RELIANCE,Mar-13,Oil & Gas,return_on_equity_pct,11.47,41.67
RELIANCE,Mar-13,Oil & Gas,return_on_capital_employed_pct,11.46,30
RELIANCE,Mar-13,Oil & Gas,net_profit_margin_pct,5.27,41.67
RELIANCE,Mar-13,Oil & Gas,debt_to_equity,0.59,55
RELIANCE,Mar-13,Oil & Gas,interest_coverage,11.81,55
RELIANCE,Mar-13,Oil & Gas,asset_turnover,1.09,58.33
RELIANCE,Mar-13,Oil & Gas,free_cash_flow_cr,9317,70
RELIANCE,Mar-13,Oil & Gas,revenue_cagr_5yr,,
RELIANCE,Mar-13,Oil & Gas,pat_cagr_5yr,,
RELIANCE,Mar-13,Oil & Gas,composite_quality_score,24.98,28.33
RELIANCE,Mar-14,Oil & Gas,return_on_equity_pct,11.35,40
RELIANCE,Mar-14,Oil & Gas,return_on_capital_employed_pct,10.35,21.67
RELIANCE,Mar-14,Oil & Gas,net_profit_margin_pct,5.2,38.33
RELIANCE,Mar-14,Oil & Gas,debt_to_equity,0.7,45
RELIANCE,Mar-14,Oil & Gas,interest_coverage,11.42,53.33
RELIANCE,Mar-14,Oil & Gas,asset_turnover,1.01,51.67
RELIANCE,Mar-14,Oil & Gas,free_cash_flow_cr,-29809,6.67
RELIANCE,Mar-14,Oil & Gas,revenue_cagr_5yr,,
RELIANCE,Mar-14,Oil & Gas,pat_cagr_5yr,,
RELIANCE,Mar-14,Oil & Gas,composite_quality_score,24.62,23.33
RELIANCE,Mar-15,Oil & Gas,return_on_equity_pct,10.82,36.67
RELIANCE,Mar-15,Oil & Gas,return_on_capital_employed_pct,9.68,15
RELIANCE,Mar-15,Oil & Gas,net_profit_margin_pct,6.31,51.67
RELIANCE,Mar-15,Oil & Gas,debt_to_equity,0.77,40
RELIANCE,Mar-15,Oil & Gas,interest_coverage,13.87,63.33
RELIANCE,Mar-15,Oil & Gas,asset_turnover,0.74,30
RELIANCE,Mar-15,Oil & Gas,free_cash_flow_cr,-30332,5
RELIANCE,Mar-15,Oil & Gas,revenue_cagr_5yr,,
RELIANCE,Mar-15,Oil & Gas,pat_cagr_5yr,,
RELIANCE,Mar-15,Oil & Gas,composite_quality_score,24.25,20
RELIANCE,Mar-16,Oil & Gas,return_on_equity_pct,12.9,55
RELIANCE,Mar-16,Oil & Gas,return_on_capital_employed_pct,9.8,16.67
RELIANCE,Mar-16,Oil & Gas,net_profit_margin_pct,10.95,90
RELIANCE,Mar-16,Oil & Gas,debt_to_equity,0.84,30.83
RELIANCE,Mar-16,Oil & Gas,interest_coverage,14.63,70
RELIANCE,Mar-16,Oil & Gas,asset_turnover,0.46,7.5
RELIANCE,Mar-16,Oil & Gas,free_cash_flow_cr,1948,38.33
RELIANCE,Mar-16,Oil & Gas,revenue_cagr_5yr,,
RELIANCE,Mar-16,Oil & Gas,pat_cagr_5yr,,
RELIANCE,Mar-16,Oil & Gas,composite_quality_score,25.48,30
RELIANCE,Mar-17,Oil & Gas,return_on_equity_pct,11.31,38.33
RELIANCE,Mar-17,Oil & Gas,return_on_capital_employed_pct,9.62,13.33
RELIANCE,Mar-17,Oil & Gas,net_profit_margin_pct,9.81,81.67
RELIANCE,Mar-17,Oil & Gas,debt_to_equity,0.82,34.17
RELIANCE,Mar-17,Oil & Gas,interest_coverage,14.43,66.67
RELIANCE,Mar-17,Oil & Gas,asset_turnover,0.43,5
RELIANCE,Mar-17,Oil & Gas,free_cash_flow_cr,-16651,10
RELIANCE,Mar-17,Oil & Gas,revenue_cagr_5yr,,
RELIANCE,Mar-17,Oil & Gas,pat_cagr_5yr,,
RELIANCE,Mar-17,Oil & Gas,composite_quality_score,24.71,25
RELIANCE,Mar-18,Oil & Gas,return_on_equity_pct,12.29,50
RELIANCE,Mar-18,Oil & Gas,return_on_capital_employed_pct,12.06,33.33
RELIANCE,Mar-18,Oil & Gas,net_profit_margin_pct,9.23,76.67
RELIANCE,Mar-18,Oil & Gas,debt_to_equity,0.82,34.17
RELIANCE,Mar-18,Oil & Gas,interest_coverage,9.21,33.33
RELIANCE,Mar-18,Oil & Gas,asset_turnover,0.48,10.83
RELIANCE,Mar-18,Oil & Gas,free_cash_flow_cr,3267,48.33
RELIANCE,Mar-18,Oil & Gas,revenue_cagr_5yr,-0.26,8.57
RELIANCE,Mar-18,Oil & Gas,pat_cagr_5yr,11.55,52.94
RELIANCE,Mar-18,Oil & Gas,composite_quality_score,26.1,38.33
RELIANCE,Mar-19,Oil & Gas,return_on_equity_pct,10.29,33.33
RELIANCE,Mar-19,Oil & Gas,return_on_capital_employed_pct,12.13,35
RELIANCE,Mar-19,Oil & Gas,net_profit_margin_pct,7.01,56.67
RELIANCE,Mar-19,Oil & Gas,debt_to_equity,0.79,37.5
RELIANCE,Mar-19,Oil & Gas,interest_coverage,5.62,20
RELIANCE,Mar-19,Oil & Gas,asset_turnover,0.57,21.67
RELIANCE,Mar-19,Oil & Gas,free_cash_flow_cr,-52161,3.33
RELIANCE,Mar-19,Oil & Gas,revenue_cagr_5yr,5.56,40
RELIANCE,Mar-19,Oil & Gas,pat_cagr_5yr,12.06,58.82
RELIANCE,Mar-19,Oil & Gas,composite_quality_score,26.03,36.67
RELIANCE,Mar-20,Oil & Gas,return_on_equity_pct,8.88,21.67
RELIANCE,Mar-20,Oil & Gas,return_on_capital_employed_pct,11.1,28.33
RELIANCE,Mar-20,Oil & Gas,net_profit_margin_pct,6.68,53.33
RELIANCE,Mar-20,Oil & Gas,debt_to_equity,0.79,37.5
RELIANCE,Mar-20,Oil & Gas,interest_coverage,4.44,13.33
RELIANCE,Mar-20,Oil & Gas,asset_turnover,0.51,14.17
RELIANCE,Mar-20,Oil & Gas,free_cash_flow_cr,22380,86.67
RELIANCE,Mar-20,Oil & Gas,revenue_cagr_5yr,9.77,54.29
RELIANCE,Mar-20,Oil & Gas,pat_cagr_5yr,11.03,47.06
RELIANCE,Mar-20,Oil & Gas,composite_quality_score,25.94,35
RELIANCE,Mar-21,Oil & Gas,return_on_equity_pct,7.68,13.33
RELIANCE,Mar-21,Oil & Gas,return_on_capital_employed_pct,8.25,5
RELIANCE,Mar-21,Oil & Gas,net_profit_margin_pct,11.52,93.33
RELIANCE,Mar-21,Oil & Gas,debt_to_equity,0.4,76.67
RELIANCE,Mar-21,Oil & Gas,interest_coverage,4.87,16.67
RELIANCE,Mar-21,Oil & Gas,asset_turnover,0.35,1.67
RELIANCE,Mar-21,Oil & Gas,free_cash_flow_cr,-115427,1.67
RELIANCE,Mar-21,Oil & Gas,revenue_cagr_5yr,11.34,60
RELIANCE,Mar-21,Oil & Gas,pat_cagr_5yr,12.47,61.76
RELIANCE,Mar-21,Oil & Gas,composite_quality_score,27.49,48.33
RELIANCE,Mar-22,Oil & Gas,return_on_equity_pct,8.7,20
RELIANCE,Mar-22,Oil & Gas,return_on_capital_employed_pct,9.88,18.33
RELIANCE,Mar-22,Oil & Gas,net_profit_margin_pct,9.77,80
RELIANCE,Mar-22,Oil & Gas,debt_to_equity,0.41,74.17
RELIANCE,Mar-22,Oil & Gas,interest_coverage,8.79,31.67
RELIANCE,Mar-22,Oil & Gas,asset_turnover,0.46,7.5
RELIANCE,Mar-22,Oil & Gas,free_cash_flow_cr,1492,33.33
RELIANCE,Mar-22,Oil & Gas,revenue_cagr_5yr,17.98,88.57
RELIANCE,Mar-22,Oil & Gas,pat_cagr_5yr,17.86,76.47
RELIANCE,Mar-22,Oil & Gas,composite_quality_score,29.12,71.67
RELIANCE,Mar-23,Oil & Gas,return_on_equity_pct,10.35,35
RELIANCE,Mar-23,Oil & Gas,return_on_capital_employed_pct,12.19,36.67
RELIANCE,Mar-23,Oil & Gas,net_profit_margin_pct,8.45,68.33
RELIANCE,Mar-23,Oil & Gas,debt_to_equity,0.63,49.17
RELIANCE,Mar-23,Oil & Gas,interest_coverage,7.89,28.33
RELIANCE,Mar-23,Oil & Gas,asset_turnover,0.55,18.33
RELIANCE,Mar-23,Oil & Gas,free_cash_flow_cr,22031,85
RELIANCE,Mar-23,Oil & Gas,revenue_cagr_5yr,17.53,85.71
RELIANCE,Mar-23,Oil & Gas,pat_cagr_5yr,15.48,67.65
RELIANCE,Mar-23,Oil & Gas,composite_quality_score,28.78,65
RELIANCE,Mar-24,Oil & Gas,return_on_equity_pct,9.96,28.33
RELIANCE,Mar-24,Oil & Gas,return_on_capital_employed_pct,12.97,38.33
RELIANCE,Mar-24,Oil & Gas,net_profit_margin_pct,8.79,73.33
RELIANCE,Mar-24,Oil & Gas,debt_to_equity,0.58,57.5
RELIANCE,Mar-24,Oil & Gas,interest_coverage,7.73,25
RELIANCE,Mar-24,Oil & Gas,asset_turnover,0.51,14.17
RELIANCE,Mar-24,Oil & Gas,free_cash_flow_cr,45207,100
RELIANCE,Mar-24,Oil & Gas,revenue_cagr_5yr,9.61,51.43
RELIANCE,Mar-24,Oil & Gas,pat_cagr_5yr,14.68,64.71
RELIANCE,Mar-24,Oil & Gas,composite_quality_score,27.5,50
CIPLA,Mar-13,Pharmaceuticals,return_on_equity_pct,17.13,53.33
CIPLA,Mar-13,Pharmaceuticals,return_on_capital_employed_pct,60.74,81.67
CIPLA,Mar-13,Pharmaceuticals,net_profit_margin_pct,18.66,65
CIPLA,Mar-13,Pharmaceuticals,debt_to_equity,0.11,62.5
CIPLA,Mar-13,Pharmaceuticals,interest_coverage,24.87,30
CIPLA,Mar-13,Pharmaceuticals,asset_turnover,0.71,64.17
CIPLA,Mar-13,Pharmaceuticals,free_cash_flow_cr,-665,8.33
CIPLA,Mar-13,Pharmaceuticals,revenue_cagr_5yr,,
CIPLA,Mar-13,Pharmaceuticals,pat_cagr_5yr,,
CIPLA,Mar-13,Pharmaceuticals,composite_quality_score,30.22,46.67
CIPLA,Mar-14,Pharmaceuticals,return_on_equity_pct,13.97,40
CIPLA,Mar-14,Pharmaceuticals,return_on_capital_employed_pct,71.03,88.33
CIPLA,Mar-14,Pharmaceuticals,net_profit_margin_pct,13.8,48.33
CIPLA,Mar-14,Pharmaceuticals,debt_to_equity,0.12,59.17
CIPLA,Mar-14,Pharmaceuticals,interest_coverage,32.06,40
CIPLA,Mar-14,Pharmaceuticals,asset_turnover,0.76,80
CIPLA,Mar-14,Pharmaceuticals,free_cash_flow_cr,298,37.5
CIPLA,Mar-14,Pharmaceuticals,revenue_cagr_5yr,,
CIPLA,Mar-14,Pharmaceuticals,pat_cagr_5yr,,
CIPLA,Mar-14,Pharmaceuticals,composite_quality_score,28.17,33.33
CIPLA,Mar-15,Pharmaceuticals,return_on_equity_pct,11.38,25
CIPLA,Mar-15,Pharmaceuticals,return_on_capital_employed_pct,73.43,96.67
CIPLA,Mar-15,Pharmaceuticals,net_profit_margin_pct,10.83,25
CIPLA,Mar-15,Pharmaceuticals,debt_to_equity,0.16,53.33
CIPLA,Mar-15,Pharmaceuticals,interest_coverage,56.11,66.67
CIPLA,Mar-15,Pharmaceuticals,asset_turnover,0.72,69.17
CIPLA,Mar-15,Pharmaceuticals,free_cash_flow_cr,223,26.67
CIPLA,Mar-15,Pharmaceuticals,revenue_cagr_5yr,,
CIPLA,Mar-15,Pharmaceuticals,pat_cagr_5yr,,
CIPLA,Mar-15,Pharmaceuticals,composite_quality_score,26.55,20
CIPLA,Mar-16,Pharmaceuticals,return_on_equity_pct,12.01,28.33
CIPLA,Mar-16,Pharmaceuticals,return_on_capital_employed_pct,67.65,85
CIPLA,Mar-16,Pharmaceuticals,net_profit_margin_pct,10.03,20
CIPLA,Mar-16,Pharmaceuticals,debt_to_equity,0.45,23.33
CIPLA,Mar-16,Pharmaceuticals,interest_coverage,54.46,65
CIPLA,Mar-16,Pharmaceuticals,asset_turnover,0.66,46.67
CIPLA,Mar-16,Pharmaceuticals,free_cash_flow_cr,-2792,3.33
CIPLA,Mar-16,Pharmaceuticals,revenue_cagr_5yr,,
CIPLA,Mar-16,Pharmaceuticals,pat_cagr_5yr,,
CIPLA,Mar-16,Pharmaceuticals,composite_quality_score,25.97,13.33
CIPLA,Mar-17,Pharmaceuticals,return_on_equity_pct,8.25,10
CIPLA,Mar-17,Pharmaceuticals,return_on_capital_employed_pct,71.43,90
CIPLA,Mar-17,Pharmaceuticals,net_profit_margin_pct,7.19,6.67
CIPLA,Mar-17,Pharmaceuticals,debt_to_equity,0.33,31.67
CIPLA,Mar-17,Pharmaceuticals,interest_coverage,57.28,70
CIPLA,Mar-17,Pharmaceuticals,asset_turnover,0.69,60
CIPLA,Mar-17,Pharmaceuticals,free_cash_flow_cr,1078,56.67
CIPLA,Mar-17,Pharmaceuticals,revenue_cagr_5yr,,
CIPLA,Mar-17,Pharmaceuticals,pat_cagr_5yr,,
CIPLA,Mar-17,Pharmaceuticals,composite_quality_score,24.36,8.33
CIPLA,Mar-18,Pharmaceuticals,return_on_equity_pct,9.96,18.33
CIPLA,Mar-18,Pharmaceuticals,return_on_capital_employed_pct,67.27,83.33
CIPLA,Mar-18,Pharmaceuticals,net_profit_margin_pct,9.35,16.67
CIPLA,Mar-18,Pharmaceuticals,debt_to_equity,0.29,34.17
CIPLA,Mar-18,Pharmaceuticals,interest_coverage,44.1,55
CIPLA,Mar-18,Pharmaceuticals,asset_turnover,0.67,52.5
CIPLA,Mar-18,Pharmaceuticals,free_cash_flow_cr,629,46.67
CIPLA,Mar-18,Pharmaceuticals,revenue_cagr_5yr,12.86,80
CIPLA,Mar-18,Pharmaceuticals,pat_cagr_5yr,-1.71,34.29
CIPLA,Mar-18,Pharmaceuticals,composite_quality_score,27.2,26.67
CIPLA,Mar-19,Pharmaceuticals,return_on_equity_pct,9.94,16.67
CIPLA,Mar-19,Pharmaceuticals,return_on_capital_employed_pct,68.63,86.67
CIPLA,Mar-19,Pharmaceuticals,net_profit_margin_pct,9.12,13.33
CIPLA,Mar-19,Pharmaceuticals,debt_to_equity,0.29,34.17
CIPLA,Mar-19,Pharmaceuticals,interest_coverage,27.85,35
CIPLA,Mar-19,Pharmaceuticals,asset_turnover,0.69,60
CIPLA,Mar-19,Pharmaceuticals,free_cash_flow_cr,3,16.67
CIPLA,Mar-19,Pharmaceuticals,revenue_cagr_5yr,9.97,51.43
CIPLA,Mar-19,Pharmaceuticals,pat_cagr_5yr,1.22,40
CIPLA,Mar-19,Pharmaceuticals,composite_quality_score,27.03,23.33
CIPLA,Mar-20,Pharmaceuticals,return_on_equity_pct,9.52,15
CIPLA,Mar-20,Pharmaceuticals,return_on_capital_employed_pct,74.96,98.33
CIPLA,Mar-20,Pharmaceuticals,net_profit_margin_pct,8.76,8.33
CIPLA,Mar-20,Pharmaceuticals,debt_to_equity,0.18,48.33
CIPLA,Mar-20,Pharmaceuticals,interest_coverage,40.54,51.67
CIPLA,Mar-20,Pharmaceuticals,asset_turnover,0.73,73.33
CIPLA,Mar-20,Pharmaceuticals,free_cash_flow_cr,3182,91.67
CIPLA,Mar-20,Pharmaceuticals,revenue_cagr_5yr,8.59,37.14
CIPLA,Mar-20,Pharmaceuticals,pat_cagr_5yr,4.07,45.71
CIPLA,Mar-20,Pharmaceuticals,composite_quality_score,27.15,25
CIPLA,Mar-21,Pharmaceuticals,return_on_equity_pct,13.04,35
CIPLA,Mar-21,Pharmaceuticals,return_on_capital_employed_pct,73.29,95
CIPLA,Mar-21,Pharmaceuticals,net_profit_margin_pct,12.47,35
CIPLA,Mar-21,Pharmaceuticals,debt_to_equity,0.11,62.5
CIPLA,Mar-21,Pharmaceuticals,interest_coverage,56.12,68.33
CIPLA,Mar-21,Pharmaceuticals,asset_turnover,0.77,84.17
CIPLA,Mar-21,Pharmaceuticals,free_cash_flow_cr,1381,63.33
CIPLA,Mar-21,Pharmaceuticals,revenue_cagr_5yr,6.8,25.71
CIPLA,Mar-21,Pharmaceuticals,pat_cagr_5yr,11.55,62.86
CIPLA,Mar-21,Pharmaceuticals,composite_quality_score,29.78,40
CIPLA,Mar-22,Pharmaceuticals,return_on_equity_pct,12.22,31.67
CIPLA,Mar-22,Pharmaceuticals,return_on_capital_employed_pct,78.6,100
CIPLA,Mar-22,Pharmaceuticals,net_profit_margin_pct,11.7,31.67
CIPLA,Mar-22,Pharmaceuticals,debt_to_equity,0.05,70.83
CIPLA,Mar-22,Pharmaceuticals,interest_coverage,174.06,80
CIPLA,Mar-22,Pharmaceuticals,asset_turnover,0.81,92.5
CIPLA,Mar-22,Pharmaceuticals,free_cash_flow_cr,1468,65
CIPLA,Mar-22,Pharmaceuticals,revenue_cagr_5yr,8.62,40
CIPLA,Mar-22,Pharmaceuticals,pat_cagr_5yr,19.73,80
CIPLA,Mar-22,Pharmaceuticals,composite_quality_score,30.59,51.67
CIPLA,Mar-23,Pharmaceuticals,return_on_equity_pct,12.1,30
CIPLA,Mar-23,Pharmaceuticals,return_on_capital_employed_pct,73.22,93.33
CIPLA,Mar-23,Pharmaceuticals,net_profit_margin_pct,12.45,33.33
CIPLA,Mar-23,Pharmaceuticals,debt_to_equity,0.03,74.17
CIPLA,Mar-23,Pharmaceuticals,interest_coverage,60.57,73.33
CIPLA,Mar-23,Pharmaceuticals,asset_turnover,0.78,88.33
CIPLA,Mar-23,Pharmaceuticals,free_cash_flow_cr,862,51.67
CIPLA,Mar-23,Pharmaceuticals,revenue_cagr_5yr,8.47,34.29
CIPLA,Mar-23,Pharmaceuticals,pat_cagr_5yr,14.86,74.29
CIPLA,Mar-23,Pharmaceuticals,composite_quality_score,30.2,45
CIPLA,Mar-24,Pharmaceuticals,return_on_equity_pct,15.55,50
CIPLA,Mar-24,Pharmaceuticals,return_on_capital_employed_pct,71.46,91.67
CIPLA,Mar-24,Pharmaceuticals,net_profit_margin_pct,16.12,60
CIPLA,Mar-24,Pharmaceuticals,debt_to_equity,0.02,78.33
CIPLA,Mar-24,Pharmaceuticals,interest_coverage,35.34,46.67
CIPLA,Mar-24,Pharmaceuticals,asset_turnover,0.79,90
CIPLA,Mar-24,Pharmaceuticals,free_cash_flow_cr,1152,60
CIPLA,Mar-24,Pharmaceuticals,revenue_cagr_5yr,9.51,45.71
CIPLA,Mar-24,Pharmaceuticals,pat_cagr_5yr,22.73,82.86
CIPLA,Mar-24,Pharmaceuticals,composite_quality_score,33.12,70
DIVISLAB,Mar-13,Pharmaceuticals,return_on_equity_pct,24.07,83.33
DIVISLAB,Mar-13,Pharmaceuticals,return_on_capital_employed_pct,32.2,68.33
DIVISLAB,Mar-13,Pharmaceuticals,net_profit_margin_pct,28.07,91.67
DIVISLAB,Mar-13,Pharmaceuticals,debt_to_equity,0.01,86.67
DIVISLAB,Mar-13,Pharmaceuticals,interest_coverage,287,81.67
DIVISLAB,Mar-13,Pharmaceuticals,asset_turnover,0.68,55.83
DIVISLAB,Mar-13,Pharmaceuticals,free_cash_flow_cr,225,28.33
DIVISLAB,Mar-13,Pharmaceuticals,revenue_cagr_5yr,,
DIVISLAB,Mar-13,Pharmaceuticals,pat_cagr_5yr,,
DIVISLAB,Mar-13,Pharmaceuticals,composite_quality_score,34.7,80
DIVISLAB,Mar-14,Pharmaceuticals,return_on_equity_pct,26.08,91.67
DIVISLAB,Mar-14,Pharmaceuticals,return_on_capital_employed_pct,34.14,78.33
DIVISLAB,Mar-14,Pharmaceuticals,net_profit_margin_pct,30.53,96.67
DIVISLAB,Mar-14,Pharmaceuticals,debt_to_equity,0.01,86.67
DIVISLAB,Mar-14,Pharmaceuticals,interest_coverage,362,86.67
DIVISLAB,Mar-14,Pharmaceuticals,asset_turnover,0.68,55.83
DIVISLAB,Mar-14,Pharmaceuticals,free_cash_flow_cr,252,31.67
DIVISLAB,Mar-14,Pharmaceuticals,revenue_cagr_5yr,,
DIVISLAB,Mar-14,Pharmaceuticals,pat_cagr_5yr,,
DIVISLAB,Mar-14,Pharmaceuticals,composite_quality_score,35.89,90.83
DIVISLAB,Mar-15,Pharmaceuticals,return_on_equity_pct,24.37,86.67
DIVISLAB,Mar-15,Pharmaceuticals,return_on_capital_employed_pct,33.3,76.67
DIVISLAB,Mar-15,Pharmaceuticals,net_profit_margin_pct,27.35,88.33
DIVISLAB,Mar-15,Pharmaceuticals,debt_to_equity,0.01,86.67
DIVISLAB,Mar-15,Pharmaceuticals,interest_coverage,403.67,88.33
DIVISLAB,Mar-15,Pharmaceuticals,asset_turnover,0.71,64.17
DIVISLAB,Mar-15,Pharmaceuticals,free_cash_flow_cr,305,40
DIVISLAB,Mar-15,Pharmaceuticals,revenue_cagr_5yr,,
DIVISLAB,Mar-15,Pharmaceuticals,pat_cagr_5yr,,
DIVISLAB,Mar-15,Pharmaceuticals,composite_quality_score,34.69,78.33
DIVISLAB,Mar-16,Pharmaceuticals,return_on_equity_pct,26.23,93.33
DIVISLAB,Mar-16,Pharmaceuticals,return_on_capital_employed_pct,32.83,70
DIVISLAB,Mar-16,Pharmaceuticals,net_profit_margin_pct,29.82,95
DIVISLAB,Mar-16,Pharmaceuticals,debt_to_equity,0.01,86.67
DIVISLAB,Mar-16,Pharmaceuticals,interest_coverage,303.2,85
DIVISLAB,Mar-16,Pharmaceuticals,asset_turnover,0.77,84.17
DIVISLAB,Mar-16,Pharmaceuticals,free_cash_flow_cr,632,48.33
DIVISLAB,Mar-16,Pharmaceuticals,revenue_cagr_5yr,,
DIVISLAB,Mar-16,Pharmaceuticals,pat_cagr_5yr,,
DIVISLAB,Mar-16,Pharmaceuticals,composite_quality_score,35.89,90.83
DIVISLAB,Mar-17,Pharmaceuticals,return_on_equity_pct,19.79,63.33
DIVISLAB,Mar-17,Pharmaceuticals,return_on_capital_employed_pct,26.89,60
DIVISLAB,Mar-17,Pharmaceuticals,net_profit_margin_pct,26.08,86.67
DIVISLAB,Mar-17,Pharmaceuticals,debt_to_equity,0.01,86.67
DIVISLAB,Mar-17,Pharmaceuticals,interest_coverage,507.33,91.67
DIVISLAB,Mar-17,Pharmaceuticals,asset_turnover,0.66,46.67
DIVISLAB,Mar-17,Pharmaceuticals,free_cash_flow_cr,10,18.33
DIVISLAB,Mar-17,Pharmaceuticals,revenue_cagr_5yr,,
DIVISLAB,Mar-17,Pharmaceuticals,pat_cagr_5yr,,
DIVISLAB,Mar-17,Pharmaceuticals,composite_quality_score,32.78,66.67
DIVISLAB,Mar-18,Pharmaceuticals,return_on_equity_pct,14.8,45
DIVISLAB,Mar-18,Pharmaceuticals,return_on_capital_employed_pct,21.19,36.67
DIVISLAB,Mar-18,Pharmaceuticals,net_profit_margin_pct,22.54,76.67
DIVISLAB,Mar-18,Pharmaceuticals,debt_to_equity,0.01,86.67
DIVISLAB,Mar-18,Pharmaceuticals,interest_coverage,688,95
DIVISLAB,Mar-18,Pharmaceuticals,asset_turnover,0.57,29.17
DIVISLAB,Mar-18,Pharmaceuticals,free_cash_flow_cr,298,37.5
DIVISLAB,Mar-18,Pharmaceuticals,revenue_cagr_5yr,12.65,77.14
DIVISLAB,Mar-18,Pharmaceuticals,pat_cagr_5yr,7.82,51.43
DIVISLAB,Mar-18,Pharmaceuticals,composite_quality_score,32.92,68.33
DIVISLAB,Mar-19,Pharmaceuticals,return_on_equity_pct,19.45,60
DIVISLAB,Mar-19,Pharmaceuticals,return_on_capital_employed_pct,26.53,56.67
DIVISLAB,Mar-19,Pharmaceuticals,net_profit_margin_pct,27.36,90
DIVISLAB,Mar-19,Pharmaceuticals,debt_to_equity,0.02,78.33
DIVISLAB,Mar-19,Pharmaceuticals,interest_coverage,405.6,90
DIVISLAB,Mar-19,Pharmaceuticals,asset_turnover,0.62,36.67
DIVISLAB,Mar-19,Pharmaceuticals,free_cash_flow_cr,269,35
DIVISLAB,Mar-19,Pharmaceuticals,revenue_cagr_5yr,14.33,91.43
DIVISLAB,Mar-19,Pharmaceuticals,pat_cagr_5yr,11.85,65.71
DIVISLAB,Mar-19,Pharmaceuticals,composite_quality_score,36.19,93.33
DIVISLAB,Mar-20,Pharmaceuticals,return_on_equity_pct,18.84,56.67
DIVISLAB,Mar-20,Pharmaceuticals,return_on_capital_employed_pct,24.85,50
DIVISLAB,Mar-20,Pharmaceuticals,net_profit_margin_pct,25.53,83.33
DIVISLAB,Mar-20,Pharmaceuticals,debt_to_equity,0.01,86.67
DIVISLAB,Mar-20,Pharmaceuticals,interest_coverage,287.43,83.33
DIVISLAB,Mar-20,Pharmaceuticals,asset_turnover,0.63,38.33
DIVISLAB,Mar-20,Pharmaceuticals,free_cash_flow_cr,1133,58.33
DIVISLAB,Mar-20,Pharmaceuticals,revenue_cagr_5yr,11.61,68.57
DIVISLAB,Mar-20,Pharmaceuticals,pat_cagr_5yr,10.08,57.14
DIVISLAB,Mar-20,Pharmaceuticals,composite_quality_score,35.06,85
DIVISLAB,Mar-21,Pharmaceuticals,return_on_equity_pct,21.34,70
DIVISLAB,Mar-21,Pharmaceuticals,return_on_capital_employed_pct,30.83,61.67
DIVISLAB,Mar-21,Pharmaceuticals,net_profit_margin_pct,28.47,93.33
DIVISLAB,Mar-21,Pharmaceuticals,debt_to_equity,0,95.83
DIVISLAB,Mar-21,Pharmaceuticals,interest_coverage,1462,98.33
DIVISLAB,Mar-21,Pharmaceuticals,asset_turnover,0.65,41.67
DIVISLAB,Mar-21,Pharmaceuticals,free_cash_flow_cr,2022,81.67
DIVISLAB,Mar-21,Pharmaceuticals,revenue_cagr_5yr,13.04,85.71
DIVISLAB,Mar-21,Pharmaceuticals,pat_cagr_5yr,12,68.57
DIVISLAB,Mar-21,Pharmaceuticals,composite_quality_score,36.97,96.67
DIVISLAB,Mar-22,Pharmaceuticals,return_on_equity_pct,25.24,90
DIVISLAB,Mar-22,Pharmaceuticals,return_on_capital_employed_pct,33.11,73.33
DIVISLAB,Mar-22,Pharmaceuticals,net_profit_margin_pct,33.04,100
DIVISLAB,Mar-22,Pharmaceuticals,debt_to_equity,0,95.83
DIVISLAB,Mar-22,Pharmaceuticals,interest_coverage,1998.5,100
DIVISLAB,Mar-22,Pharmaceuticals,asset_turnover,0.67,52.5
DIVISLAB,Mar-22,Pharmaceuticals,free_cash_flow_cr,-283,10
DIVISLAB,Mar-22,Pharmaceuticals,revenue_cagr_5yr,17.13,97.14
DIVISLAB,Mar-22,Pharmaceuticals,pat_cagr_5yr,22.8,85.71
DIVISLAB,Mar-22,Pharmaceuticals,composite_quality_score,40.96,98.33
DIVISLAB,Mar-23,Pharmaceuticals,return_on_equity_pct,14.29,41.67
DIVISLAB,Mar-23,Pharmaceuticals,return_on_capital_employed_pct,18.56,23.33
DIVISLAB,Mar-23,Pharmaceuticals,net_profit_margin_pct,23.48,78.33
DIVISLAB,Mar-23,Pharmaceuticals,debt_to_equity,0,95.83
DIVISLAB,Mar-23,Pharmaceuticals,interest_coverage,1357,96.67
DIVISLAB,Mar-23,Pharmaceuticals,asset_turnover,0.54,16.67
DIVISLAB,Mar-23,Pharmaceuticals,free_cash_flow_cr,-248,11.67
DIVISLAB,Mar-23,Pharmaceuticals,revenue_cagr_5yr,14.83,94.29
DIVISLAB,Mar-23,Pharmaceuticals,pat_cagr_5yr,15.77,77.14
DIVISLAB,Mar-23,Pharmaceuticals,composite_quality_score,34.04,76.67
DIVISLAB,Mar-24,Pharmaceuticals,return_on_equity_pct,11.79,26.67
DIVISLAB,Mar-24,Pharmaceuticals,return_on_capital_employed_pct,16.28,13.33
DIVISLAB,Mar-24,Pharmaceuticals,net_profit_margin_pct,20.4,75
DIVISLAB,Mar-24,Pharmaceuticals,debt_to_equity,0,95.83
DIVISLAB,Mar-24,Pharmaceuticals,interest_coverage,636.25,93.33
DIVISLAB,Mar-24,Pharmaceuticals,asset_turnover,0.51,10.83
DIVISLAB,Mar-24,Pharmaceuticals,free_cash_flow_cr,992,55
DIVISLAB,Mar-24,Pharmaceuticals,revenue_cagr_5yr,9.66,48.57
DIVISLAB,Mar-24,Pharmaceuticals,pat_cagr_5yr,3.41,42.86
DIVISLAB,Mar-24,Pharmaceuticals,composite_quality_score,30.51,48.33
DRREDDY,Mar-13,Pharmaceuticals,return_on_equity_pct,23.98,81.67
DRREDDY,Mar-13,Pharmaceuticals,return_on_capital_employed_pct,26.55,58.33
DRREDDY,Mar-13,Pharmaceuticals,net_profit_margin_pct,12.9,40
DRREDDY,Mar-13,Pharmaceuticals,debt_to_equity,0.58,17.5
DRREDDY,Mar-13,Pharmaceuticals,interest_coverage,28.15,36.67
DRREDDY,Mar-13,Pharmaceuticals,asset_turnover,0.88,100
DRREDDY,Mar-13,Pharmaceuticals,free_cash_flow_cr,-59,15
DRREDDY,Mar-13,Pharmaceuticals,revenue_cagr_5yr,,
DRREDDY,Mar-13,Pharmaceuticals,pat_cagr_5yr,,
DRREDDY,Mar-13,Pharmaceuticals,composite_quality_score,30.69,53.33
DRREDDY,Mar-14,Pharmaceuticals,return_on_equity_pct,24.96,88.33
DRREDDY,Mar-14,Pharmaceuticals,return_on_capital_employed_pct,26.34,55
DRREDDY,Mar-14,Pharmaceuticals,net_profit_margin_pct,14.63,50
DRREDDY,Mar-14,Pharmaceuticals,debt_to_equity,0.57,20
DRREDDY,Mar-14,Pharmaceuticals,interest_coverage,26.94,33.33
DRREDDY,Mar-14,Pharmaceuticals,asset_turnover,0.84,96.67
DRREDDY,Mar-14,Pharmaceuticals,free_cash_flow_cr,366,43.33
DRREDDY,Mar-14,Pharmaceuticals,revenue_cagr_5yr,,
DRREDDY,Mar-14,Pharmaceuticals,pat_cagr_5yr,,
DRREDDY,Mar-14,Pharmaceuticals,composite_quality_score,31.36,60
DRREDDY,Mar-15,Pharmaceuticals,return_on_equity_pct,23.71,80
DRREDDY,Mar-15,Pharmaceuticals,return_on_capital_employed_pct,24.76,48.33
DRREDDY,Mar-15,Pharmaceuticals,net_profit_margin_pct,15.55,53.33
DRREDDY,Mar-15,Pharmaceuticals,debt_to_equity,0.44,25
DRREDDY,Mar-15,Pharmaceuticals,interest_coverage,34.89,45
DRREDDY,Mar-15,Pharmaceuticals,asset_turnover,0.81,92.5
DRREDDY,Mar-15,Pharmaceuticals,free_cash_flow_cr,154,21.67
DRREDDY,Mar-15,Pharmaceuticals,revenue_cagr_5yr,,
DRREDDY,Mar-15,Pharmaceuticals,pat_cagr_5yr,,
DRREDDY,Mar-15,Pharmaceuticals,composite_quality_score,31.34,57.5
DRREDDY,Mar-16,Pharmaceuticals,return_on_equity_pct,16.95,51.67
DRREDDY,Mar-16,Pharmaceuticals,return_on_capital_employed_pct,22.52,40
DRREDDY,Mar-16,Pharmaceuticals,net_profit_margin_pct,13.69,46.67
DRREDDY,Mar-16,Pharmaceuticals,debt_to_equity,0.27,39.17
DRREDDY,Mar-16,Pharmaceuticals,interest_coverage,46.75,58.33
DRREDDY,Mar-16,Pharmaceuticals,asset_turnover,0.77,84.17
DRREDDY,Mar-16,Pharmaceuticals,free_cash_flow_cr,1653,73.33
DRREDDY,Mar-16,Pharmaceuticals,revenue_cagr_5yr,,
DRREDDY,Mar-16,Pharmaceuticals,pat_cagr_5yr,,
DRREDDY,Mar-16,Pharmaceuticals,composite_quality_score,28.9,36.67
DRREDDY,Mar-17,Pharmaceuticals,return_on_equity_pct,10.54,20
DRREDDY,Mar-17,Pharmaceuticals,return_on_capital_employed_pct,14.39,11.67
DRREDDY,Mar-17,Pharmaceuticals,net_profit_margin_pct,9.1,11.67
DRREDDY,Mar-17,Pharmaceuticals,debt_to_equity,0.4,27.5
DRREDDY,Mar-17,Pharmaceuticals,interest_coverage,33.47,43.33
DRREDDY,Mar-17,Pharmaceuticals,asset_turnover,0.66,46.67
DRREDDY,Mar-17,Pharmaceuticals,free_cash_flow_cr,254,33.33
DRREDDY,Mar-17,Pharmaceuticals,revenue_cagr_5yr,,
DRREDDY,Mar-17,Pharmaceuticals,pat_cagr_5yr,,
DRREDDY,Mar-17,Pharmaceuticals,composite_quality_score,25.37,10
DRREDDY,Mar-18,Pharmaceuticals,return_on_equity_pct,7.53,6.67
DRREDDY,Mar-18,Pharmaceuticals,return_on_capital_employed_pct,13.33,8.33
DRREDDY,Mar-18,Pharmaceuticals,net_profit_margin_pct,6.63,3.33
DRREDDY,Mar-18,Pharmaceuticals,debt_to_equity,0.4,27.5
DRREDDY,Mar-18,Pharmaceuticals,interest_coverage,31.72,38.33
DRREDDY,Mar-18,Pharmaceuticals,asset_turnover,0.64,40
DRREDDY,Mar-18,Pharmaceuticals,free_cash_flow_cr,320,41.67
DRREDDY,Mar-18,Pharmaceuticals,revenue_cagr_5yr,3.83,17.14
DRREDDY,Mar-18,Pharmaceuticals,pat_cagr_5yr,-9.11,8.57
DRREDDY,Mar-18,Pharmaceuticals,composite_quality_score,23.46,3.33
DRREDDY,Mar-19,Pharmaceuticals,return_on_equity_pct,13.9,38.33
DRREDDY,Mar-19,Pharmaceuticals,return_on_capital_employed_pct,17.79,18.33
DRREDDY,Mar-19,Pharmaceuticals,net_profit_margin_pct,12.62,36.67
DRREDDY,Mar-19,Pharmaceuticals,debt_to_equity,0.27,39.17
DRREDDY,Mar-19,Pharmaceuticals,interest_coverage,39.99,50
DRREDDY,Mar-19,Pharmaceuticals,asset_turnover,0.69,60
DRREDDY,Mar-19,Pharmaceuticals,free_cash_flow_cr,2101,83.33
DRREDDY,Mar-19,Pharmaceuticals,revenue_cagr_5yr,2.86,2.86
DRREDDY,Mar-19,Pharmaceuticals,pat_cagr_5yr,-0.13,37.14
DRREDDY,Mar-19,Pharmaceuticals,composite_quality_score,27.96,31.67
DRREDDY,Mar-20,Pharmaceuticals,return_on_equity_pct,12.99,33.33
DRREDDY,Mar-20,Pharmaceuticals,return_on_capital_employed_pct,13.91,10
DRREDDY,Mar-20,Pharmaceuticals,net_profit_margin_pct,11.57,30
DRREDDY,Mar-20,Pharmaceuticals,debt_to_equity,0.14,55.83
DRREDDY,Mar-20,Pharmaceuticals,interest_coverage,32.11,41.67
DRREDDY,Mar-20,Pharmaceuticals,asset_turnover,0.75,77.5
DRREDDY,Mar-20,Pharmaceuticals,free_cash_flow_cr,2489,85
DRREDDY,Mar-20,Pharmaceuticals,revenue_cagr_5yr,3.12,5.71
DRREDDY,Mar-20,Pharmaceuticals,pat_cagr_5yr,-2.81,28.57
DRREDDY,Mar-20,Pharmaceuticals,composite_quality_score,27.52,28.33
DRREDDY,Mar-21,Pharmaceuticals,return_on_equity_pct,11.07,21.67
DRREDDY,Mar-21,Pharmaceuticals,return_on_capital_employed_pct,18.74,25
DRREDDY,Mar-21,Pharmaceuticals,net_profit_margin_pct,10.25,23.33
DRREDDY,Mar-21,Pharmaceuticals,debt_to_equity,0.17,51.67
DRREDDY,Mar-21,Pharmaceuticals,interest_coverage,43.39,53.33
DRREDDY,Mar-21,Pharmaceuticals,asset_turnover,0.72,69.17
DRREDDY,Mar-21,Pharmaceuticals,free_cash_flow_cr,1315,61.67
DRREDDY,Mar-21,Pharmaceuticals,revenue_cagr_5yr,4.12,20
DRREDDY,Mar-21,Pharmaceuticals,pat_cagr_5yr,-1.74,31.43
DRREDDY,Mar-21,Pharmaceuticals,composite_quality_score,26.75,21.67
DRREDDY,Mar-22,Pharmaceuticals,return_on_equity_pct,11.36,23.33
DRREDDY,Mar-22,Pharmaceuticals,return_on_capital_employed_pct,16.68,15
DRREDDY,Mar-22,Pharmaceuticals,net_profit_margin_pct,10.13,21.67
DRREDDY,Mar-22,Pharmaceuticals,debt_to_equity,0.18,48.33
DRREDDY,Mar-22,Pharmaceuticals,interest_coverage,45.03,56.67
DRREDDY,Mar-22,Pharmaceuticals,asset_turnover,0.72,69.17
DRREDDY,Mar-22,Pharmaceuticals,free_cash_flow_cr,246,30
DRREDDY,Mar-22,Pharmaceuticals,revenue_cagr_5yr,8.7,42.86
DRREDDY,Mar-22,Pharmaceuticals,pat_cagr_5yr,11.05,60
DRREDDY,Mar-22,Pharmaceuticals,composite_quality_score,28.77,35
DRREDDY,Mar-23,Pharmaceuticals,return_on_equity_pct,19.35,58.33
DRREDDY,Mar-23,Pharmaceuticals,return_on_capital_employed_pct,26.27,53.33
DRREDDY,Mar-23,Pharmaceuticals,net_profit_margin_pct,18.27,63.33
DRREDDY,Mar-23,Pharmaceuticals,debt_to_equity,0.06,68.33
DRREDDY,Mar-23,Pharmaceuticals,interest_coverage,52.03,61.67
DRREDDY,Mar-23,Pharmaceuticals,asset_turnover,0.77,84.17
DRREDDY,Mar-23,Pharmaceuticals,free_cash_flow_cr,1779,75
DRREDDY,Mar-23,Pharmaceuticals,revenue_cagr_5yr,11.55,65.71
DRREDDY,Mar-23,Pharmaceuticals,pat_cagr_5yr,36.62,100
DRREDDY,Mar-23,Pharmaceuticals,composite_quality_score,36.47,95
DRREDDY,Mar-24,Pharmaceuticals,return_on_equity_pct,19.74,61.67
DRREDDY,Mar-24,Pharmaceuticals,return_on_capital_employed_pct,26.22,51.67
DRREDDY,Mar-24,Pharmaceuticals,net_profit_margin_pct,19.91,71.67
DRREDDY,Mar-24,Pharmaceuticals,debt_to_equity,0.07,66.67
DRREDDY,Mar-24,Pharmaceuticals,interest_coverage,51.71,60
DRREDDY,Mar-24,Pharmaceuticals,asset_turnover,0.72,69.17
DRREDDY,Mar-24,Pharmaceuticals,free_cash_flow_cr,509,45
DRREDDY,Mar-24,Pharmaceuticals,revenue_cagr_5yr,12.64,74.29
DRREDDY,Mar-24,Pharmaceuticals,pat_cagr_5yr,23.39,88.57
DRREDDY,Mar-24,Pharmaceuticals,composite_quality_score,35.71,88.33
SUNPHARMA,Mar-13,Pharmaceuticals,return_on_equity_pct,23.14,78.33
SUNPHARMA,Mar-13,Pharmaceuticals,return_on_capital_employed_pct,31.37,65
SUNPHARMA,Mar-13,Pharmaceuticals,net_profit_margin_pct,31.17,98.33
SUNPHARMA,Mar-13,Pharmaceuticals,debt_to_equity,0.02,78.33
SUNPHARMA,Mar-13,Pharmaceuticals,interest_coverage,109.16,76.67
SUNPHARMA,Mar-13,Pharmaceuticals,asset_turnover,0.55,21.67
SUNPHARMA,Mar-13,Pharmaceuticals,free_cash_flow_cr,982,53.33
SUNPHARMA,Mar-13,Pharmaceuticals,revenue_cagr_5yr,,
SUNPHARMA,Mar-13,Pharmaceuticals,pat_cagr_5yr,,
SUNPHARMA,Mar-13,Pharmaceuticals,composite_quality_score,34.84,81.67
SUNPHARMA,Mar-14,Pharmaceuticals,return_on_equity_pct,20.94,66.67
SUNPHARMA,Mar-14,Pharmaceuticals,return_on_capital_employed_pct,33.21,75
SUNPHARMA,Mar-14,Pharmaceuticals,net_profit_margin_pct,24.12,80
SUNPHARMA,Mar-14,Pharmaceuticals,debt_to_equity,0.14,55.83
SUNPHARMA,Mar-14,Pharmaceuticals,interest_coverage,114.43,78.33
SUNPHARMA,Mar-14,Pharmaceuticals,asset_turnover,0.55,21.67
SUNPHARMA,Mar-14,Pharmaceuticals,free_cash_flow_cr,1783,76.67
SUNPHARMA,Mar-14,Pharmaceuticals,revenue_cagr_5yr,,
SUNPHARMA,Mar-14,Pharmaceuticals,pat_cagr_5yr,,
SUNPHARMA,Mar-14,Pharmaceuticals,composite_quality_score,32.42,63.33
SUNPHARMA,Mar-15,Pharmaceuticals,return_on_equity_pct,21.36,71.67
SUNPHARMA,Mar-15,Pharmaceuticals,return_on_capital_employed_pct,22.79,41.67
SUNPHARMA,Mar-15,Pharmaceuticals,net_profit_margin_pct,19.99,73.33
SUNPHARMA,Mar-15,Pharmaceuticals,debt_to_equity,0.35,30
SUNPHARMA,Mar-15,Pharmaceuticals,interest_coverage,14.12,20
SUNPHARMA,Mar-15,Pharmaceuticals,asset_turnover,0.56,25
SUNPHARMA,Mar-15,Pharmaceuticals,free_cash_flow_cr,4114,95
SUNPHARMA,Mar-15,Pharmaceuticals,revenue_cagr_5yr,,
SUNPHARMA,Mar-15,Pharmaceuticals,pat_cagr_5yr,,
SUNPHARMA,Mar-15,Pharmaceuticals,composite_quality_score,31.33,55
SUNPHARMA,Mar-16,Pharmaceuticals,return_on_equity_pct,17.15,55
SUNPHARMA,Mar-16,Pharmaceuticals,return_on_capital_employed_pct,19.71,30
SUNPHARMA,Mar-16,Pharmaceuticals,net_profit_margin_pct,19.86,70
SUNPHARMA,Mar-16,Pharmaceuticals,debt_to_equity,0.26,43.33
SUNPHARMA,Mar-16,Pharmaceuticals,interest_coverage,15.55,23.33
SUNPHARMA,Mar-16,Pharmaceuticals,asset_turnover,0.51,10.83
SUNPHARMA,Mar-16,Pharmaceuticals,free_cash_flow_cr,2737,86.67
SUNPHARMA,Mar-16,Pharmaceuticals,revenue_cagr_5yr,,
SUNPHARMA,Mar-16,Pharmaceuticals,pat_cagr_5yr,,
SUNPHARMA,Mar-16,Pharmaceuticals,composite_quality_score,29.96,41.67
SUNPHARMA,Mar-17,Pharmaceuticals,return_on_equity_pct,21.41,73.33
SUNPHARMA,Mar-17,Pharmaceuticals,return_on_capital_employed_pct,21.74,38.33
SUNPHARMA,Mar-17,Pharmaceuticals,net_profit_margin_pct,24.85,81.67
SUNPHARMA,Mar-17,Pharmaceuticals,debt_to_equity,0.27,39.17
SUNPHARMA,Mar-17,Pharmaceuticals,interest_coverage,26.78,31.67
SUNPHARMA,Mar-17,Pharmaceuticals,asset_turnover,0.52,13.33
SUNPHARMA,Mar-17,Pharmaceuticals,free_cash_flow_cr,2896,88.33
SUNPHARMA,Mar-17,Pharmaceuticals,revenue_cagr_5yr,,
SUNPHARMA,Mar-17,Pharmaceuticals,pat_cagr_5yr,,
SUNPHARMA,Mar-17,Pharmaceuticals,composite_quality_score,32.44,65
SUNPHARMA,Mar-18,Pharmaceuticals,return_on_equity_pct,6.63,3.33
SUNPHARMA,Mar-18,Pharmaceuticals,return_on_capital_employed_pct,11.56,1.67
SUNPHARMA,Mar-18,Pharmaceuticals,net_profit_margin_pct,9.6,18.33
SUNPHARMA,Mar-18,Pharmaceuticals,debt_to_equity,0.27,39.17
SUNPHARMA,Mar-18,Pharmaceuticals,interest_coverage,10.61,16.67
SUNPHARMA,Mar-18,Pharmaceuticals,asset_turnover,0.41,1.67
SUNPHARMA,Mar-18,Pharmaceuticals,free_cash_flow_cr,803,50
SUNPHARMA,Mar-18,Pharmaceuticals,revenue_cagr_5yr,18.93,100
SUNPHARMA,Mar-18,Pharmaceuticals,pat_cagr_5yr,-6.03,17.14
SUNPHARMA,Mar-18,Pharmaceuticals,composite_quality_score,26.35,15
SUNPHARMA,Mar-19,Pharmaceuticals,return_on_equity_pct,7.75,8.33
SUNPHARMA,Mar-19,Pharmaceuticals,return_on_capital_employed_pct,12.28,5
SUNPHARMA,Mar-19,Pharmaceuticals,net_profit_margin_pct,11.04,26.67
SUNPHARMA,Mar-19,Pharmaceuticals,debt_to_equity,0.25,45
SUNPHARMA,Mar-19,Pharmaceuticals,interest_coverage,11.03,18.33
SUNPHARMA,Mar-19,Pharmaceuticals,asset_turnover,0.45,5
SUNPHARMA,Mar-19,Pharmaceuticals,free_cash_flow_cr,1886,80
SUNPHARMA,Mar-19,Pharmaceuticals,revenue_cagr_5yr,12.57,71.43
SUNPHARMA,Mar-19,Pharmaceuticals,pat_cagr_5yr,-3.73,22.86
SUNPHARMA,Mar-19,Pharmaceuticals,composite_quality_score,26.38,16.67
SUNPHARMA,Mar-20,Pharmaceuticals,return_on_equity_pct,9.22,11.67
SUNPHARMA,Mar-20,Pharmaceuticals,return_on_capital_employed_pct,13.03,6.67
SUNPHARMA,Mar-20,Pharmaceuticals,net_profit_margin_pct,12.7,38.33
SUNPHARMA,Mar-20,Pharmaceuticals,debt_to_equity,0.18,48.33
SUNPHARMA,Mar-20,Pharmaceuticals,interest_coverage,24.31,28.33
SUNPHARMA,Mar-20,Pharmaceuticals,asset_turnover,0.48,6.67
SUNPHARMA,Mar-20,Pharmaceuticals,free_cash_flow_cr,4330,96.67
SUNPHARMA,Mar-20,Pharmaceuticals,revenue_cagr_5yr,3.69,14.29
SUNPHARMA,Mar-20,Pharmaceuticals,pat_cagr_5yr,-5.29,20
SUNPHARMA,Mar-20,Pharmaceuticals,composite_quality_score,25.91,11.67
SUNPHARMA,Mar-21,Pharmaceuticals,return_on_equity_pct,4.89,1.67
SUNPHARMA,Mar-21,Pharmaceuticals,return_on_capital_employed_pct,16.83,16.67
SUNPHARMA,Mar-21,Pharmaceuticals,net_profit_margin_pct,6.78,5
SUNPHARMA,Mar-21,Pharmaceuticals,debt_to_equity,0.08,65
SUNPHARMA,Mar-21,Pharmaceuticals,interest_coverage,35.61,48.33
SUNPHARMA,Mar-21,Pharmaceuticals,asset_turnover,0.5,8.33
SUNPHARMA,Mar-21,Pharmaceuticals,free_cash_flow_cr,6577,98.33
SUNPHARMA,Mar-21,Pharmaceuticals,revenue_cagr_5yr,3.29,8.57
SUNPHARMA,Mar-21,Pharmaceuticals,pat_cagr_5yr,-16.68,2.86
SUNPHARMA,Mar-21,Pharmaceuticals,composite_quality_score,22.23,1.67
SUNPHARMA,Mar-22,Pharmaceuticals,return_on_equity_pct,7.06,5
SUNPHARMA,Mar-22,Pharmaceuticals,return_on_capital_employed_pct,20.81,35
SUNPHARMA,Mar-22,Pharmaceuticals,net_profit_margin_pct,8.77,10
SUNPHARMA,Mar-22,Pharmaceuticals,debt_to_equity,0.03,74.17
SUNPHARMA,Mar-22,Pharmaceuticals,interest_coverage,53.17,63.33
SUNPHARMA,Mar-22,Pharmaceuticals,asset_turnover,0.55,21.67
SUNPHARMA,Mar-22,Pharmaceuticals,free_cash_flow_cr,3429,93.33
SUNPHARMA,Mar-22,Pharmaceuticals,revenue_cagr_5yr,4.13,22.86
SUNPHARMA,Mar-22,Pharmaceuticals,pat_cagr_5yr,-15.46,5.71
SUNPHARMA,Mar-22,Pharmaceuticals,composite_quality_score,23.79,6.67
SUNPHARMA,Mar-23,Pharmaceuticals,return_on_equity_pct,15.2,48.33
SUNPHARMA,Mar-23,Pharmaceuticals,return_on_capital_employed_pct,18.53,21.67
SUNPHARMA,Mar-23,Pharmaceuticals,net_profit_margin_pct,19.4,66.67
SUNPHARMA,Mar-23,Pharmaceuticals,debt_to_equity,0.12,59.17
SUNPHARMA,Mar-23,Pharmaceuticals,interest_coverage,70.4,75
SUNPHARMA,Mar-23,Pharmaceuticals,asset_turnover,0.54,16.67
SUNPHARMA,Mar-23,Pharmaceuticals,free_cash_flow_cr,-2261,5
SUNPHARMA,Mar-23,Pharmaceuticals,revenue_cagr_5yr,10.62,57.14
SUNPHARMA,Mar-23,Pharmaceuticals,pat_cagr_5yr,27.34,94.29
SUNPHARMA,Mar-23,Pharmaceuticals,composite_quality_score,33.83,75
SUNPHARMA,Mar-24,Pharmaceuticals,return_on_equity_pct,15.09,46.67
SUNPHARMA,Mar-24,Pharmaceuticals,return_on_capital_employed_pct,19.45,26.67
SUNPHARMA,Mar-24,Pharmaceuticals,net_profit_margin_pct,19.82,68.33
SUNPHARMA,Mar-24,Pharmaceuticals,debt_to_equity,0.05,70.83
SUNPHARMA,Mar-24,Pharmaceuticals,interest_coverage,58.33,71.67
SUNPHARMA,Mar-24,Pharmaceuticals,asset_turnover,0.57,29.17
SUNPHARMA,Mar-24,Pharmaceuticals,free_cash_flow_cr,11372,100
SUNPHARMA,Mar-24,Pharmaceuticals,revenue_cagr_5yr,10.78,60
SUNPHARMA,Mar-24,Pharmaceuticals,pat_cagr_5yr,24.54,91.43
SUNPHARMA,Mar-24,Pharmaceuticals,composite_quality_score,33.79,73.33
TORNTPHARM,Mar-13,Pharmaceuticals,return_on_equity_pct,30.59,96.67
TORNTPHARM,Mar-13,Pharmaceuticals,return_on_capital_employed_pct,32.96,71.67
TORNTPHARM,Mar-13,Pharmaceuticals,net_profit_margin_pct,13.58,45
TORNTPHARM,Mar-13,Pharmaceuticals,debt_to_equity,0.49,21.67
TORNTPHARM,Mar-13,Pharmaceuticals,interest_coverage,20.53,26.67
TORNTPHARM,Mar-13,Pharmaceuticals,asset_turnover,0.85,98.33
TORNTPHARM,Mar-13,Pharmaceuticals,free_cash_flow_cr,-94,13.33
TORNTPHARM,Mar-13,Pharmaceuticals,revenue_cagr_5yr,,
TORNTPHARM,Mar-13,Pharmaceuticals,pat_cagr_5yr,,
TORNTPHARM,Mar-13,Pharmaceuticals,composite_quality_score,33.29,71.67
TORNTPHARM,Mar-14,Pharmaceuticals,return_on_equity_pct,34.89,98.33
TORNTPHARM,Mar-14,Pharmaceuticals,return_on_capital_employed_pct,31.47,66.67
TORNTPHARM,Mar-14,Pharmaceuticals,net_profit_margin_pct,15.92,56.67
TORNTPHARM,Mar-14,Pharmaceuticals,debt_to_equity,0.59,14.17
TORNTPHARM,Mar-14,Pharmaceuticals,interest_coverage,16.76,25
TORNTPHARM,Mar-14,Pharmaceuticals,asset_turnover,0.83,95
TORNTPHARM,Mar-14,Pharmaceuticals,free_cash_flow_cr,181,23.33
TORNTPHARM,Mar-14,Pharmaceuticals,revenue_cagr_5yr,,
TORNTPHARM,Mar-14,Pharmaceuticals,pat_cagr_5yr,,
TORNTPHARM,Mar-14,Pharmaceuticals,composite_quality_score,35.05,83.33
TORNTPHARM,Mar-15,Pharmaceuticals,return_on_equity_pct,30.15,95
TORNTPHARM,Mar-15,Pharmaceuticals,return_on_capital_employed_pct,19.5,28.33
TORNTPHARM,Mar-15,Pharmaceuticals,net_profit_margin_pct,16.2,61.67
TORNTPHARM,Mar-15,Pharmaceuticals,debt_to_equity,1.1,5
TORNTPHARM,Mar-15,Pharmaceuticals,interest_coverage,7.46,8.33
TORNTPHARM,Mar-15,Pharmaceuticals,asset_turnover,0.59,33.33
TORNTPHARM,Mar-15,Pharmaceuticals,free_cash_flow_cr,-1303,6.67
TORNTPHARM,Mar-15,Pharmaceuticals,revenue_cagr_5yr,,
TORNTPHARM,Mar-15,Pharmaceuticals,pat_cagr_5yr,,
TORNTPHARM,Mar-15,Pharmaceuticals,composite_quality_score,32.18,61.67
TORNTPHARM,Mar-16,Pharmaceuticals,return_on_equity_pct,49.6,100
TORNTPHARM,Mar-16,Pharmaceuticals,return_on_capital_employed_pct,46.75,80
TORNTPHARM,Mar-16,Pharmaceuticals,net_profit_margin_pct,25.92,85
TORNTPHARM,Mar-16,Pharmaceuticals,debt_to_equity,0.67,11.67
TORNTPHARM,Mar-16,Pharmaceuticals,interest_coverage,15.03,21.67
TORNTPHARM,Mar-16,Pharmaceuticals,asset_turnover,0.75,77.5
TORNTPHARM,Mar-16,Pharmaceuticals,free_cash_flow_cr,1873,78.33
TORNTPHARM,Mar-16,Pharmaceuticals,revenue_cagr_5yr,,
TORNTPHARM,Mar-16,Pharmaceuticals,pat_cagr_5yr,,
TORNTPHARM,Mar-16,Pharmaceuticals,composite_quality_score,41.95,100
TORNTPHARM,Mar-17,Pharmaceuticals,return_on_equity_pct,21.47,76.67
TORNTPHARM,Mar-17,Pharmaceuticals,return_on_capital_employed_pct,20.07,31.67
TORNTPHARM,Mar-17,Pharmaceuticals,net_profit_margin_pct,16.06,58.33
TORNTPHARM,Mar-17,Pharmaceuticals,debt_to_equity,0.58,17.5
TORNTPHARM,Mar-17,Pharmaceuticals,interest_coverage,7.77,10
TORNTPHARM,Mar-17,Pharmaceuticals,asset_turnover,0.61,35
TORNTPHARM,Mar-17,Pharmaceuticals,free_cash_flow_cr,211,25
TORNTPHARM,Mar-17,Pharmaceuticals,revenue_cagr_5yr,,
TORNTPHARM,Mar-17,Pharmaceuticals,pat_cagr_5yr,,
TORNTPHARM,Mar-17,Pharmaceuticals,composite_quality_score,30.18,43.33
TORNTPHARM,Mar-18,Pharmaceuticals,return_on_equity_pct,14.67,43.33
TORNTPHARM,Mar-18,Pharmaceuticals,return_on_capital_employed_pct,12.17,3.33
TORNTPHARM,Mar-18,Pharmaceuticals,net_profit_margin_pct,11.39,28.33
TORNTPHARM,Mar-18,Pharmaceuticals,debt_to_equity,1.4,0
TORNTPHARM,Mar-18,Pharmaceuticals,interest_coverage,5.35,5
TORNTPHARM,Mar-18,Pharmaceuticals,asset_turnover,0.42,3.33
TORNTPHARM,Mar-18,Pharmaceuticals,free_cash_flow_cr,-3783,1.67
TORNTPHARM,Mar-18,Pharmaceuticals,revenue_cagr_5yr,13.19,88.57
TORNTPHARM,Mar-18,Pharmaceuticals,pat_cagr_5yr,9.28,54.29
TORNTPHARM,Mar-18,Pharmaceuticals,composite_quality_score,27.94,30
TORNTPHARM,Mar-19,Pharmaceuticals,return_on_equity_pct,9.23,13.33
TORNTPHARM,Mar-19,Pharmaceuticals,return_on_capital_employed_pct,18.42,20
TORNTPHARM,Mar-19,Pharmaceuticals,net_profit_margin_pct,5.68,1.67
TORNTPHARM,Mar-19,Pharmaceuticals,debt_to_equity,1.28,1.67
TORNTPHARM,Mar-19,Pharmaceuticals,interest_coverage,3.34,1.67
TORNTPHARM,Mar-19,Pharmaceuticals,asset_turnover,0.54,16.67
TORNTPHARM,Mar-19,Pharmaceuticals,free_cash_flow_cr,1552,66.67
TORNTPHARM,Mar-19,Pharmaceuticals,revenue_cagr_5yr,12.96,82.86
TORNTPHARM,Mar-19,Pharmaceuticals,pat_cagr_5yr,-8.07,11.43
TORNTPHARM,Mar-19,Pharmaceuticals,composite_quality_score,23.48,5
TORNTPHARM,Mar-20,Pharmaceuticals,return_on_equity_pct,21.25,68.33
TORNTPHARM,Mar-20,Pharmaceuticals,return_on_capital_employed_pct,20.46,33.33
TORNTPHARM,Mar-20,Pharmaceuticals,net_profit_margin_pct,12.91,41.67
TORNTPHARM,Mar-20,Pharmaceuticals,debt_to_equity,1.2,3.33
TORNTPHARM,Mar-20,Pharmaceuticals,interest_coverage,5.08,3.33
TORNTPHARM,Mar-20,Pharmaceuticals,asset_turnover,0.57,29.17
TORNTPHARM,Mar-20,Pharmaceuticals,free_cash_flow_cr,1622,71.67
TORNTPHARM,Mar-20,Pharmaceuticals,revenue_cagr_5yr,11.36,62.86
TORNTPHARM,Mar-20,Pharmaceuticals,pat_cagr_5yr,6.42,48.57
TORNTPHARM,Mar-20,Pharmaceuticals,composite_quality_score,30.54,50
TORNTPHARM,Mar-21,Pharmaceuticals,return_on_equity_pct,21.45,75
TORNTPHARM,Mar-21,Pharmaceuticals,return_on_capital_employed_pct,23.15,43.33
TORNTPHARM,Mar-21,Pharmaceuticals,net_profit_margin_pct,15.64,55
TORNTPHARM,Mar-21,Pharmaceuticals,debt_to_equity,0.83,8.33
TORNTPHARM,Mar-21,Pharmaceuticals,interest_coverage,7.19,6.67
TORNTPHARM,Mar-21,Pharmaceuticals,asset_turnover,0.57,29.17
TORNTPHARM,Mar-21,Pharmaceuticals,free_cash_flow_cr,1561,68.33
TORNTPHARM,Mar-21,Pharmaceuticals,revenue_cagr_5yr,3.66,11.43
TORNTPHARM,Mar-21,Pharmaceuticals,pat_cagr_5yr,-6.3,14.29
TORNTPHARM,Mar-21,Pharmaceuticals,composite_quality_score,29.46,38.33
TORNTPHARM,Mar-22,Pharmaceuticals,return_on_equity_pct,13.05,36.67
TORNTPHARM,Mar-22,Pharmaceuticals,return_on_capital_employed_pct,24.25,45
TORNTPHARM,Mar-22,Pharmaceuticals,net_profit_margin_pct,9.13,15
TORNTPHARM,Mar-22,Pharmaceuticals,debt_to_equity,0.68,10
TORNTPHARM,Mar-22,Pharmaceuticals,interest_coverage,8.4,11.67
TORNTPHARM,Mar-22,Pharmaceuticals,asset_turnover,0.66,46.67
TORNTPHARM,Mar-22,Pharmaceuticals,free_cash_flow_cr,1607,70
TORNTPHARM,Mar-22,Pharmaceuticals,revenue_cagr_5yr,7.9,31.43
TORNTPHARM,Mar-22,Pharmaceuticals,pat_cagr_5yr,-3.61,25.71
TORNTPHARM,Mar-22,Pharmaceuticals,composite_quality_score,26.52,18.33
TORNTPHARM,Mar-23,Pharmaceuticals,return_on_equity_pct,20.09,65
TORNTPHARM,Mar-23,Pharmaceuticals,return_on_capital_employed_pct,24.57,46.67
TORNTPHARM,Mar-23,Pharmaceuticals,net_profit_margin_pct,12.94,43.33
TORNTPHARM,Mar-23,Pharmaceuticals,debt_to_equity,0.87,6.67
TORNTPHARM,Mar-23,Pharmaceuticals,interest_coverage,8.67,13.33
TORNTPHARM,Mar-23,Pharmaceuticals,asset_turnover,0.66,46.67
TORNTPHARM,Mar-23,Pharmaceuticals,free_cash_flow_cr,33,20
TORNTPHARM,Mar-23,Pharmaceuticals,revenue_cagr_5yr,10.09,54.29
TORNTPHARM,Mar-23,Pharmaceuticals,pat_cagr_5yr,12.92,71.43
TORNTPHARM,Mar-23,Pharmaceuticals,composite_quality_score,31.34,57.5
TORNTPHARM,Mar-24,Pharmaceuticals,return_on_equity_pct,24.15,85
TORNTPHARM,Mar-24,Pharmaceuticals,return_on_capital_employed_pct,30.96,63.33
TORNTPHARM,Mar-24,Pharmaceuticals,net_profit_margin_pct,15.44,51.67
TORNTPHARM,Mar-24,Pharmaceuticals,debt_to_equity,0.59,14.17
TORNTPHARM,Mar-24,Pharmaceuticals,interest_coverage,9.93,15
TORNTPHARM,Mar-24,Pharmaceuticals,asset_turnover,0.74,75
TORNTPHARM,Mar-24,Pharmaceuticals,free_cash_flow_cr,3106,90
TORNTPHARM,Mar-24,Pharmaceuticals,revenue_cagr_5yr,6.93,28.57
TORNTPHARM,Mar-24,Pharmaceuticals,pat_cagr_5yr,30.59,97.14
TORNTPHARM,Mar-24,Pharmaceuticals,composite_quality_score,35.2,86.67
ADANIGREEN,Mar-17,Power & Utilities,return_on_equity_pct,-3.91,12.5
ADANIGREEN,Mar-17,Power & Utilities,return_on_capital_employed_pct,7.26,10
ADANIGREEN,Mar-17,Power & Utilities,net_profit_margin_pct,-9.36,6.25
ADANIGREEN,Mar-17,Power & Utilities,debt_to_equity,3.61,21.25
ADANIGREEN,Mar-17,Power & Utilities,interest_coverage,1.45,13.75
ADANIGREEN,Mar-17,Power & Utilities,asset_turnover,0.08,1.25
ADANIGREEN,Mar-17,Power & Utilities,free_cash_flow_cr,-1483,21.25
ADANIGREEN,Mar-17,Power & Utilities,revenue_cagr_5yr,,
ADANIGREEN,Mar-17,Power & Utilities,pat_cagr_5yr,,
ADANIGREEN,Mar-17,Power & Utilities,composite_quality_score,9.62,16.25
ADANIGREEN,Mar-18,Power & Utilities,return_on_equity_pct,-10.29,10
ADANIGREEN,Mar-18,Power & Utilities,return_on_capital_employed_pct,7.52,12.5
ADANIGREEN,Mar-18,Power & Utilities,net_profit_margin_pct,-9.32,7.5
ADANIGREEN,Mar-18,Power & Utilities,debt_to_equity,7.36,10
ADANIGREEN,Mar-18,Power & Utilities,interest_coverage,1.6,17.5
ADANIGREEN,Mar-18,Power & Utilities,asset_turnover,0.09,3.12
ADANIGREEN,Mar-18,Power & Utilities,free_cash_flow_cr,-3779,15
ADANIGREEN,Mar-18,Power & Utilities,revenue_cagr_5yr,,
ADANIGREEN,Mar-18,Power & Utilities,pat_cagr_5yr,,
ADANIGREEN,Mar-18,Power & Utilities,composite_quality_score,-0.1,8.75
ADANIGREEN,Mar-19,Power & Utilities,return_on_equity_pct,-24.57,6.25
ADANIGREEN,Mar-19,Power & Utilities,return_on_capital_employed_pct,11.67,62.5
ADANIGREEN,Mar-19,Power & Utilities,net_profit_margin_pct,-23.08,3.75
ADANIGREEN,Mar-19,Power & Utilities,debt_to_equity,5.76,17.5
ADANIGREEN,Mar-19,Power & Utilities,interest_coverage,1.43,12.5
ADANIGREEN,Mar-19,Power & Utilities,asset_turnover,0.14,32.5
ADANIGREEN,Mar-19,Power & Utilities,free_cash_flow_cr,-1041,26.25
ADANIGREEN,Mar-19,Power & Utilities,revenue_cagr_5yr,,
ADANIGREEN,Mar-19,Power & Utilities,pat_cagr_5yr,,
ADANIGREEN,Mar-19,Power & Utilities,composite_quality_score,-4.6,6.25
ADANIGREEN,Mar-20,Power & Utilities,return_on_equity_pct,-2.89,13.75
ADANIGREEN,Mar-20,Power & Utilities,return_on_capital_employed_pct,8.42,17.5
ADANIGREEN,Mar-20,Power & Utilities,net_profit_margin_pct,-2.67,12.5
ADANIGREEN,Mar-20,Power & Utilities,debt_to_equity,6.31,15
ADANIGREEN,Mar-20,Power & Utilities,interest_coverage,1.35,10.62
ADANIGREEN,Mar-20,Power & Utilities,asset_turnover,0.14,32.5
ADANIGREEN,Mar-20,Power & Utilities,free_cash_flow_cr,-1778,20
ADANIGREEN,Mar-20,Power & Utilities,revenue_cagr_5yr,,
ADANIGREEN,Mar-20,Power & Utilities,pat_cagr_5yr,,
ADANIGREEN,Mar-20,Power & Utilities,composite_quality_score,5.97,13.75
ADANIGREEN,Mar-21,Power & Utilities,return_on_equity_pct,8.27,32.5
ADANIGREEN,Mar-21,Power & Utilities,return_on_capital_employed_pct,8.49,18.75
ADANIGREEN,Mar-21,Power & Utilities,net_profit_margin_pct,5.83,28.75
ADANIGREEN,Mar-21,Power & Utilities,debt_to_equity,11,3.75
ADANIGREEN,Mar-21,Power & Utilities,interest_coverage,1.35,10.62
ADANIGREEN,Mar-21,Power & Utilities,asset_turnover,0.11,10
ADANIGREEN,Mar-21,Power & Utilities,free_cash_flow_cr,-7536,7.5
ADANIGREEN,Mar-21,Power & Utilities,revenue_cagr_5yr,,
ADANIGREEN,Mar-21,Power & Utilities,pat_cagr_5yr,,
ADANIGREEN,Mar-21,Power & Utilities,composite_quality_score,4.17,10
ADANIGREEN,Mar-22,Power & Utilities,return_on_equity_pct,18.71,95
ADANIGREEN,Mar-22,Power & Utilities,return_on_capital_employed_pct,6.33,6.25
ADANIGREEN,Mar-22,Power & Utilities,net_profit_margin_pct,9.53,37.5
ADANIGREEN,Mar-22,Power & Utilities,debt_to_equity,20.21,1.25
ADANIGREEN,Mar-22,Power & Utilities,interest_coverage,1.54,15
ADANIGREEN,Mar-22,Power & Utilities,asset_turnover,0.09,3.12
ADANIGREEN,Mar-22,Power & Utilities,free_cash_flow_cr,-15603,1.25
ADANIGREEN,Mar-22,Power & Utilities,revenue_cagr_5yr,59.2,100
ADANIGREEN,Mar-22,Power & Utilities,pat_cagr_5yr,,
ADANIGREEN,Mar-22,Power & Utilities,composite_quality_score,17.42,25
ADANIGREEN,Mar-23,Power & Utilities,return_on_equity_pct,13.32,75
ADANIGREEN,Mar-23,Power & Utilities,return_on_capital_employed_pct,8.08,15
ADANIGREEN,Mar-23,Power & Utilities,net_profit_margin_pct,12.51,48.75
ADANIGREEN,Mar-23,Power & Utilities,debt_to_equity,7.42,8.75
ADANIGREEN,Mar-23,Power & Utilities,interest_coverage,1.94,22.5
ADANIGREEN,Mar-23,Power & Utilities,asset_turnover,0.12,16.88
ADANIGREEN,Mar-23,Power & Utilities,free_cash_flow_cr,3408,63.75
ADANIGREEN,Mar-23,Power & Utilities,revenue_cagr_5yr,39.35,97.78
ADANIGREEN,Mar-23,Power & Utilities,pat_cagr_5yr,,
ADANIGREEN,Mar-23,Power & Utilities,composite_quality_score,18.35,26.25
ADANIGREEN,Mar-24,Power & Utilities,return_on_equity_pct,12.81,66.25
ADANIGREEN,Mar-24,Power & Utilities,return_on_capital_employed_pct,9.8,40
ADANIGREEN,Mar-24,Power & Utilities,net_profit_margin_pct,13.67,55
ADANIGREEN,Mar-24,Power & Utilities,debt_to_equity,6.6,13.75
ADANIGREEN,Mar-24,Power & Utilities,interest_coverage,1.71,18.75
ADANIGREEN,Mar-24,Power & Utilities,asset_turnover,0.1,6.25
ADANIGREEN,Mar-24,Power & Utilities,free_cash_flow_cr,-13347,2.5
ADANIGREEN,Mar-24,Power & Utilities,revenue_cagr_5yr,34.98,95.56
ADANIGREEN,Mar-24,Power & Utilities,pat_cagr_5yr,,
ADANIGREEN,Mar-24,Power & Utilities,composite_quality_score,19.36,28.75
ADANIPOWER,Mar-13,Power & Utilities,return_on_equity_pct,-53.46,3.75
ADANIPOWER,Mar-13,Power & Utilities,return_on_capital_employed_pct,2.08,1.25
ADANIPOWER,Mar-13,Power & Utilities,net_profit_margin_pct,-34.29,1.25
ADANIPOWER,Mar-13,Power & Utilities,debt_to_equity,9.74,5
ADANIPOWER,Mar-13,Power & Utilities,interest_coverage,0.69,2.5
ADANIPOWER,Mar-13,Power & Utilities,asset_turnover,0.12,16.88
ADANIPOWER,Mar-13,Power & Utilities,free_cash_flow_cr,-1063,25
ADANIPOWER,Mar-13,Power & Utilities,revenue_cagr_5yr,,
ADANIPOWER,Mar-13,Power & Utilities,pat_cagr_5yr,,
ADANIPOWER,Mar-13,Power & Utilities,composite_quality_score,-24.93,3.75
ADANIPOWER,Mar-14,Power & Utilities,return_on_equity_pct,-4.45,11.25
ADANIPOWER,Mar-14,Power & Utilities,return_on_capital_employed_pct,9.06,23.75
ADANIPOWER,Mar-14,Power & Utilities,net_profit_margin_pct,-1.9,13.75
ADANIPOWER,Mar-14,Power & Utilities,debt_to_equity,6.75,12.5
ADANIPOWER,Mar-14,Power & Utilities,interest_coverage,1.14,5.62
ADANIPOWER,Mar-14,Power & Utilities,asset_turnover,0.26,45.62
ADANIPOWER,Mar-14,Power & Utilities,free_cash_flow_cr,-1462,22.5
ADANIPOWER,Mar-14,Power & Utilities,revenue_cagr_5yr,,
ADANIPOWER,Mar-14,Power & Utilities,pat_cagr_5yr,,
ADANIPOWER,Mar-14,Power & Utilities,composite_quality_score,4.82,12.5
ADANIPOWER,Mar-15,Power & Utilities,return_on_equity_pct,-14.25,7.5
ADANIPOWER,Mar-15,Power & Utilities,return_on_capital_employed_pct,9.27,26.88
ADANIPOWER,Mar-15,Power & Utilities,net_profit_margin_pct,-4.37,10
ADANIPOWER,Mar-15,Power & Utilities,debt_to_equity,7.82,7.5
ADANIPOWER,Mar-15,Power & Utilities,interest_coverage,1.21,7.5
ADANIPOWER,Mar-15,Power & Utilities,asset_turnover,0.32,59.38
ADANIPOWER,Mar-15,Power & Utilities,free_cash_flow_cr,1087,42.5
ADANIPOWER,Mar-15,Power & Utilities,revenue_cagr_5yr,,
ADANIPOWER,Mar-15,Power & Utilities,pat_cagr_5yr,,
ADANIPOWER,Mar-15,Power & Utilities,composite_quality_score,-1.18,7.5
ADANIPOWER,Mar-16,Power & Utilities,return_on_equity_pct,7.38,28.75
ADANIPOWER,Mar-16,Power & Utilities,return_on_capital_employed_pct,14.62,86.88
ADANIPOWER,Mar-16,Power & Utilities,net_profit_margin_pct,2.17,20
ADANIPOWER,Mar-16,Power & Utilities,debt_to_equity,7.06,11.25
ADANIPOWER,Mar-16,Power & Utilities,interest_coverage,1.55,16.25
ADANIPOWER,Mar-16,Power & Utilities,asset_turnover,0.33,66.88
ADANIPOWER,Mar-16,Power & Utilities,free_cash_flow_cr,2565,52.5
ADANIPOWER,Mar-16,Power & Utilities,revenue_cagr_5yr,,
ADANIPOWER,Mar-16,Power & Utilities,pat_cagr_5yr,,
ADANIPOWER,Mar-16,Power & Utilities,composite_quality_score,9.23,15
ADANIPOWER,Mar-17,Power & Utilities,return_on_equity_pct,-205.8,2.5
ADANIPOWER,Mar-17,Power & Utilities,return_on_capital_employed_pct,10.78,53.75
ADANIPOWER,Mar-17,Power & Utilities,net_profit_margin_pct,-27.3,2.5
ADANIPOWER,Mar-17,Power & Utilities,debt_to_equity,17.49,2.5
ADANIPOWER,Mar-17,Power & Utilities,interest_coverage,0.39,1.25
ADANIPOWER,Mar-17,Power & Utilities,asset_turnover,0.32,59.38
ADANIPOWER,Mar-17,Power & Utilities,free_cash_flow_cr,3513,66.25
ADANIPOWER,Mar-17,Power & Utilities,revenue_cagr_5yr,,
ADANIPOWER,Mar-17,Power & Utilities,pat_cagr_5yr,,
ADANIPOWER,Mar-17,Power & Utilities,composite_quality_score,-77.17,2.5
ADANIPOWER,Mar-18,Power & Utilities,return_on_equity_pct,-236.56,1.25
ADANIPOWER,Mar-18,Power & Utilities,return_on_capital_employed_pct,10.12,48.12
ADANIPOWER,Mar-18,Power & Utilities,net_profit_margin_pct,-10.36,5
ADANIPOWER,Mar-18,Power & Utilities,debt_to_equity,59.43,0
ADANIPOWER,Mar-18,Power & Utilities,interest_coverage,1.11,3.75
ADANIPOWER,Mar-18,Power & Utilities,asset_turnover,0.29,51.88
ADANIPOWER,Mar-18,Power & Utilities,free_cash_flow_cr,4581,73.75
ADANIPOWER,Mar-18,Power & Utilities,revenue_cagr_5yr,24.85,93.33
ADANIPOWER,Mar-18,Power & Utilities,pat_cagr_5yr,,
ADANIPOWER,Mar-18,Power & Utilities,composite_quality_score,-80.85,1.25
ADANIPOWER,Mar-19,Power & Utilities,return_on_equity_pct,-12.76,8.75
ADANIPOWER,Mar-19,Power & Utilities,return_on_capital_employed_pct,9.11,25
ADANIPOWER,Mar-19,Power & Utilities,net_profit_margin_pct,-4.12,11.25
ADANIPOWER,Mar-19,Power & Utilities,debt_to_equity,6.09,16.25
ADANIPOWER,Mar-19,Power & Utilities,interest_coverage,1.31,8.75
ADANIPOWER,Mar-19,Power & Utilities,asset_turnover,0.35,76.25
ADANIPOWER,Mar-19,Power & Utilities,free_cash_flow_cr,4626,75
ADANIPOWER,Mar-19,Power & Utilities,revenue_cagr_5yr,9.28,64.44
ADANIPOWER,Mar-19,Power & Utilities,pat_cagr_5yr,,
ADANIPOWER,Mar-19,Power & Utilities,composite_quality_score,4.27,11.25
ADANIPOWER,Mar-20,Power & Utilities,return_on_equity_pct,-35.1,5
ADANIPOWER,Mar-20,Power & Utilities,return_on_capital_employed_pct,9.3,29.38
ADANIPOWER,Mar-20,Power & Utilities,net_profit_margin_pct,-8.6,8.75
ADANIPOWER,Mar-20,Power & Utilities,debt_to_equity,8.52,6.25
ADANIPOWER,Mar-20,Power & Utilities,interest_coverage,1.14,5.62
ADANIPOWER,Mar-20,Power & Utilities,asset_turnover,0.35,76.25
ADANIPOWER,Mar-20,Power & Utilities,free_cash_flow_cr,3294,62.5
ADANIPOWER,Mar-20,Power & Utilities,revenue_cagr_5yr,7.21,55.56
ADANIPOWER,Mar-20,Power & Utilities,pat_cagr_5yr,,
ADANIPOWER,Mar-20,Power & Utilities,composite_quality_score,-9.61,5
ADANIPOWER,Mar-21,Power & Utilities,return_on_equity_pct,9.69,43.75
ADANIPOWER,Mar-21,Power & Utilities,return_on_capital_employed_pct,13.24,77.5
ADANIPOWER,Mar-21,Power & Utilities,net_profit_margin_pct,4.84,26.25
ADANIPOWER,Mar-21,Power & Utilities,debt_to_equity,4.01,18.75
ADANIPOWER,Mar-21,Power & Utilities,interest_coverage,2.08,28.12
ADANIPOWER,Mar-21,Power & Utilities,asset_turnover,0.33,66.88
ADANIPOWER,Mar-21,Power & Utilities,free_cash_flow_cr,4826,76.25
ADANIPOWER,Mar-21,Power & Utilities,revenue_cagr_5yr,0.66,17.78
ADANIPOWER,Mar-21,Power & Utilities,pat_cagr_5yr,18.18,83.33
ADANIPOWER,Mar-21,Power & Utilities,composite_quality_score,18.59,27.5
ADANIPOWER,Mar-22,Power & Utilities,return_on_equity_pct,26.61,97.5
ADANIPOWER,Mar-22,Power & Utilities,return_on_capital_employed_pct,14.62,86.88
ADANIPOWER,Mar-22,Power & Utilities,net_profit_margin_pct,17.73,66.25
ADANIPOWER,Mar-22,Power & Utilities,debt_to_equity,2.66,28.75
ADANIPOWER,Mar-22,Power & Utilities,interest_coverage,3.37,50
ADANIPOWER,Mar-22,Power & Utilities,asset_turnover,0.34,73.12
ADANIPOWER,Mar-22,Power & Utilities,free_cash_flow_cr,11007,88.75
ADANIPOWER,Mar-22,Power & Utilities,revenue_cagr_5yr,4.15,37.78
ADANIPOWER,Mar-22,Power & Utilities,pat_cagr_5yr,,
ADANIPOWER,Mar-22,Power & Utilities,composite_quality_score,28.5,71.25
ADANIPOWER,Mar-23,Power & Utilities,return_on_equity_pct,35.91,98.75
ADANIPOWER,Mar-23,Power & Utilities,return_on_capital_employed_pct,13.98,85
ADANIPOWER,Mar-23,Power & Utilities,net_profit_margin_pct,27.67,71.25
ADANIPOWER,Mar-23,Power & Utilities,debt_to_equity,1.42,64.38
ADANIPOWER,Mar-23,Power & Utilities,interest_coverage,4.29,62.5
ADANIPOWER,Mar-23,Power & Utilities,asset_turnover,0.45,93.75
ADANIPOWER,Mar-23,Power & Utilities,free_cash_flow_cr,9976,87.5
ADANIPOWER,Mar-23,Power & Utilities,revenue_cagr_5yr,13.81,73.33
ADANIPOWER,Mar-23,Power & Utilities,pat_cagr_5yr,,
ADANIPOWER,Mar-23,Power & Utilities,composite_quality_score,37.78,97.5
ADANIPOWER,Mar-24,Power & Utilities,return_on_equity_pct,48.28,100
ADANIPOWER,Mar-24,Power & Utilities,return_on_capital_employed_pct,23.44,100
ADANIPOWER,Mar-24,Power & Utilities,net_profit_margin_pct,41.37,97.5
ADANIPOWER,Mar-24,Power & Utilities,debt_to_equity,0.8,83.12
ADANIPOWER,Mar-24,Power & Utilities,interest_coverage,8.3,92.5
ADANIPOWER,Mar-24,Power & Utilities,asset_turnover,0.55,100
ADANIPOWER,Mar-24,Power & Utilities,free_cash_flow_cr,17651,91.25
ADANIPOWER,Mar-24,Power & Utilities,revenue_cagr_5yr,16.09,84.44
ADANIPOWER,Mar-24,Power & Utilities,pat_cagr_5yr,,
ADANIPOWER,Mar-24,Power & Utilities,composite_quality_score,46.54,100
JSWENERGY,Mar-13,Power & Utilities,return_on_equity_pct,14.52,78.75
JSWENERGY,Mar-13,Power & Utilities,return_on_capital_employed_pct,16.89,92.5
JSWENERGY,Mar-13,Power & Utilities,net_profit_margin_pct,10.16,41.25
JSWENERGY,Mar-13,Power & Utilities,debt_to_equity,1.67,50.62
JSWENERGY,Mar-13,Power & Utilities,interest_coverage,2.92,41.88
JSWENERGY,Mar-13,Power & Utilities,asset_turnover,0.44,90.62
JSWENERGY,Mar-13,Power & Utilities,free_cash_flow_cr,781,38.75
JSWENERGY,Mar-13,Power & Utilities,revenue_cagr_5yr,,
JSWENERGY,Mar-13,Power & Utilities,pat_cagr_5yr,,
JSWENERGY,Mar-13,Power & Utilities,composite_quality_score,24.21,42.5
JSWENERGY,Mar-14,Power & Utilities,return_on_equity_pct,11.57,56.25
JSWENERGY,Mar-14,Power & Utilities,return_on_capital_employed_pct,19.52,97.5
JSWENERGY,Mar-14,Power & Utilities,net_profit_margin_pct,8.79,36.25
JSWENERGY,Mar-14,Power & Utilities,debt_to_equity,1.54,57.5
JSWENERGY,Mar-14,Power & Utilities,interest_coverage,2.55,37.5
JSWENERGY,Mar-14,Power & Utilities,asset_turnover,0.45,93.75
JSWENERGY,Mar-14,Power & Utilities,free_cash_flow_cr,1906,47.5
JSWENERGY,Mar-14,Power & Utilities,revenue_cagr_5yr,,
JSWENERGY,Mar-14,Power & Utilities,pat_cagr_5yr,,
JSWENERGY,Mar-14,Power & Utilities,composite_quality_score,23.18,37.5
JSWENERGY,Mar-15,Power & Utilities,return_on_equity_pct,18.06,92.5
JSWENERGY,Mar-15,Power & Utilities,return_on_capital_employed_pct,21.56,98.75
JSWENERGY,Mar-15,Power & Utilities,net_profit_margin_pct,14.53,58.75
JSWENERGY,Mar-15,Power & Utilities,debt_to_equity,1.24,71.25
JSWENERGY,Mar-15,Power & Utilities,interest_coverage,3.36,48.75
JSWENERGY,Mar-15,Power & Utilities,asset_turnover,0.48,96.25
JSWENERGY,Mar-15,Power & Utilities,free_cash_flow_cr,2972,58.75
JSWENERGY,Mar-15,Power & Utilities,revenue_cagr_5yr,,
JSWENERGY,Mar-15,Power & Utilities,pat_cagr_5yr,,
JSWENERGY,Mar-15,Power & Utilities,composite_quality_score,27.23,68.75
JSWENERGY,Mar-16,Power & Utilities,return_on_equity_pct,15.05,81.25
JSWENERGY,Mar-16,Power & Utilities,return_on_capital_employed_pct,16.4,91.25
JSWENERGY,Mar-16,Power & Utilities,net_profit_margin_pct,14.86,62.5
JSWENERGY,Mar-16,Power & Utilities,debt_to_equity,1.53,58.75
JSWENERGY,Mar-16,Power & Utilities,interest_coverage,2.92,41.88
JSWENERGY,Mar-16,Power & Utilities,asset_turnover,0.34,73.12
JSWENERGY,Mar-16,Power & Utilities,free_cash_flow_cr,266,35
JSWENERGY,Mar-16,Power & Utilities,revenue_cagr_5yr,,
JSWENERGY,Mar-16,Power & Utilities,pat_cagr_5yr,,
JSWENERGY,Mar-16,Power & Utilities,composite_quality_score,25.52,50
JSWENERGY,Mar-17,Power & Utilities,return_on_equity_pct,6.01,23.75
JSWENERGY,Mar-17,Power & Utilities,return_on_capital_employed_pct,13.45,80
JSWENERGY,Mar-17,Power & Utilities,net_profit_margin_pct,7.54,33.75
JSWENERGY,Mar-17,Power & Utilities,debt_to_equity,1.38,66.25
JSWENERGY,Mar-17,Power & Utilities,interest_coverage,2.1,30
JSWENERGY,Mar-17,Power & Utilities,asset_turnover,0.29,51.88
JSWENERGY,Mar-17,Power & Utilities,free_cash_flow_cr,3091,60
JSWENERGY,Mar-17,Power & Utilities,revenue_cagr_5yr,,
JSWENERGY,Mar-17,Power & Utilities,pat_cagr_5yr,,
JSWENERGY,Mar-17,Power & Utilities,composite_quality_score,21.14,32.5
JSWENERGY,Mar-18,Power & Utilities,return_on_equity_pct,0.77,16.25
JSWENERGY,Mar-18,Power & Utilities,return_on_capital_employed_pct,11.8,65
JSWENERGY,Mar-18,Power & Utilities,net_profit_margin_pct,1.06,17.5
JSWENERGY,Mar-18,Power & Utilities,debt_to_equity,1.07,75
JSWENERGY,Mar-18,Power & Utilities,interest_coverage,1.9,20
JSWENERGY,Mar-18,Power & Utilities,asset_turnover,0.3,55
JSWENERGY,Mar-18,Power & Utilities,free_cash_flow_cr,3719,68.75
JSWENERGY,Mar-18,Power & Utilities,revenue_cagr_5yr,-1.92,13.33
JSWENERGY,Mar-18,Power & Utilities,pat_cagr_5yr,-37.64,2.78
JSWENERGY,Mar-18,Power & Utilities,composite_quality_score,14.59,18.75
JSWENERGY,Mar-19,Power & Utilities,return_on_equity_pct,5.79,22.5
JSWENERGY,Mar-19,Power & Utilities,return_on_capital_employed_pct,12.76,71.25
JSWENERGY,Mar-19,Power & Utilities,net_profit_margin_pct,7.49,32.5
JSWENERGY,Mar-19,Power & Utilities,debt_to_equity,0.89,77.5
JSWENERGY,Mar-19,Power & Utilities,interest_coverage,2.73,38.75
JSWENERGY,Mar-19,Power & Utilities,asset_turnover,0.35,76.25
JSWENERGY,Mar-19,Power & Utilities,free_cash_flow_cr,2436,51.25
JSWENERGY,Mar-19,Power & Utilities,revenue_cagr_5yr,1.11,20
JSWENERGY,Mar-19,Power & Utilities,pat_cagr_5yr,-2.09,13.89
JSWENERGY,Mar-19,Power & Utilities,composite_quality_score,22.05,35
JSWENERGY,Mar-20,Power & Utilities,return_on_equity_pct,9.28,40
JSWENERGY,Mar-20,Power & Utilities,return_on_capital_employed_pct,13.76,82.5
JSWENERGY,Mar-20,Power & Utilities,net_profit_margin_pct,13.07,52.5
JSWENERGY,Mar-20,Power & Utilities,debt_to_equity,0.84,80.62
JSWENERGY,Mar-20,Power & Utilities,interest_coverage,3.17,46.25
JSWENERGY,Mar-20,Power & Utilities,asset_turnover,0.33,66.88
JSWENERGY,Mar-20,Power & Utilities,free_cash_flow_cr,2383,50
JSWENERGY,Mar-20,Power & Utilities,revenue_cagr_5yr,-2.41,11.11
JSWENERGY,Mar-20,Power & Utilities,pat_cagr_5yr,-4.46,8.33
JSWENERGY,Mar-20,Power & Utilities,composite_quality_score,23.7,38.75
JSWENERGY,Mar-21,Power & Utilities,return_on_equity_pct,5.67,20
JSWENERGY,Mar-21,Power & Utilities,return_on_capital_employed_pct,12.73,70
JSWENERGY,Mar-21,Power & Utilities,net_profit_margin_pct,11.89,43.75
JSWENERGY,Mar-21,Power & Utilities,debt_to_equity,0.58,97.5
JSWENERGY,Mar-21,Power & Utilities,interest_coverage,3.53,51.25
JSWENERGY,Mar-21,Power & Utilities,asset_turnover,0.26,45.62
JSWENERGY,Mar-21,Power & Utilities,free_cash_flow_cr,2670,55
JSWENERGY,Mar-21,Power & Utilities,revenue_cagr_5yr,-6.76,2.22
JSWENERGY,Mar-21,Power & Utilities,pat_cagr_5yr,-10.83,5.56
JSWENERGY,Mar-21,Power & Utilities,composite_quality_score,21.37,33.75
JSWENERGY,Mar-22,Power & Utilities,return_on_equity_pct,10.01,45
JSWENERGY,Mar-22,Power & Utilities,return_on_capital_employed_pct,13.55,81.25
JSWENERGY,Mar-22,Power & Utilities,net_profit_margin_pct,21.34,67.5
JSWENERGY,Mar-22,Power & Utilities,debt_to_equity,0.51,98.75
JSWENERGY,Mar-22,Power & Utilities,interest_coverage,5.34,80
JSWENERGY,Mar-22,Power & Utilities,asset_turnover,0.27,47.5
JSWENERGY,Mar-22,Power & Utilities,free_cash_flow_cr,1565,46.25
JSWENERGY,Mar-22,Power & Utilities,revenue_cagr_5yr,-0.23,15.56
JSWENERGY,Mar-22,Power & Utilities,pat_cagr_5yr,22.85,88.89
JSWENERGY,Mar-22,Power & Utilities,composite_quality_score,29.27,73.75
JSWENERGY,Mar-23,Power & Utilities,return_on_equity_pct,7.94,31.25
JSWENERGY,Mar-23,Power & Utilities,return_on_capital_employed_pct,7.51,11.25
JSWENERGY,Mar-23,Power & Utilities,net_profit_margin_pct,14.32,57.5
JSWENERGY,Mar-23,Power & Utilities,debt_to_equity,1.34,67.5
JSWENERGY,Mar-23,Power & Utilities,interest_coverage,4.69,72.5
JSWENERGY,Mar-23,Power & Utilities,asset_turnover,0.21,43.75
JSWENERGY,Mar-23,Power & Utilities,free_cash_flow_cr,-4694,12.5
JSWENERGY,Mar-23,Power & Utilities,revenue_cagr_5yr,5.12,46.67
JSWENERGY,Mar-23,Power & Utilities,pat_cagr_5yr,77.08,94.44
JSWENERGY,Mar-23,Power & Utilities,composite_quality_score,31.65,90
JSWENERGY,Mar-24,Power & Utilities,return_on_equity_pct,8.28,33.75
JSWENERGY,Mar-24,Power & Utilities,return_on_capital_employed_pct,10.27,52.5
JSWENERGY,Mar-24,Power & Utilities,net_profit_margin_pct,15.02,63.75
JSWENERGY,Mar-24,Power & Utilities,debt_to_equity,1.52,60.62
JSWENERGY,Mar-24,Power & Utilities,interest_coverage,2.85,40
JSWENERGY,Mar-24,Power & Utilities,asset_turnover,0.2,42.5
JSWENERGY,Mar-24,Power & Utilities,free_cash_flow_cr,-1963,18.75
JSWENERGY,Mar-24,Power & Utilities,revenue_cagr_5yr,4.68,42.22
JSWENERGY,Mar-24,Power & Utilities,pat_cagr_5yr,20.32,86.11
JSWENERGY,Mar-24,Power & Utilities,composite_quality_score,25.8,56.25
NHPC,Mar-13,Power & Utilities,return_on_equity_pct,9.64,42.5
NHPC,Mar-13,Power & Utilities,return_on_capital_employed_pct,8.28,16.25
NHPC,Mar-13,Power & Utilities,net_profit_margin_pct,45.02,100
NHPC,Mar-13,Power & Utilities,debt_to_equity,0.68,90
NHPC,Mar-13,Power & Utilities,interest_coverage,9.41,96.25
NHPC,Mar-13,Power & Utilities,asset_turnover,0.1,6.25
NHPC,Mar-13,Power & Utilities,free_cash_flow_cr,1516,45
NHPC,Mar-13,Power & Utilities,revenue_cagr_5yr,,
NHPC,Mar-13,Power & Utilities,pat_cagr_5yr,,
NHPC,Mar-13,Power & Utilities,composite_quality_score,31.12,83.75
NHPC,Mar-14,Power & Utilities,return_on_equity_pct,5.78,21.25
NHPC,Mar-14,Power & Utilities,return_on_capital_employed_pct,8.85,22.5
NHPC,Mar-14,Power & Utilities,net_profit_margin_pct,22.1,68.75
NHPC,Mar-14,Power & Utilities,debt_to_equity,0.74,86.88
NHPC,Mar-14,Power & Utilities,interest_coverage,4.35,63.75
NHPC,Mar-14,Power & Utilities,asset_turnover,0.12,16.88
NHPC,Mar-14,Power & Utilities,free_cash_flow_cr,2702,56.25
NHPC,Mar-14,Power & Utilities,revenue_cagr_5yr,,
NHPC,Mar-14,Power & Utilities,pat_cagr_5yr,,
NHPC,Mar-14,Power & Utilities,composite_quality_score,25.08,46.25
NHPC,Mar-15,Power & Utilities,return_on_equity_pct,9.1,36.25
NHPC,Mar-15,Power & Utilities,return_on_capital_employed_pct,10,45
NHPC,Mar-15,Power & Utilities,net_profit_margin_pct,34.03,88.75
NHPC,Mar-15,Power & Utilities,debt_to_equity,0.67,91.25
NHPC,Mar-15,Power & Utilities,interest_coverage,5.19,78.75
NHPC,Mar-15,Power & Utilities,asset_turnover,0.13,25.62
NHPC,Mar-15,Power & Utilities,free_cash_flow_cr,3293,61.25
NHPC,Mar-15,Power & Utilities,revenue_cagr_5yr,,
NHPC,Mar-15,Power & Utilities,pat_cagr_5yr,,
NHPC,Mar-15,Power & Utilities,composite_quality_score,28.78,72.5
NHPC,Mar-16,Power & Utilities,return_on_equity_pct,7.47,30
NHPC,Mar-16,Power & Utilities,return_on_capital_employed_pct,9.27,26.88
NHPC,Mar-16,Power & Utilities,net_profit_margin_pct,28.31,72.5
NHPC,Mar-16,Power & Utilities,debt_to_equity,0.63,93.75
NHPC,Mar-16,Power & Utilities,interest_coverage,5.14,77.5
NHPC,Mar-16,Power & Utilities,asset_turnover,0.13,25.62
NHPC,Mar-16,Power & Utilities,free_cash_flow_cr,5225,80
NHPC,Mar-16,Power & Utilities,revenue_cagr_5yr,,
NHPC,Mar-16,Power & Utilities,pat_cagr_5yr,,
NHPC,Mar-16,Power & Utilities,composite_quality_score,27.15,65.62
NHPC,Mar-17,Power & Utilities,return_on_equity_pct,11.99,61.25
NHPC,Mar-17,Power & Utilities,return_on_capital_employed_pct,10.12,48.12
NHPC,Mar-17,Power & Utilities,net_profit_margin_pct,40.36,93.75
NHPC,Mar-17,Power & Utilities,debt_to_equity,0.66,92.5
NHPC,Mar-17,Power & Utilities,interest_coverage,6.29,86.25
NHPC,Mar-17,Power & Utilities,asset_turnover,0.14,32.5
NHPC,Mar-17,Power & Utilities,free_cash_flow_cr,6465,82.5
NHPC,Mar-17,Power & Utilities,revenue_cagr_5yr,,
NHPC,Mar-17,Power & Utilities,pat_cagr_5yr,,
NHPC,Mar-17,Power & Utilities,composite_quality_score,31.09,82.5
NHPC,Mar-18,Power & Utilities,return_on_equity_pct,9.27,38.75
NHPC,Mar-18,Power & Utilities,return_on_capital_employed_pct,8.73,20
NHPC,Mar-18,Power & Utilities,net_profit_margin_pct,35.91,90
NHPC,Mar-18,Power & Utilities,debt_to_equity,0.62,95.62
NHPC,Mar-18,Power & Utilities,interest_coverage,5.88,83.75
NHPC,Mar-18,Power & Utilities,asset_turnover,0.12,16.88
NHPC,Mar-18,Power & Utilities,free_cash_flow_cr,3810,70
NHPC,Mar-18,Power & Utilities,revenue_cagr_5yr,3.98,32.22
NHPC,Mar-18,Power & Utilities,pat_cagr_5yr,-0.62,16.67
NHPC,Mar-18,Power & Utilities,composite_quality_score,29.84,76.25
NHPC,Mar-19,Power & Utilities,return_on_equity_pct,9.21,37.5
NHPC,Mar-19,Power & Utilities,return_on_capital_employed_pct,9.99,43.75
NHPC,Mar-19,Power & Utilities,net_profit_margin_pct,31.57,82.5
NHPC,Mar-19,Power & Utilities,debt_to_equity,0.62,95.62
NHPC,Mar-19,Power & Utilities,interest_coverage,7.49,91.25
NHPC,Mar-19,Power & Utilities,asset_turnover,0.13,25.62
NHPC,Mar-19,Power & Utilities,free_cash_flow_cr,2642,53.75
NHPC,Mar-19,Power & Utilities,revenue_cagr_5yr,3.98,32.22
NHPC,Mar-19,Power & Utilities,pat_cagr_5yr,11.67,58.33
NHPC,Mar-19,Power & Utilities,composite_quality_score,30.19,80
NHPC,Mar-20,Power & Utilities,return_on_equity_pct,10.66,50
NHPC,Mar-20,Power & Utilities,return_on_capital_employed_pct,9.97,42.5
NHPC,Mar-20,Power & Utilities,net_profit_margin_pct,33.42,85
NHPC,Mar-20,Power & Utilities,debt_to_equity,0.74,86.88
NHPC,Mar-20,Power & Utilities,interest_coverage,6.56,88.75
NHPC,Mar-20,Power & Utilities,asset_turnover,0.14,32.5
NHPC,Mar-20,Power & Utilities,free_cash_flow_cr,6,33.75
NHPC,Mar-20,Power & Utilities,revenue_cagr_5yr,4.01,35.56
NHPC,Mar-20,Power & Utilities,pat_cagr_5yr,3.64,25
NHPC,Mar-20,Power & Utilities,composite_quality_score,30.04,77.5
NHPC,Mar-21,Power & Utilities,return_on_equity_pct,10.89,52.5
NHPC,Mar-21,Power & Utilities,return_on_capital_employed_pct,9.35,31.25
NHPC,Mar-21,Power & Utilities,net_profit_margin_pct,37.31,91.25
NHPC,Mar-21,Power & Utilities,debt_to_equity,0.71,88.75
NHPC,Mar-21,Power & Utilities,interest_coverage,11.03,97.5
NHPC,Mar-21,Power & Utilities,asset_turnover,0.13,25.62
NHPC,Mar-21,Power & Utilities,free_cash_flow_cr,3463,65
NHPC,Mar-21,Power & Utilities,revenue_cagr_5yr,2.92,28.89
NHPC,Mar-21,Power & Utilities,pat_cagr_5yr,8.77,41.67
NHPC,Mar-21,Power & Utilities,composite_quality_score,31.3,86.25
NHPC,Mar-22,Power & Utilities,return_on_equity_pct,10.81,51.25
NHPC,Mar-22,Power & Utilities,return_on_capital_employed_pct,6.58,7.5
NHPC,Mar-22,Power & Utilities,net_profit_margin_pct,41.27,96.25
NHPC,Mar-22,Power & Utilities,debt_to_equity,0.75,85
NHPC,Mar-22,Power & Utilities,interest_coverage,8.52,93.75
NHPC,Mar-22,Power & Utilities,asset_turnover,0.12,16.88
NHPC,Mar-22,Power & Utilities,free_cash_flow_cr,1506,43.75
NHPC,Mar-22,Power & Utilities,revenue_cagr_5yr,1.18,22.22
NHPC,Mar-22,Power & Utilities,pat_cagr_5yr,1.64,19.44
NHPC,Mar-22,Power & Utilities,composite_quality_score,31,81.25
NHPC,Mar-23,Power & Utilities,return_on_equity_pct,11.53,55
NHPC,Mar-23,Power & Utilities,return_on_capital_employed_pct,9.3,29.38
NHPC,Mar-23,Power & Utilities,net_profit_margin_pct,40.17,92.5
NHPC,Mar-23,Power & Utilities,debt_to_equity,0.8,83.12
NHPC,Mar-23,Power & Utilities,interest_coverage,14.58,100
NHPC,Mar-23,Power & Utilities,asset_turnover,0.12,16.88
NHPC,Mar-23,Power & Utilities,free_cash_flow_cr,514,37.5
NHPC,Mar-23,Power & Utilities,revenue_cagr_5yr,6.46,51.11
NHPC,Mar-23,Power & Utilities,pat_cagr_5yr,8.88,44.44
NHPC,Mar-23,Power & Utilities,composite_quality_score,32.45,93.75
NHPC,Mar-24,Power & Utilities,return_on_equity_pct,10.41,48.75
NHPC,Mar-24,Power & Utilities,return_on_capital_employed_pct,6.75,8.75
NHPC,Mar-24,Power & Utilities,net_profit_margin_pct,41.82,98.75
NHPC,Mar-24,Power & Utilities,debt_to_equity,0.84,80.62
NHPC,Mar-24,Power & Utilities,interest_coverage,11.24,98.75
NHPC,Mar-24,Power & Utilities,asset_turnover,0.1,6.25
NHPC,Mar-24,Power & Utilities,free_cash_flow_cr,970,40
NHPC,Mar-24,Power & Utilities,revenue_cagr_5yr,1.4,24.44
NHPC,Mar-24,Power & Utilities,pat_cagr_5yr,7.27,33.33
NHPC,Mar-24,Power & Utilities,composite_quality_score,31.36,87.5
NTPC,Mar-13,Power & Utilities,return_on_equity_pct,15.49,83.75
NTPC,Mar-13,Power & Utilities,return_on_capital_employed_pct,11.97,67.5
NTPC,Mar-13,Power & Utilities,net_profit_margin_pct,17.6,65
NTPC,Mar-13,Power & Utilities,debt_to_equity,0.87,78.75
NTPC,Mar-13,Power & Utilities,interest_coverage,9.2,95
NTPC,Mar-13,Power & Utilities,asset_turnover,0.4,86.25
NTPC,Mar-13,Power & Utilities,free_cash_flow_cr,-337,31.25
NTPC,Mar-13,Power & Utilities,revenue_cagr_5yr,,
NTPC,Mar-13,Power & Utilities,pat_cagr_5yr,,
NTPC,Mar-13,Power & Utilities,composite_quality_score,27.6,70
NTPC,Mar-14,Power & Utilities,return_on_equity_pct,13.06,67.5
NTPC,Mar-14,Power & Utilities,return_on_capital_employed_pct,11.69,63.75
NTPC,Mar-14,Power & Utilities,net_profit_margin_pct,14.56,60
NTPC,Mar-14,Power & Utilities,debt_to_equity,0.93,76.25
NTPC,Mar-14,Power & Utilities,interest_coverage,6.9,90
NTPC,Mar-14,Power & Utilities,asset_turnover,0.39,84.38
NTPC,Mar-14,Power & Utilities,free_cash_flow_cr,1022,41.25
NTPC,Mar-14,Power & Utilities,revenue_cagr_5yr,,
NTPC,Mar-14,Power & Utilities,pat_cagr_5yr,,
NTPC,Mar-14,Power & Utilities,composite_quality_score,26.01,58.75
NTPC,Mar-15,Power & Utilities,return_on_equity_pct,12.17,62.5
NTPC,Mar-15,Power & Utilities,return_on_capital_employed_pct,9.41,32.5
NTPC,Mar-15,Power & Utilities,net_profit_margin_pct,12.5,47.5
NTPC,Mar-15,Power & Utilities,debt_to_equity,1.25,70
NTPC,Mar-15,Power & Utilities,interest_coverage,5.37,81.25
NTPC,Mar-15,Power & Utilities,asset_turnover,0.36,79.38
NTPC,Mar-15,Power & Utilities,free_cash_flow_cr,-1088,23.75
NTPC,Mar-15,Power & Utilities,revenue_cagr_5yr,,
NTPC,Mar-15,Power & Utilities,pat_cagr_5yr,,
NTPC,Mar-15,Power & Utilities,composite_quality_score,24.62,45
NTPC,Mar-16,Power & Utilities,return_on_equity_pct,11.77,58.75
NTPC,Mar-16,Power & Utilities,return_on_capital_employed_pct,9.72,38.75
NTPC,Mar-16,Power & Utilities,net_profit_margin_pct,14.69,61.25
NTPC,Mar-16,Power & Utilities,debt_to_equity,1.09,73.75
NTPC,Mar-16,Power & Utilities,interest_coverage,5.87,82.5
NTPC,Mar-16,Power & Utilities,asset_turnover,0.33,66.88
NTPC,Mar-16,Power & Utilities,free_cash_flow_cr,4963,78.75
NTPC,Mar-16,Power & Utilities,revenue_cagr_5yr,,
NTPC,Mar-16,Power & Utilities,pat_cagr_5yr,,
NTPC,Mar-16,Power & Utilities,composite_quality_score,25.21,47.5
NTPC,Mar-17,Power & Utilities,return_on_equity_pct,10.95,53.75
NTPC,Mar-17,Power & Utilities,return_on_capital_employed_pct,10.21,51.25
NTPC,Mar-17,Power & Utilities,net_profit_margin_pct,13.06,51.25
NTPC,Mar-17,Power & Utilities,debt_to_equity,1.16,72.5
NTPC,Mar-17,Power & Utilities,interest_coverage,6.18,85
NTPC,Mar-17,Power & Utilities,asset_turnover,0.33,66.88
NTPC,Mar-17,Power & Utilities,free_cash_flow_cr,-4313,13.75
NTPC,Mar-17,Power & Utilities,revenue_cagr_5yr,,
NTPC,Mar-17,Power & Utilities,pat_cagr_5yr,,
NTPC,Mar-17,Power & Utilities,composite_quality_score,24.45,43.75
NTPC,Mar-18,Power & Utilities,return_on_equity_pct,10.14,47.5
NTPC,Mar-18,Power & Utilities,return_on_capital_employed_pct,9.62,37.5
NTPC,Mar-18,Power & Utilities,net_profit_margin_pct,11.92,45
NTPC,Mar-18,Power & Utilities,debt_to_equity,1.26,68.75
NTPC,Mar-18,Power & Utilities,interest_coverage,6.31,87.5
NTPC,Mar-18,Power & Utilities,asset_turnover,0.31,56.25
NTPC,Mar-18,Power & Utilities,free_cash_flow_cr,-1008,27.5
NTPC,Mar-18,Power & Utilities,revenue_cagr_5yr,4.25,40
NTPC,Mar-18,Power & Utilities,pat_cagr_5yr,-3.56,11.11
NTPC,Mar-18,Power & Utilities,composite_quality_score,24,41.25
NTPC,Mar-19,Power & Utilities,return_on_equity_pct,12.6,65
NTPC,Mar-19,Power & Utilities,return_on_capital_employed_pct,7.98,13.75
NTPC,Mar-19,Power & Utilities,net_profit_margin_pct,13.99,56.25
NTPC,Mar-19,Power & Utilities,debt_to_equity,1.55,55.62
NTPC,Mar-19,Power & Utilities,interest_coverage,4.55,68.75
NTPC,Mar-19,Power & Utilities,asset_turnover,0.29,51.88
NTPC,Mar-19,Power & Utilities,free_cash_flow_cr,-5377,11.25
NTPC,Mar-19,Power & Utilities,revenue_cagr_5yr,5.07,44.44
NTPC,Mar-19,Power & Utilities,pat_cagr_5yr,4.24,27.78
NTPC,Mar-19,Power & Utilities,composite_quality_score,25.58,51.25
NTPC,Mar-20,Power & Utilities,return_on_equity_pct,10.02,46.25
NTPC,Mar-20,Power & Utilities,return_on_capital_employed_pct,9.81,41.25
NTPC,Mar-20,Power & Utilities,net_profit_margin_pct,10.87,42.5
NTPC,Mar-20,Power & Utilities,debt_to_equity,1.71,48.75
NTPC,Mar-20,Power & Utilities,interest_coverage,4.86,75
NTPC,Mar-20,Power & Utilities,asset_turnover,0.29,51.88
NTPC,Mar-20,Power & Utilities,free_cash_flow_cr,-5738,10
NTPC,Mar-20,Power & Utilities,revenue_cagr_5yr,6.48,53.33
NTPC,Mar-20,Power & Utilities,pat_cagr_5yr,3.56,22.22
NTPC,Mar-20,Power & Utilities,composite_quality_score,23.88,40
NTPC,Mar-21,Power & Utilities,return_on_equity_pct,11.9,60
NTPC,Mar-21,Power & Utilities,return_on_capital_employed_pct,10.13,50
NTPC,Mar-21,Power & Utilities,net_profit_margin_pct,13.42,53.75
NTPC,Mar-21,Power & Utilities,debt_to_equity,1.67,50.62
NTPC,Mar-21,Power & Utilities,interest_coverage,4.24,61.25
NTPC,Mar-21,Power & Utilities,asset_turnover,0.28,48.75
NTPC,Mar-21,Power & Utilities,free_cash_flow_cr,11410,90
NTPC,Mar-21,Power & Utilities,revenue_cagr_5yr,8.73,57.78
NTPC,Mar-21,Power & Utilities,pat_cagr_5yr,6.78,30.56
NTPC,Mar-21,Power & Utilities,composite_quality_score,25.78,55
NTPC,Mar-22,Power & Utilities,return_on_equity_pct,12.53,63.75
NTPC,Mar-22,Power & Utilities,return_on_capital_employed_pct,11.66,61.25
NTPC,Mar-22,Power & Utilities,net_profit_margin_pct,12.78,50
NTPC,Mar-22,Power & Utilities,debt_to_equity,1.56,53.75
NTPC,Mar-22,Power & Utilities,interest_coverage,4.82,73.75
NTPC,Mar-22,Power & Utilities,asset_turnover,0.32,59.38
NTPC,Mar-22,Power & Utilities,free_cash_flow_cr,18897,92.5
NTPC,Mar-22,Power & Utilities,revenue_cagr_5yr,10.09,66.67
NTPC,Mar-22,Power & Utilities,pat_cagr_5yr,9.62,50
NTPC,Mar-22,Power & Utilities,composite_quality_score,26.62,62.5
NTPC,Mar-23,Power & Utilities,return_on_equity_pct,11.65,57.5
NTPC,Mar-23,Power & Utilities,return_on_capital_employed_pct,12.87,72.5
NTPC,Mar-23,Power & Utilities,net_profit_margin_pct,9.72,38.75
NTPC,Mar-23,Power & Utilities,debt_to_equity,1.52,60.62
NTPC,Mar-23,Power & Utilities,interest_coverage,4.38,65
NTPC,Mar-23,Power & Utilities,asset_turnover,0.39,84.38
NTPC,Mar-23,Power & Utilities,free_cash_flow_cr,21007,96.25
NTPC,Mar-23,Power & Utilities,revenue_cagr_5yr,14.88,77.78
NTPC,Mar-23,Power & Utilities,pat_cagr_5yr,10.27,52.78
NTPC,Mar-23,Power & Utilities,composite_quality_score,26.63,63.75
NTPC,Mar-24,Power & Utilities,return_on_equity_pct,13.27,73.75
NTPC,Mar-24,Power & Utilities,return_on_capital_employed_pct,12.93,73.75
NTPC,Mar-24,Power & Utilities,net_profit_margin_pct,11.95,46.25
NTPC,Mar-24,Power & Utilities,debt_to_equity,1.48,62.5
NTPC,Mar-24,Power & Utilities,interest_coverage,4.6,70.62
NTPC,Mar-24,Power & Utilities,asset_turnover,0.37,81.25
NTPC,Mar-24,Power & Utilities,free_cash_flow_cr,8644,85
NTPC,Mar-24,Power & Utilities,revenue_cagr_5yr,12.22,71.11
NTPC,Mar-24,Power & Utilities,pat_cagr_5yr,8.74,38.89
NTPC,Mar-24,Power & Utilities,composite_quality_score,27.15,65.62
POWERGRID,Mar-13,Power & Utilities,return_on_equity_pct,16.34,86.25
POWERGRID,Mar-13,Power & Utilities,return_on_capital_employed_pct,11.33,58.75
POWERGRID,Mar-13,Power & Utilities,net_profit_margin_pct,32.97,83.75
POWERGRID,Mar-13,Power & Utilities,debt_to_equity,2.62,32.5
POWERGRID,Mar-13,Power & Utilities,interest_coverage,4.54,67.5
POWERGRID,Mar-13,Power & Utilities,asset_turnover,0.12,16.88
POWERGRID,Mar-13,Power & Utilities,free_cash_flow_cr,-10394,5
POWERGRID,Mar-13,Power & Utilities,revenue_cagr_5yr,,
POWERGRID,Mar-13,Power & Utilities,pat_cagr_5yr,,
POWERGRID,Mar-13,Power & Utilities,composite_quality_score,27.19,67.5
POWERGRID,Mar-14,Power & Utilities,return_on_equity_pct,13.11,68.75
POWERGRID,Mar-14,Power & Utilities,return_on_capital_employed_pct,10.9,55
POWERGRID,Mar-14,Power & Utilities,net_profit_margin_pct,29.24,78.75
POWERGRID,Mar-14,Power & Utilities,debt_to_equity,2.43,37.5
POWERGRID,Mar-14,Power & Utilities,interest_coverage,4.21,58.75
POWERGRID,Mar-14,Power & Utilities,asset_turnover,0.11,10
POWERGRID,Mar-14,Power & Utilities,free_cash_flow_cr,-11416,3.75
POWERGRID,Mar-14,Power & Utilities,revenue_cagr_5yr,,
POWERGRID,Mar-14,Power & Utilities,pat_cagr_5yr,,
POWERGRID,Mar-14,Power & Utilities,composite_quality_score,25.69,53.12
POWERGRID,Mar-15,Power & Utilities,return_on_equity_pct,13.13,70
POWERGRID,Mar-15,Power & Utilities,return_on_capital_employed_pct,11.08,56.25
POWERGRID,Mar-15,Power & Utilities,net_profit_margin_pct,28.77,75
POWERGRID,Mar-15,Power & Utilities,debt_to_equity,2.5,33.75
POWERGRID,Mar-15,Power & Utilities,interest_coverage,3.84,56.25
POWERGRID,Mar-15,Power & Utilities,asset_turnover,0.11,10
POWERGRID,Mar-15,Power & Utilities,free_cash_flow_cr,-8385,6.25
POWERGRID,Mar-15,Power & Utilities,revenue_cagr_5yr,,
POWERGRID,Mar-15,Power & Utilities,pat_cagr_5yr,,
POWERGRID,Mar-15,Power & Utilities,composite_quality_score,25.46,48.75
POWERGRID,Mar-16,Power & Utilities,return_on_equity_pct,13.55,76.25
POWERGRID,Mar-16,Power & Utilities,return_on_capital_employed_pct,11.92,66.25
POWERGRID,Mar-16,Power & Utilities,net_profit_margin_pct,28.85,76.25
POWERGRID,Mar-16,Power & Utilities,debt_to_equity,2.47,36.25
POWERGRID,Mar-16,Power & Utilities,interest_coverage,3.7,52.5
POWERGRID,Mar-16,Power & Utilities,asset_turnover,0.12,16.88
POWERGRID,Mar-16,Power & Utilities,free_cash_flow_cr,-6568,8.75
POWERGRID,Mar-16,Power & Utilities,revenue_cagr_5yr,,
POWERGRID,Mar-16,Power & Utilities,pat_cagr_5yr,,
POWERGRID,Mar-16,Power & Utilities,composite_quality_score,25.69,53.12
POWERGRID,Mar-17,Power & Utilities,return_on_equity_pct,14.94,80
POWERGRID,Mar-17,Power & Utilities,return_on_capital_employed_pct,13.3,78.75
POWERGRID,Mar-17,Power & Utilities,net_profit_margin_pct,29,77.5
POWERGRID,Mar-17,Power & Utilities,debt_to_equity,2.39,40
POWERGRID,Mar-17,Power & Utilities,interest_coverage,3.77,55
POWERGRID,Mar-17,Power & Utilities,asset_turnover,0.13,25.62
POWERGRID,Mar-17,Power & Utilities,free_cash_flow_cr,-2261,17.5
POWERGRID,Mar-17,Power & Utilities,revenue_cagr_5yr,,
POWERGRID,Mar-17,Power & Utilities,pat_cagr_5yr,,
POWERGRID,Mar-17,Power & Utilities,composite_quality_score,26.38,60
POWERGRID,Mar-18,Power & Utilities,return_on_equity_pct,15.07,82.5
POWERGRID,Mar-18,Power & Utilities,return_on_capital_employed_pct,13.96,83.75
POWERGRID,Mar-18,Power & Utilities,net_profit_margin_pct,27.39,70
POWERGRID,Mar-18,Power & Utilities,debt_to_equity,2.42,38.75
POWERGRID,Mar-18,Power & Utilities,interest_coverage,4.1,57.5
POWERGRID,Mar-18,Power & Utilities,asset_turnover,0.13,25.62
POWERGRID,Mar-18,Power & Utilities,free_cash_flow_cr,-2991,16.25
POWERGRID,Mar-18,Power & Utilities,revenue_cagr_5yr,18.02,91.11
POWERGRID,Mar-18,Power & Utilities,pat_cagr_5yr,13.72,66.67
POWERGRID,Mar-18,Power & Utilities,composite_quality_score,30.12,78.75
POWERGRID,Mar-19,Power & Utilities,return_on_equity_pct,16.98,87.5
POWERGRID,Mar-19,Power & Utilities,return_on_capital_employed_pct,13.1,75
POWERGRID,Mar-19,Power & Utilities,net_profit_margin_pct,28.62,73.75
POWERGRID,Mar-19,Power & Utilities,debt_to_equity,2.48,35
POWERGRID,Mar-19,Power & Utilities,interest_coverage,3.25,47.5
POWERGRID,Mar-19,Power & Utilities,asset_turnover,0.14,32.5
POWERGRID,Mar-19,Power & Utilities,free_cash_flow_cr,4544,72.5
POWERGRID,Mar-19,Power & Utilities,revenue_cagr_5yr,17.65,88.89
POWERGRID,Mar-19,Power & Utilities,pat_cagr_5yr,17.15,77.78
POWERGRID,Mar-19,Power & Utilities,composite_quality_score,31.21,85
POWERGRID,Mar-20,Power & Utilities,return_on_equity_pct,17.09,88.75
POWERGRID,Mar-20,Power & Utilities,return_on_capital_employed_pct,15.44,88.75
POWERGRID,Mar-20,Power & Utilities,net_profit_margin_pct,29.3,80
POWERGRID,Mar-20,Power & Utilities,debt_to_equity,2.29,41.25
POWERGRID,Mar-20,Power & Utilities,interest_coverage,3.75,53.75
POWERGRID,Mar-20,Power & Utilities,asset_turnover,0.15,36.25
POWERGRID,Mar-20,Power & Utilities,free_cash_flow_cr,20006,93.75
POWERGRID,Mar-20,Power & Utilities,revenue_cagr_5yr,16.56,86.67
POWERGRID,Mar-20,Power & Utilities,pat_cagr_5yr,16.99,75
POWERGRID,Mar-20,Power & Utilities,composite_quality_score,31.59,88.75
POWERGRID,Mar-21,Power & Utilities,return_on_equity_pct,17.21,90
POWERGRID,Mar-21,Power & Utilities,return_on_capital_employed_pct,16.37,90
POWERGRID,Mar-21,Power & Utilities,net_profit_margin_pct,30.36,81.25
POWERGRID,Mar-21,Power & Utilities,debt_to_equity,2.05,45
POWERGRID,Mar-21,Power & Utilities,interest_coverage,4.39,66.25
POWERGRID,Mar-21,Power & Utilities,asset_turnover,0.16,37.5
POWERGRID,Mar-21,Power & Utilities,free_cash_flow_cr,20159,95
POWERGRID,Mar-21,Power & Utilities,revenue_cagr_5yr,13.93,75.56
POWERGRID,Mar-21,Power & Utilities,pat_cagr_5yr,15.1,72.22
POWERGRID,Mar-21,Power & Utilities,composite_quality_score,31.76,91.25
POWERGRID,Mar-22,Power & Utilities,return_on_equity_pct,22.07,96.25
POWERGRID,Mar-22,Power & Utilities,return_on_capital_employed_pct,16.98,93.75
POWERGRID,Mar-22,Power & Utilities,net_profit_margin_pct,40.42,95
POWERGRID,Mar-22,Power & Utilities,debt_to_equity,1.77,47.5
POWERGRID,Mar-22,Power & Utilities,interest_coverage,5.04,76.25
POWERGRID,Mar-22,Power & Utilities,asset_turnover,0.17,38.75
POWERGRID,Mar-22,Power & Utilities,free_cash_flow_cr,26877,98.75
POWERGRID,Mar-22,Power & Utilities,revenue_cagr_5yr,10.13,68.89
POWERGRID,Mar-22,Power & Utilities,pat_cagr_5yr,17.69,80.56
POWERGRID,Mar-22,Power & Utilities,composite_quality_score,35.73,96.25
POWERGRID,Mar-23,Power & Utilities,return_on_equity_pct,18.57,93.75
POWERGRID,Mar-23,Power & Utilities,return_on_capital_employed_pct,18.7,95
POWERGRID,Mar-23,Power & Utilities,net_profit_margin_pct,33.81,86.25
POWERGRID,Mar-23,Power & Utilities,debt_to_equity,1.55,55.62
POWERGRID,Mar-23,Power & Utilities,interest_coverage,4.22,60
POWERGRID,Mar-23,Power & Utilities,asset_turnover,0.18,40.62
POWERGRID,Mar-23,Power & Utilities,free_cash_flow_cr,33065,100
POWERGRID,Mar-23,Power & Utilities,revenue_cagr_5yr,8.77,60
POWERGRID,Mar-23,Power & Utilities,pat_cagr_5yr,13.45,63.89
POWERGRID,Mar-23,Power & Utilities,composite_quality_score,33,95
POWERGRID,Mar-24,Power & Utilities,return_on_equity_pct,17.87,91.25
POWERGRID,Mar-24,Power & Utilities,return_on_capital_employed_pct,18.91,96.25
POWERGRID,Mar-24,Power & Utilities,net_profit_margin_pct,33.97,87.5
POWERGRID,Mar-24,Power & Utilities,debt_to_equity,1.42,64.38
POWERGRID,Mar-24,Power & Utilities,interest_coverage,4.6,70.62
POWERGRID,Mar-24,Power & Utilities,asset_turnover,0.18,40.62
POWERGRID,Mar-24,Power & Utilities,free_cash_flow_cr,24176,97.5
POWERGRID,Mar-24,Power & Utilities,revenue_cagr_5yr,5.51,48.89
POWERGRID,Mar-24,Power & Utilities,pat_cagr_5yr,9.19,47.22
POWERGRID,Mar-24,Power & Utilities,composite_quality_score,32.13,92.5
TATAPOWER,Mar-13,Power & Utilities,return_on_equity_pct,1,17.5
TATAPOWER,Mar-13,Power & Utilities,return_on_capital_employed_pct,11.14,57.5
TATAPOWER,Mar-13,Power & Utilities,net_profit_margin_pct,0.37,16.25
TATAPOWER,Mar-13,Power & Utilities,debt_to_equity,3.07,25
TATAPOWER,Mar-13,Power & Utilities,interest_coverage,2.26,32.5
TATAPOWER,Mar-13,Power & Utilities,asset_turnover,0.49,97.5
TATAPOWER,Mar-13,Power & Utilities,free_cash_flow_cr,-740,28.75
TATAPOWER,Mar-13,Power & Utilities,revenue_cagr_5yr,,
TATAPOWER,Mar-13,Power & Utilities,pat_cagr_5yr,,
TATAPOWER,Mar-13,Power & Utilities,composite_quality_score,14.77,20
TATAPOWER,Mar-14,Power & Utilities,return_on_equity_pct,0.1,15
TATAPOWER,Mar-14,Power & Utilities,return_on_capital_employed_pct,13.15,76.25
TATAPOWER,Mar-14,Power & Utilities,net_profit_margin_pct,0.03,15
TATAPOWER,Mar-14,Power & Utilities,debt_to_equity,3.24,23.75
TATAPOWER,Mar-14,Power & Utilities,interest_coverage,2.08,28.12
TATAPOWER,Mar-14,Power & Utilities,asset_turnover,0.5,98.75
TATAPOWER,Mar-14,Power & Utilities,free_cash_flow_cr,2874,57.5
TATAPOWER,Mar-14,Power & Utilities,revenue_cagr_5yr,,
TATAPOWER,Mar-14,Power & Utilities,pat_cagr_5yr,,
TATAPOWER,Mar-14,Power & Utilities,composite_quality_score,14.06,17.5
TATAPOWER,Mar-15,Power & Utilities,return_on_equity_pct,3.19,18.75
TATAPOWER,Mar-15,Power & Utilities,return_on_capital_employed_pct,11.47,60
TATAPOWER,Mar-15,Power & Utilities,net_profit_margin_pct,1.36,18.75
TATAPOWER,Mar-15,Power & Utilities,debt_to_equity,2.84,27.5
TATAPOWER,Mar-15,Power & Utilities,interest_coverage,1.99,23.75
TATAPOWER,Mar-15,Power & Utilities,asset_turnover,0.45,93.75
TATAPOWER,Mar-15,Power & Utilities,free_cash_flow_cr,2116,48.75
TATAPOWER,Mar-15,Power & Utilities,revenue_cagr_5yr,,
TATAPOWER,Mar-15,Power & Utilities,pat_cagr_5yr,,
TATAPOWER,Mar-15,Power & Utilities,composite_quality_score,16.16,21.25
TATAPOWER,Mar-16,Power & Utilities,return_on_equity_pct,6.76,27.5
TATAPOWER,Mar-16,Power & Utilities,return_on_capital_employed_pct,4.17,3.75
TATAPOWER,Mar-16,Power & Utilities,net_profit_margin_pct,2.66,21.25
TATAPOWER,Mar-16,Power & Utilities,debt_to_equity,3.34,22.5
TATAPOWER,Mar-16,Power & Utilities,interest_coverage,1.91,21.25
TATAPOWER,Mar-16,Power & Utilities,asset_turnover,0.42,87.5
TATAPOWER,Mar-16,Power & Utilities,free_cash_flow_cr,5610,81.25
TATAPOWER,Mar-16,Power & Utilities,revenue_cagr_5yr,,
TATAPOWER,Mar-16,Power & Utilities,pat_cagr_5yr,,
TATAPOWER,Mar-16,Power & Utilities,composite_quality_score,16.64,22.5
TATAPOWER,Mar-17,Power & Utilities,return_on_equity_pct,8.32,35
TATAPOWER,Mar-17,Power & Utilities,return_on_capital_employed_pct,8.82,21.25
TATAPOWER,Mar-17,Power & Utilities,net_profit_margin_pct,3.99,22.5
TATAPOWER,Mar-17,Power & Utilities,debt_to_equity,3.69,20
TATAPOWER,Mar-17,Power & Utilities,interest_coverage,2.01,25
TATAPOWER,Mar-17,Power & Utilities,asset_turnover,0.33,66.88
TATAPOWER,Mar-17,Power & Utilities,free_cash_flow_cr,-359,30
TATAPOWER,Mar-17,Power & Utilities,revenue_cagr_5yr,,
TATAPOWER,Mar-17,Power & Utilities,pat_cagr_5yr,,
TATAPOWER,Mar-17,Power & Utilities,composite_quality_score,16.66,23.75
TATAPOWER,Mar-18,Power & Utilities,return_on_equity_pct,15.92,85
TATAPOWER,Mar-18,Power & Utilities,return_on_capital_employed_pct,3.53,2.5
TATAPOWER,Mar-18,Power & Utilities,net_profit_margin_pct,9.73,40
TATAPOWER,Mar-18,Power & Utilities,debt_to_equity,2.96,26.25
TATAPOWER,Mar-18,Power & Utilities,interest_coverage,2.36,33.75
TATAPOWER,Mar-18,Power & Utilities,asset_turnover,0.33,66.88
TATAPOWER,Mar-18,Power & Utilities,free_cash_flow_cr,4852,77.5
TATAPOWER,Mar-18,Power & Utilities,revenue_cagr_5yr,-4.15,4.44
TATAPOWER,Mar-18,Power & Utilities,pat_cagr_5yr,84.24,97.22
TATAPOWER,Mar-18,Power & Utilities,composite_quality_score,29.73,75
TATAPOWER,Mar-19,Power & Utilities,return_on_equity_pct,14.24,77.5
TATAPOWER,Mar-19,Power & Utilities,return_on_capital_employed_pct,4.6,5
TATAPOWER,Mar-19,Power & Utilities,net_profit_margin_pct,8.72,35
TATAPOWER,Mar-19,Power & Utilities,debt_to_equity,2.65,30.63
TATAPOWER,Mar-19,Power & Utilities,interest_coverage,2.46,35
TATAPOWER,Mar-19,Power & Utilities,asset_turnover,0.36,79.38
TATAPOWER,Mar-19,Power & Utilities,free_cash_flow_cr,4302,71.25
TATAPOWER,Mar-19,Power & Utilities,revenue_cagr_5yr,-3.51,6.67
TATAPOWER,Mar-19,Power & Utilities,pat_cagr_5yr,193.33,100
TATAPOWER,Mar-19,Power & Utilities,composite_quality_score,40.59,98.75
TATAPOWER,Mar-20,Power & Utilities,return_on_equity_pct,6.73,26.25
TATAPOWER,Mar-20,Power & Utilities,return_on_capital_employed_pct,9.52,35
TATAPOWER,Mar-20,Power & Utilities,net_profit_margin_pct,4.52,25
TATAPOWER,Mar-20,Power & Utilities,debt_to_equity,2.65,30.63
TATAPOWER,Mar-20,Power & Utilities,interest_coverage,2.02,26.25
TATAPOWER,Mar-20,Power & Utilities,asset_turnover,0.32,59.38
TATAPOWER,Mar-20,Power & Utilities,free_cash_flow_cr,6882,83.75
TATAPOWER,Mar-20,Power & Utilities,revenue_cagr_5yr,-2.81,8.89
TATAPOWER,Mar-20,Power & Utilities,pat_cagr_5yr,23.56,91.67
TATAPOWER,Mar-20,Power & Utilities,composite_quality_score,20.21,30
TATAPOWER,Mar-21,Power & Utilities,return_on_equity_pct,6.45,25
TATAPOWER,Mar-21,Power & Utilities,return_on_capital_employed_pct,10.03,46.25
TATAPOWER,Mar-21,Power & Utilities,net_profit_margin_pct,4.4,23.75
TATAPOWER,Mar-21,Power & Utilities,debt_to_equity,2.09,43.75
TATAPOWER,Mar-21,Power & Utilities,interest_coverage,2.17,31.25
TATAPOWER,Mar-21,Power & Utilities,asset_turnover,0.33,66.88
TATAPOWER,Mar-21,Power & Utilities,free_cash_flow_cr,9338,86.25
TATAPOWER,Mar-21,Power & Utilities,revenue_cagr_5yr,2.09,26.67
TATAPOWER,Mar-21,Power & Utilities,pat_cagr_5yr,12.86,61.11
TATAPOWER,Mar-21,Power & Utilities,composite_quality_score,20.89,31.25
TATAPOWER,Mar-22,Power & Utilities,return_on_equity_pct,9.61,41.25
TATAPOWER,Mar-22,Power & Utilities,return_on_capital_employed_pct,9.55,36.25
TATAPOWER,Mar-22,Power & Utilities,net_profit_margin_pct,5.04,27.5
TATAPOWER,Mar-22,Power & Utilities,debt_to_equity,2.28,42.5
TATAPOWER,Mar-22,Power & Utilities,interest_coverage,2.47,36.25
TATAPOWER,Mar-22,Power & Utilities,asset_turnover,0.38,82.5
TATAPOWER,Mar-22,Power & Utilities,free_cash_flow_cr,443,36.25
TATAPOWER,Mar-22,Power & Utilities,revenue_cagr_5yr,9.19,62.22
TATAPOWER,Mar-22,Power & Utilities,pat_cagr_5yr,14.41,69.44
TATAPOWER,Mar-22,Power & Utilities,composite_quality_score,23.01,36.25
TATAPOWER,Mar-23,Power & Utilities,return_on_equity_pct,13.23,71.88
TATAPOWER,Mar-23,Power & Utilities,return_on_capital_employed_pct,9.46,33.75
TATAPOWER,Mar-23,Power & Utilities,net_profit_margin_pct,6.91,30
TATAPOWER,Mar-23,Power & Utilities,debt_to_equity,1.84,46.25
TATAPOWER,Mar-23,Power & Utilities,interest_coverage,3.03,43.75
TATAPOWER,Mar-23,Power & Utilities,asset_turnover,0.43,88.75
TATAPOWER,Mar-23,Power & Utilities,free_cash_flow_cr,-97,32.5
TATAPOWER,Mar-23,Power & Utilities,revenue_cagr_5yr,15.48,80
TATAPOWER,Mar-23,Power & Utilities,pat_cagr_5yr,7.85,36.11
TATAPOWER,Mar-23,Power & Utilities,composite_quality_score,25.87,57.5
TATAPOWER,Mar-24,Power & Utilities,return_on_equity_pct,13.23,71.88
TATAPOWER,Mar-24,Power & Utilities,return_on_capital_employed_pct,12.48,68.75
TATAPOWER,Mar-24,Power & Utilities,net_profit_margin_pct,6.97,31.25
TATAPOWER,Mar-24,Power & Utilities,debt_to_equity,1.66,52.5
TATAPOWER,Mar-24,Power & Utilities,interest_coverage,3.05,45
TATAPOWER,Mar-24,Power & Utilities,asset_turnover,0.44,90.62
TATAPOWER,Mar-24,Power & Utilities,free_cash_flow_cr,3569,67.5
TATAPOWER,Mar-24,Power & Utilities,revenue_cagr_5yr,15.51,82.22
TATAPOWER,Mar-24,Power & Utilities,pat_cagr_5yr,10.43,55.56
TATAPOWER,Mar-24,Power & Utilities,composite_quality_score,26.51,61.25
AXISBANK,Mar-13,Private Banks,return_on_equity_pct,15.62,78.33
AXISBANK,Mar-13,Private Banks,return_on_capital_employed_pct,2.52,5
AXISBANK,Mar-13,Private Banks,net_profit_margin_pct,19.05,33.33
AXISBANK,Mar-13,Private Banks,debt_to_equity,8.93,13.33
AXISBANK,Mar-13,Private Banks,interest_coverage,1.27,25
AXISBANK,Mar-13,Private Banks,asset_turnover,0.08,67.5
AXISBANK,Mar-13,Private Banks,free_cash_flow_cr,-8366,36.67
AXISBANK,Mar-13,Private Banks,revenue_cagr_5yr,,
AXISBANK,Mar-13,Private Banks,pat_cagr_5yr,,
AXISBANK,Mar-13,Private Banks,composite_quality_score,11.5,15
AXISBANK,Mar-14,Private Banks,return_on_equity_pct,16.19,83.33
AXISBANK,Mar-14,Private Banks,return_on_capital_employed_pct,2.59,8.33
AXISBANK,Mar-14,Private Banks,net_profit_margin_pct,20.29,45
AXISBANK,Mar-14,Private Banks,debt_to_equity,8.68,21.67
AXISBANK,Mar-14,Private Banks,interest_coverage,1.3,35
AXISBANK,Mar-14,Private Banks,asset_turnover,0.08,67.5
AXISBANK,Mar-14,Private Banks,free_cash_flow_cr,298,58.33
AXISBANK,Mar-14,Private Banks,revenue_cagr_5yr,,
AXISBANK,Mar-14,Private Banks,pat_cagr_5yr,,
AXISBANK,Mar-14,Private Banks,composite_quality_score,12.44,28.33
AXISBANK,Mar-15,Private Banks,return_on_equity_pct,16.37,85
AXISBANK,Mar-15,Private Banks,return_on_capital_employed_pct,2.46,3.33
AXISBANK,Mar-15,Private Banks,net_profit_margin_pct,20.74,53.33
AXISBANK,Mar-15,Private Banks,debt_to_equity,9.05,11.67
AXISBANK,Mar-15,Private Banks,interest_coverage,1.33,40.83
AXISBANK,Mar-15,Private Banks,asset_turnover,0.08,67.5
AXISBANK,Mar-15,Private Banks,free_cash_flow_cr,-23134,15
AXISBANK,Mar-15,Private Banks,revenue_cagr_5yr,,
AXISBANK,Mar-15,Private Banks,pat_cagr_5yr,,
AXISBANK,Mar-15,Private Banks,composite_quality_score,11.86,18.33
AXISBANK,Mar-16,Private Banks,return_on_equity_pct,15.36,71.67
AXISBANK,Mar-16,Private Banks,return_on_capital_employed_pct,2.54,6.67
AXISBANK,Mar-16,Private Banks,net_profit_margin_pct,20.06,43.33
AXISBANK,Mar-16,Private Banks,debt_to_equity,8.82,18.33
AXISBANK,Mar-16,Private Banks,interest_coverage,1.43,55.83
AXISBANK,Mar-16,Private Banks,asset_turnover,0.08,67.5
AXISBANK,Mar-16,Private Banks,free_cash_flow_cr,-25284,13.33
AXISBANK,Mar-16,Private Banks,revenue_cagr_5yr,,
AXISBANK,Mar-16,Private Banks,pat_cagr_5yr,,
AXISBANK,Mar-16,Private Banks,composite_quality_score,11.83,16.67
AXISBANK,Mar-17,Private Banks,return_on_equity_pct,6.53,8.33
AXISBANK,Mar-17,Private Banks,return_on_capital_employed_pct,4.08,52.5
AXISBANK,Mar-17,Private Banks,net_profit_margin_pct,8.26,6.67
AXISBANK,Mar-17,Private Banks,debt_to_equity,9.36,5
AXISBANK,Mar-17,Private Banks,interest_coverage,2.04,90
AXISBANK,Mar-17,Private Banks,asset_turnover,0.07,35.83
AXISBANK,Mar-17,Private Banks,free_cash_flow_cr,19751,86.67
AXISBANK,Mar-17,Private Banks,revenue_cagr_5yr,,
AXISBANK,Mar-17,Private Banks,pat_cagr_5yr,,
AXISBANK,Mar-17,Private Banks,composite_quality_score,5.29,5
AXISBANK,Mar-18,Private Banks,return_on_equity_pct,0.43,1.67
AXISBANK,Mar-18,Private Banks,return_on_capital_employed_pct,4.28,56.67
AXISBANK,Mar-18,Private Banks,net_profit_margin_pct,0.6,1.67
AXISBANK,Mar-18,Private Banks,debt_to_equity,9.52,1.67
AXISBANK,Mar-18,Private Banks,interest_coverage,2.63,100
AXISBANK,Mar-18,Private Banks,asset_turnover,0.07,35.83
AXISBANK,Mar-18,Private Banks,free_cash_flow_cr,-48397,5
AXISBANK,Mar-18,Private Banks,revenue_cagr_5yr,10.99,31.43
AXISBANK,Mar-18,Private Banks,pat_cagr_5yr,-44.37,2.86
AXISBANK,Mar-18,Private Banks,composite_quality_score,-1.49,1.67
AXISBANK,Mar-19,Private Banks,return_on_equity_pct,6.9,11.67
AXISBANK,Mar-19,Private Banks,return_on_capital_employed_pct,3.48,45
AXISBANK,Mar-19,Private Banks,net_profit_margin_pct,8.51,8.33
AXISBANK,Mar-19,Private Banks,debt_to_equity,10.5,0
AXISBANK,Mar-19,Private Banks,interest_coverage,2.07,91.67
AXISBANK,Mar-19,Private Banks,asset_turnover,0.07,35.83
AXISBANK,Mar-19,Private Banks,free_cash_flow_cr,18451,83.33
AXISBANK,Mar-19,Private Banks,revenue_cagr_5yr,12.41,37.14
AXISBANK,Mar-19,Private Banks,pat_cagr_5yr,-5.54,11.43
AXISBANK,Mar-19,Private Banks,composite_quality_score,5.49,6.67
AXISBANK,Mar-20,Private Banks,return_on_equity_pct,1.88,3.33
AXISBANK,Mar-20,Private Banks,return_on_capital_employed_pct,3.97,50
AXISBANK,Mar-20,Private Banks,net_profit_margin_pct,2.6,3.33
AXISBANK,Mar-20,Private Banks,debt_to_equity,9.23,6.67
AXISBANK,Mar-20,Private Banks,interest_coverage,2.26,95
AXISBANK,Mar-20,Private Banks,asset_turnover,0.07,35.83
AXISBANK,Mar-20,Private Banks,free_cash_flow_cr,20931,88.33
AXISBANK,Mar-20,Private Banks,revenue_cagr_5yr,12.04,34.29
AXISBANK,Mar-20,Private Banks,pat_cagr_5yr,-26.05,5.71
AXISBANK,Mar-20,Private Banks,composite_quality_score,1.99,3.33
AXISBANK,Mar-21,Private Banks,return_on_equity_pct,6.36,6.67
AXISBANK,Mar-21,Private Banks,return_on_capital_employed_pct,3.33,38.33
AXISBANK,Mar-21,Private Banks,net_profit_margin_pct,10.4,11.67
AXISBANK,Mar-21,Private Banks,debt_to_equity,8.21,33.33
AXISBANK,Mar-21,Private Banks,interest_coverage,2.59,98.33
AXISBANK,Mar-21,Private Banks,asset_turnover,0.06,12.5
AXISBANK,Mar-21,Private Banks,free_cash_flow_cr,-41655,6.67
AXISBANK,Mar-21,Private Banks,revenue_cagr_5yr,9.1,20
AXISBANK,Mar-21,Private Banks,pat_cagr_5yr,-4.34,14.29
AXISBANK,Mar-21,Private Banks,composite_quality_score,8.88,10
AXISBANK,Mar-22,Private Banks,return_on_equity_pct,11.01,23.33
AXISBANK,Mar-22,Private Banks,return_on_capital_employed_pct,2.63,13.33
AXISBANK,Mar-22,Private Banks,net_profit_margin_pct,19.33,38.33
AXISBANK,Mar-22,Private Banks,debt_to_equity,8.63,23.33
AXISBANK,Mar-22,Private Banks,interest_coverage,1.97,88.33
AXISBANK,Mar-22,Private Banks,asset_turnover,0.06,12.5
AXISBANK,Mar-22,Private Banks,free_cash_flow_cr,1025,60
AXISBANK,Mar-22,Private Banks,revenue_cagr_5yr,8.63,14.29
AXISBANK,Mar-22,Private Banks,pat_cagr_5yr,28.77,88.57
AXISBANK,Mar-22,Private Banks,composite_quality_score,14.69,43.33
AXISBANK,Mar-23,Private Banks,return_on_equity_pct,7.38,13.33
AXISBANK,Mar-23,Private Banks,return_on_capital_employed_pct,2.27,1.67
AXISBANK,Mar-23,Private Banks,net_profit_margin_pct,11.25,13.33
AXISBANK,Mar-23,Private Banks,debt_to_equity,8.88,16.67
AXISBANK,Mar-23,Private Banks,interest_coverage,1.8,71.67
AXISBANK,Mar-23,Private Banks,asset_turnover,0.06,12.5
AXISBANK,Mar-23,Private Banks,free_cash_flow_cr,-10276,33.33
AXISBANK,Mar-23,Private Banks,revenue_cagr_5yr,13.22,42.86
AXISBANK,Mar-23,Private Banks,pat_cagr_5yr,103.28,100
AXISBANK,Mar-23,Private Banks,composite_quality_score,19.44,66.67
AXISBANK,Mar-24,Private Banks,return_on_equity_pct,15.83,80
AXISBANK,Mar-24,Private Banks,return_on_capital_employed_pct,2.61,11.67
AXISBANK,Mar-24,Private Banks,net_profit_margin_pct,22.73,70
AXISBANK,Mar-24,Private Banks,debt_to_equity,8.25,30.83
AXISBANK,Mar-24,Private Banks,interest_coverage,1.69,64.17
AXISBANK,Mar-24,Private Banks,asset_turnover,0.07,35.83
AXISBANK,Mar-24,Private Banks,free_cash_flow_cr,-14556,25
AXISBANK,Mar-24,Private Banks,revenue_cagr_5yr,14.74,51.43
AXISBANK,Mar-24,Private Banks,pat_cagr_5yr,39.67,94.29
AXISBANK,Mar-24,Private Banks,composite_quality_score,19.83,71.67
HDFCBANK,Mar-13,Private Banks,return_on_equity_pct,18.84,98.33
HDFCBANK,Mar-13,Private Banks,return_on_capital_employed_pct,3.39,41.67
HDFCBANK,Mar-13,Private Banks,net_profit_margin_pct,19.25,35
HDFCBANK,Mar-13,Private Banks,debt_to_equity,9.16,8.33
HDFCBANK,Mar-13,Private Banks,interest_coverage,1.77,66.67
HDFCBANK,Mar-13,Private Banks,asset_turnover,0.09,91.67
HDFCBANK,Mar-13,Private Banks,free_cash_flow_cr,-6749,40
HDFCBANK,Mar-13,Private Banks,revenue_cagr_5yr,,
HDFCBANK,Mar-13,Private Banks,pat_cagr_5yr,,
HDFCBANK,Mar-13,Private Banks,composite_quality_score,12.21,23.33
HDFCBANK,Mar-14,Private Banks,return_on_equity_pct,19.85,100
HDFCBANK,Mar-14,Private Banks,return_on_capital_employed_pct,2.93,26.67
HDFCBANK,Mar-14,Private Banks,net_profit_margin_pct,20.6,50
HDFCBANK,Mar-14,Private Banks,debt_to_equity,9.43,3.33
HDFCBANK,Mar-14,Private Banks,interest_coverage,1.63,60
HDFCBANK,Mar-14,Private Banks,asset_turnover,0.08,67.5
HDFCBANK,Mar-14,Private Banks,free_cash_flow_cr,3112,63.33
HDFCBANK,Mar-14,Private Banks,revenue_cagr_5yr,,
HDFCBANK,Mar-14,Private Banks,pat_cagr_5yr,,
HDFCBANK,Mar-14,Private Banks,composite_quality_score,12.29,25
HDFCBANK,Mar-15,Private Banks,return_on_equity_pct,16.95,93.33
HDFCBANK,Mar-15,Private Banks,return_on_capital_employed_pct,2.82,22.5
HDFCBANK,Mar-15,Private Banks,net_profit_margin_pct,21.12,60
HDFCBANK,Mar-15,Private Banks,debt_to_equity,8.07,36.67
HDFCBANK,Mar-15,Private Banks,interest_coverage,1.69,64.17
HDFCBANK,Mar-15,Private Banks,asset_turnover,0.08,67.5
HDFCBANK,Mar-15,Private Banks,free_cash_flow_cr,-22081,16.67
HDFCBANK,Mar-15,Private Banks,revenue_cagr_5yr,,
HDFCBANK,Mar-15,Private Banks,pat_cagr_5yr,,
HDFCBANK,Mar-15,Private Banks,composite_quality_score,14.1,36.67
HDFCBANK,Mar-16,Private Banks,return_on_equity_pct,17.25,95
HDFCBANK,Mar-16,Private Banks,return_on_capital_employed_pct,2.77,16.67
HDFCBANK,Mar-16,Private Banks,net_profit_margin_pct,20.3,46.67
HDFCBANK,Mar-16,Private Banks,debt_to_equity,8.74,20
HDFCBANK,Mar-16,Private Banks,interest_coverage,1.79,70
HDFCBANK,Mar-16,Private Banks,asset_turnover,0.08,67.5
HDFCBANK,Mar-16,Private Banks,free_cash_flow_cr,-35272,8.33
HDFCBANK,Mar-16,Private Banks,revenue_cagr_5yr,,
HDFCBANK,Mar-16,Private Banks,pat_cagr_5yr,,
HDFCBANK,Mar-16,Private Banks,composite_quality_score,12.7,30
HDFCBANK,Mar-17,Private Banks,return_on_equity_pct,16.69,88.33
HDFCBANK,Mar-17,Private Banks,return_on_capital_employed_pct,2.86,25
HDFCBANK,Mar-17,Private Banks,net_profit_margin_pct,20.9,56.67
HDFCBANK,Mar-17,Private Banks,debt_to_equity,8.08,35
HDFCBANK,Mar-17,Private Banks,interest_coverage,1.85,80
HDFCBANK,Mar-17,Private Banks,asset_turnover,0.08,67.5
HDFCBANK,Mar-17,Private Banks,free_cash_flow_cr,16136,75
HDFCBANK,Mar-17,Private Banks,revenue_cagr_5yr,,
HDFCBANK,Mar-17,Private Banks,pat_cagr_5yr,,
HDFCBANK,Mar-17,Private Banks,composite_quality_score,13.94,35
HDFCBANK,Mar-18,Private Banks,return_on_equity_pct,16.94,91.67
HDFCBANK,Mar-18,Private Banks,return_on_capital_employed_pct,2.8,20
HDFCBANK,Mar-18,Private Banks,net_profit_margin_pct,21.76,63.33
HDFCBANK,Mar-18,Private Banks,debt_to_equity,8.62,25
HDFCBANK,Mar-18,Private Banks,interest_coverage,1.84,77.5
HDFCBANK,Mar-18,Private Banks,asset_turnover,0.08,67.5
HDFCBANK,Mar-18,Private Banks,free_cash_flow_cr,16372,78.33
HDFCBANK,Mar-18,Private Banks,revenue_cagr_5yr,18.92,74.29
HDFCBANK,Mar-18,Private Banks,pat_cagr_5yr,21.87,65.71
HDFCBANK,Mar-18,Private Banks,composite_quality_score,18.15,59.17
HDFCBANK,Mar-19,Private Banks,return_on_equity_pct,14.61,60
HDFCBANK,Mar-19,Private Banks,return_on_capital_employed_pct,2.82,22.5
HDFCBANK,Mar-19,Private Banks,net_profit_margin_pct,21.34,61.67
HDFCBANK,Mar-19,Private Banks,debt_to_equity,7.03,65
HDFCBANK,Mar-19,Private Banks,interest_coverage,1.84,77.5
HDFCBANK,Mar-19,Private Banks,asset_turnover,0.08,67.5
HDFCBANK,Mar-19,Private Banks,free_cash_flow_cr,-64375,3.33
HDFCBANK,Mar-19,Private Banks,revenue_cagr_5yr,19.83,82.86
HDFCBANK,Mar-19,Private Banks,pat_cagr_5yr,20.68,62.86
HDFCBANK,Mar-19,Private Banks,composite_quality_score,20.44,80
HDFCBANK,Mar-20,Private Banks,return_on_equity_pct,15.48,75
HDFCBANK,Mar-20,Private Banks,return_on_capital_employed_pct,3.01,30
HDFCBANK,Mar-20,Private Banks,net_profit_margin_pct,22.34,65
HDFCBANK,Mar-20,Private Banks,debt_to_equity,7.56,43.33
HDFCBANK,Mar-20,Private Banks,interest_coverage,1.83,75
HDFCBANK,Mar-20,Private Banks,asset_turnover,0.08,67.5
HDFCBANK,Mar-20,Private Banks,free_cash_flow_cr,-18272,20
HDFCBANK,Mar-20,Private Banks,revenue_cagr_5yr,19.25,77.14
HDFCBANK,Mar-20,Private Banks,pat_cagr_5yr,20.59,60
HDFCBANK,Mar-20,Private Banks,composite_quality_score,19.79,70
HDFCBANK,Mar-21,Private Banks,return_on_equity_pct,15.18,66.67
HDFCBANK,Mar-21,Private Banks,return_on_capital_employed_pct,3.05,33.33
HDFCBANK,Mar-21,Private Banks,net_profit_margin_pct,24.78,81.67
HDFCBANK,Mar-21,Private Banks,debt_to_equity,7.2,51.67
HDFCBANK,Mar-21,Private Banks,interest_coverage,1.92,86.67
HDFCBANK,Mar-21,Private Banks,asset_turnover,0.07,35.83
HDFCBANK,Mar-21,Private Banks,free_cash_flow_cr,40653,95
HDFCBANK,Mar-21,Private Banks,revenue_cagr_5yr,15.27,57.14
HDFCBANK,Mar-21,Private Banks,pat_cagr_5yr,19.97,48.57
HDFCBANK,Mar-21,Private Banks,composite_quality_score,20.23,76.67
HDFCBANK,Mar-22,Private Banks,return_on_equity_pct,15.43,73.33
HDFCBANK,Mar-22,Private Banks,return_on_capital_employed_pct,2.78,18.33
HDFCBANK,Mar-22,Private Banks,net_profit_margin_pct,28.07,90
HDFCBANK,Mar-22,Private Banks,debt_to_equity,7.22,49.17
HDFCBANK,Mar-22,Private Banks,interest_coverage,1.78,68.33
HDFCBANK,Mar-22,Private Banks,asset_turnover,0.06,12.5
HDFCBANK,Mar-22,Private Banks,free_cash_flow_cr,-14011,26.67
HDFCBANK,Mar-22,Private Banks,revenue_cagr_5yr,13.16,40
HDFCBANK,Mar-22,Private Banks,pat_cagr_5yr,20.02,54.29
HDFCBANK,Mar-22,Private Banks,composite_quality_score,20.61,83.33
HDFCBANK,Mar-23,Private Banks,return_on_equity_pct,15.94,81.67
HDFCBANK,Mar-23,Private Banks,return_on_capital_employed_pct,2.6,10
HDFCBANK,Mar-23,Private Banks,net_profit_margin_pct,27.03,86.67
HDFCBANK,Mar-23,Private Banks,debt_to_equity,7.39,45
HDFCBANK,Mar-23,Private Banks,interest_coverage,1.86,81.67
HDFCBANK,Mar-23,Private Banks,asset_turnover,0.07,35.83
HDFCBANK,Mar-23,Private Banks,free_cash_flow_cr,17822,80
HDFCBANK,Mar-23,Private Banks,revenue_cagr_5yr,14.89,54.29
HDFCBANK,Mar-23,Private Banks,pat_cagr_5yr,19.98,51.43
HDFCBANK,Mar-23,Private Banks,composite_quality_score,20.51,81.67
HDFCBANK,Mar-24,Private Banks,return_on_equity_pct,14.34,56.67
HDFCBANK,Mar-24,Private Banks,return_on_capital_employed_pct,4.89,60
HDFCBANK,Mar-24,Private Banks,net_profit_margin_pct,23.07,73.33
HDFCBANK,Mar-24,Private Banks,debt_to_equity,6.81,71.67
HDFCBANK,Mar-24,Private Banks,interest_coverage,1.4,51.67
HDFCBANK,Mar-24,Private Banks,asset_turnover,0.07,35.83
HDFCBANK,Mar-24,Private Banks,free_cash_flow_cr,35669,91.67
HDFCBANK,Mar-24,Private Banks,revenue_cagr_5yr,21.95,95.71
HDFCBANK,Mar-24,Private Banks,pat_cagr_5yr,23.87,82.86
HDFCBANK,Mar-24,Private Banks,composite_quality_score,21.76,85
ICICIBANK,Mar-13,Private Banks,return_on_equity_pct,14.73,63.33
ICICIBANK,Mar-13,Private Banks,return_on_capital_employed_pct,5.69,75
ICICIBANK,Mar-13,Private Banks,net_profit_margin_pct,22.57,68.33
ICICIBANK,Mar-13,Private Banks,debt_to_equity,7.09,59.17
ICICIBANK,Mar-13,Private Banks,interest_coverage,1.08,1.67
ICICIBANK,Mar-13,Private Banks,asset_turnover,0.07,35.83
ICICIBANK,Mar-13,Private Banks,free_cash_flow_cr,-1069,55
ICICIBANK,Mar-13,Private Banks,revenue_cagr_5yr,,
ICICIBANK,Mar-13,Private Banks,pat_cagr_5yr,,
ICICIBANK,Mar-13,Private Banks,composite_quality_score,15.56,46.67
ICICIBANK,Mar-14,Private Banks,return_on_equity_pct,15.28,69.17
ICICIBANK,Mar-14,Private Banks,return_on_capital_employed_pct,5.3,63.33
ICICIBANK,Mar-14,Private Banks,net_profit_margin_pct,23.6,78.33
ICICIBANK,Mar-14,Private Banks,debt_to_equity,7.11,56.67
ICICIBANK,Mar-14,Private Banks,interest_coverage,1.09,3.33
ICICIBANK,Mar-14,Private Banks,asset_turnover,0.07,35.83
ICICIBANK,Mar-14,Private Banks,free_cash_flow_cr,-8985,35
ICICIBANK,Mar-14,Private Banks,revenue_cagr_5yr,,
ICICIBANK,Mar-14,Private Banks,pat_cagr_5yr,,
ICICIBANK,Mar-14,Private Banks,composite_quality_score,15.92,50
ICICIBANK,Mar-15,Private Banks,return_on_equity_pct,15.28,69.17
ICICIBANK,Mar-15,Private Banks,return_on_capital_employed_pct,5.68,73.33
ICICIBANK,Mar-15,Private Banks,net_profit_margin_pct,23.55,76.67
ICICIBANK,Mar-15,Private Banks,debt_to_equity,7.05,63.33
ICICIBANK,Mar-15,Private Banks,interest_coverage,1.1,5
ICICIBANK,Mar-15,Private Banks,asset_turnover,0.07,35.83
ICICIBANK,Mar-15,Private Banks,free_cash_flow_cr,-25448,11.67
ICICIBANK,Mar-15,Private Banks,revenue_cagr_5yr,,
ICICIBANK,Mar-15,Private Banks,pat_cagr_5yr,,
ICICIBANK,Mar-15,Private Banks,composite_quality_score,16.03,51.67
ICICIBANK,Mar-16,Private Banks,return_on_equity_pct,11.61,25
ICICIBANK,Mar-16,Private Banks,return_on_capital_employed_pct,6.83,86.67
ICICIBANK,Mar-16,Private Banks,net_profit_margin_pct,18.43,28.33
ICICIBANK,Mar-16,Private Banks,debt_to_equity,7.13,55
ICICIBANK,Mar-16,Private Banks,interest_coverage,1.24,17.5
ICICIBANK,Mar-16,Private Banks,asset_turnover,0.06,12.5
ICICIBANK,Mar-16,Private Banks,free_cash_flow_cr,11585,71.67
ICICIBANK,Mar-16,Private Banks,revenue_cagr_5yr,,
ICICIBANK,Mar-16,Private Banks,pat_cagr_5yr,,
ICICIBANK,Mar-16,Private Banks,composite_quality_score,13.55,33.33
ICICIBANK,Mar-17,Private Banks,return_on_equity_pct,10.84,21.67
ICICIBANK,Mar-17,Private Banks,return_on_capital_employed_pct,7.93,98.33
ICICIBANK,Mar-17,Private Banks,net_profit_margin_pct,18.61,31.67
ICICIBANK,Mar-17,Private Banks,debt_to_equity,6.7,73.33
ICICIBANK,Mar-17,Private Banks,interest_coverage,1.22,9.17
ICICIBANK,Mar-17,Private Banks,asset_turnover,0.06,12.5
ICICIBANK,Mar-17,Private Banks,free_cash_flow_cr,50925,98.33
ICICIBANK,Mar-17,Private Banks,revenue_cagr_5yr,,
ICICIBANK,Mar-17,Private Banks,pat_cagr_5yr,,
ICICIBANK,Mar-17,Private Banks,composite_quality_score,14.18,38.33
ICICIBANK,Mar-18,Private Banks,return_on_equity_pct,8.23,15
ICICIBANK,Mar-18,Private Banks,return_on_capital_employed_pct,7.86,96.67
ICICIBANK,Mar-18,Private Banks,net_profit_margin_pct,14.64,16.67
ICICIBANK,Mar-18,Private Banks,debt_to_equity,7.37,46.67
ICICIBANK,Mar-18,Private Banks,interest_coverage,1.28,28.33
ICICIBANK,Mar-18,Private Banks,asset_turnover,0.06,12.5
ICICIBANK,Mar-18,Private Banks,free_cash_flow_cr,-31168,10
ICICIBANK,Mar-18,Private Banks,revenue_cagr_5yr,6.73,2.86
ICICIBANK,Mar-18,Private Banks,pat_cagr_5yr,-2.12,20
ICICIBANK,Mar-18,Private Banks,composite_quality_score,11.93,21.67
ICICIBANK,Mar-19,Private Banks,return_on_equity_pct,4.98,5
ICICIBANK,Mar-19,Private Banks,return_on_capital_employed_pct,8.33,100
ICICIBANK,Mar-19,Private Banks,net_profit_margin_pct,7.9,5
ICICIBANK,Mar-19,Private Banks,debt_to_equity,7.8,40
ICICIBANK,Mar-19,Private Banks,interest_coverage,1.41,53.33
ICICIBANK,Mar-19,Private Banks,asset_turnover,0.06,12.5
ICICIBANK,Mar-19,Private Banks,free_cash_flow_cr,18389,81.67
ICICIBANK,Mar-19,Private Banks,revenue_cagr_5yr,7.79,5.71
ICICIBANK,Mar-19,Private Banks,pat_cagr_5yr,-13.4,8.57
ICICIBANK,Mar-19,Private Banks,composite_quality_score,7.61,8.33
ICICIBANK,Mar-20,Private Banks,return_on_equity_pct,9.13,16.67
ICICIBANK,Mar-20,Private Banks,return_on_capital_employed_pct,7.5,93.33
ICICIBANK,Mar-20,Private Banks,net_profit_margin_pct,13.23,15
ICICIBANK,Mar-20,Private Banks,debt_to_equity,8.25,30.83
ICICIBANK,Mar-20,Private Banks,interest_coverage,1.31,38.33
ICICIBANK,Mar-20,Private Banks,asset_turnover,0.06,12.5
ICICIBANK,Mar-20,Private Banks,free_cash_flow_cr,37470,93.33
ICICIBANK,Mar-20,Private Banks,revenue_cagr_5yr,9.07,17.14
ICICIBANK,Mar-20,Private Banks,pat_cagr_5yr,-2.81,17.14
ICICIBANK,Mar-20,Private Banks,composite_quality_score,10.48,11.67
ICICIBANK,Mar-21,Private Banks,return_on_equity_pct,12.92,39.17
ICICIBANK,Mar-21,Private Banks,return_on_capital_employed_pct,7.24,90
ICICIBANK,Mar-21,Private Banks,net_profit_margin_pct,22.84,71.67
ICICIBANK,Mar-21,Private Banks,debt_to_equity,7,66.67
ICICIBANK,Mar-21,Private Banks,interest_coverage,1.26,20.83
ICICIBANK,Mar-21,Private Banks,asset_turnover,0.06,12.5
ICICIBANK,Mar-21,Private Banks,free_cash_flow_cr,74384,100
ICICIBANK,Mar-21,Private Banks,revenue_cagr_5yr,8.5,8.57
ICICIBANK,Mar-21,Private Banks,pat_cagr_5yr,13.26,28.57
ICICIBANK,Mar-21,Private Banks,composite_quality_score,17.75,55
ICICIBANK,Mar-22,Private Banks,return_on_equity_pct,14.58,58.33
ICICIBANK,Mar-22,Private Banks,return_on_capital_employed_pct,5.63,70
ICICIBANK,Mar-22,Private Banks,net_profit_margin_pct,27.82,88.33
ICICIBANK,Mar-22,Private Banks,debt_to_equity,6.88,70
ICICIBANK,Mar-22,Private Banks,interest_coverage,1.3,35
ICICIBANK,Mar-22,Private Banks,asset_turnover,0.05,1.67
ICICIBANK,Mar-22,Private Banks,free_cash_flow_cr,18663,85
ICICIBANK,Mar-22,Private Banks,revenue_cagr_5yr,9.38,22.86
ICICIBANK,Mar-22,Private Banks,pat_cagr_5yr,18.54,34.29
ICICIBANK,Mar-22,Private Banks,composite_quality_score,20.22,75
ICICIBANK,Mar-23,Private Banks,return_on_equity_pct,16.53,86.67
ICICIBANK,Mar-23,Private Banks,return_on_capital_employed_pct,5.44,66.67
ICICIBANK,Mar-23,Private Banks,net_profit_margin_pct,29.29,93.33
ICICIBANK,Mar-23,Private Banks,debt_to_equity,6.53,76.67
ICICIBANK,Mar-23,Private Banks,interest_coverage,1.35,45.83
ICICIBANK,Mar-23,Private Banks,asset_turnover,0.06,12.5
ICICIBANK,Mar-23,Private Banks,free_cash_flow_cr,-71460,1.67
ICICIBANK,Mar-23,Private Banks,revenue_cagr_5yr,14.26,48.57
ICICIBANK,Mar-23,Private Banks,pat_cagr_5yr,31.26,91.43
ICICIBANK,Mar-23,Private Banks,composite_quality_score,23.91,86.67
ICICIBANK,Mar-24,Private Banks,return_on_equity_pct,17.99,96.67
ICICIBANK,Mar-24,Private Banks,return_on_capital_employed_pct,5.22,61.67
ICICIBANK,Mar-24,Private Banks,net_profit_margin_pct,28.89,91.67
ICICIBANK,Mar-24,Private Banks,debt_to_equity,6.45,78.33
ICICIBANK,Mar-24,Private Banks,interest_coverage,1.3,35
ICICIBANK,Mar-24,Private Banks,asset_turnover,0.07,35.83
ICICIBANK,Mar-24,Private Banks,free_cash_flow_cr,12547,73.33
ICICIBANK,Mar-24,Private Banks,revenue_cagr_5yr,17.25,68.57
ICICIBANK,Mar-24,Private Banks,pat_cagr_5yr,51.95,97.14
ICICIBANK,Mar-24,Private Banks,composite_quality_score,27.03,95
INDUSINDBK,Mar-13,Private Banks,return_on_equity_pct,13.91,50
INDUSINDBK,Mar-13,Private Banks,return_on_capital_employed_pct,2.73,15
INDUSINDBK,Mar-13,Private Banks,net_profit_margin_pct,15.19,21.67
INDUSINDBK,Mar-13,Private Banks,debt_to_equity,8.33,26.67
INDUSINDBK,Mar-13,Private Banks,interest_coverage,1.43,55.83
INDUSINDBK,Mar-13,Private Banks,asset_turnover,0.1,99.17
INDUSINDBK,Mar-13,Private Banks,free_cash_flow_cr,-660,56.67
INDUSINDBK,Mar-13,Private Banks,revenue_cagr_5yr,,
INDUSINDBK,Mar-13,Private Banks,pat_cagr_5yr,,
INDUSINDBK,Mar-13,Private Banks,composite_quality_score,11.35,13.33
INDUSINDBK,Mar-14,Private Banks,return_on_equity_pct,15.57,76.67
INDUSINDBK,Mar-14,Private Banks,return_on_capital_employed_pct,3.03,31.67
INDUSINDBK,Mar-14,Private Banks,net_profit_margin_pct,17.06,25
INDUSINDBK,Mar-14,Private Banks,debt_to_equity,8.32,28.33
INDUSINDBK,Mar-14,Private Banks,interest_coverage,1.35,45.83
INDUSINDBK,Mar-14,Private Banks,asset_turnover,0.09,91.67
INDUSINDBK,Mar-14,Private Banks,free_cash_flow_cr,-4280,45
INDUSINDBK,Mar-14,Private Banks,revenue_cagr_5yr,,
INDUSINDBK,Mar-14,Private Banks,pat_cagr_5yr,,
INDUSINDBK,Mar-14,Private Banks,composite_quality_score,12.31,26.67
INDUSINDBK,Mar-15,Private Banks,return_on_equity_pct,16.85,90
INDUSINDBK,Mar-15,Private Banks,return_on_capital_employed_pct,2.97,28.33
INDUSINDBK,Mar-15,Private Banks,net_profit_margin_pct,18.51,30
INDUSINDBK,Mar-15,Private Banks,debt_to_equity,8.9,15
INDUSINDBK,Mar-15,Private Banks,interest_coverage,1.23,13.33
INDUSINDBK,Mar-15,Private Banks,asset_turnover,0.09,91.67
INDUSINDBK,Mar-15,Private Banks,free_cash_flow_cr,-1697,51.67
INDUSINDBK,Mar-15,Private Banks,revenue_cagr_5yr,,
INDUSINDBK,Mar-15,Private Banks,pat_cagr_5yr,,
INDUSINDBK,Mar-15,Private Banks,composite_quality_score,11.89,20
INDUSINDBK,Mar-16,Private Banks,return_on_equity_pct,12.92,39.17
INDUSINDBK,Mar-16,Private Banks,return_on_capital_employed_pct,3.09,36.67
INDUSINDBK,Mar-16,Private Banks,net_profit_margin_pct,19.26,36.67
INDUSINDBK,Mar-16,Private Banks,debt_to_equity,6.67,75
INDUSINDBK,Mar-16,Private Banks,interest_coverage,1.27,25
INDUSINDBK,Mar-16,Private Banks,asset_turnover,0.08,67.5
INDUSINDBK,Mar-16,Private Banks,free_cash_flow_cr,-3185,46.67
INDUSINDBK,Mar-16,Private Banks,revenue_cagr_5yr,,
INDUSINDBK,Mar-16,Private Banks,pat_cagr_5yr,,
INDUSINDBK,Mar-16,Private Banks,composite_quality_score,15.11,45
INDUSINDBK,Mar-17,Private Banks,return_on_equity_pct,13.89,48.33
INDUSINDBK,Mar-17,Private Banks,return_on_capital_employed_pct,3.35,40
INDUSINDBK,Mar-17,Private Banks,net_profit_margin_pct,19.91,41.67
INDUSINDBK,Mar-17,Private Banks,debt_to_equity,7.22,49.17
INDUSINDBK,Mar-17,Private Banks,interest_coverage,1.36,48.33
INDUSINDBK,Mar-17,Private Banks,asset_turnover,0.08,67.5
INDUSINDBK,Mar-17,Private Banks,free_cash_flow_cr,11284,70
INDUSINDBK,Mar-17,Private Banks,revenue_cagr_5yr,,
INDUSINDBK,Mar-17,Private Banks,pat_cagr_5yr,,
INDUSINDBK,Mar-17,Private Banks,composite_quality_score,14.48,41.67
INDUSINDBK,Mar-18,Private Banks,return_on_equity_pct,15.13,65
INDUSINDBK,Mar-18,Private Banks,return_on_capital_employed_pct,3.07,35
INDUSINDBK,Mar-18,Private Banks,net_profit_margin_pct,20.87,55
INDUSINDBK,Mar-18,Private Banks,debt_to_equity,7.97,38.33
INDUSINDBK,Mar-18,Private Banks,interest_coverage,1.38,50
INDUSINDBK,Mar-18,Private Banks,asset_turnover,0.08,67.5
INDUSINDBK,Mar-18,Private Banks,free_cash_flow_cr,-20917,18.33
INDUSINDBK,Mar-18,Private Banks,revenue_cagr_5yr,19.87,85.71
INDUSINDBK,Mar-18,Private Banks,pat_cagr_5yr,27.72,85.71
INDUSINDBK,Mar-18,Private Banks,composite_quality_score,19.36,65
INDUSINDBK,Mar-19,Private Banks,return_on_equity_pct,12.37,28.33
INDUSINDBK,Mar-19,Private Banks,return_on_capital_employed_pct,3.45,43.33
INDUSINDBK,Mar-19,Private Banks,net_profit_margin_pct,14.83,18.33
INDUSINDBK,Mar-19,Private Banks,debt_to_equity,9.08,10
INDUSINDBK,Mar-19,Private Banks,interest_coverage,1.64,61.67
INDUSINDBK,Mar-19,Private Banks,asset_turnover,0.08,67.5
INDUSINDBK,Mar-19,Private Banks,free_cash_flow_cr,-7022,38.33
INDUSINDBK,Mar-19,Private Banks,revenue_cagr_5yr,21.95,95.71
INDUSINDBK,Mar-19,Private Banks,pat_cagr_5yr,18.58,37.14
INDUSINDBK,Mar-19,Private Banks,composite_quality_score,14.37,40
INDUSINDBK,Mar-20,Private Banks,return_on_equity_pct,12.73,35
INDUSINDBK,Mar-20,Private Banks,return_on_capital_employed_pct,4.24,55
INDUSINDBK,Mar-20,Private Banks,net_profit_margin_pct,15.35,23.33
INDUSINDBK,Mar-20,Private Banks,debt_to_equity,7.57,41.67
INDUSINDBK,Mar-20,Private Banks,interest_coverage,1.81,73.33
INDUSINDBK,Mar-20,Private Banks,asset_turnover,0.09,91.67
INDUSINDBK,Mar-20,Private Banks,free_cash_flow_cr,-11513,31.67
INDUSINDBK,Mar-20,Private Banks,revenue_cagr_5yr,24.32,100
INDUSINDBK,Mar-20,Private Banks,pat_cagr_5yr,19.75,45.71
INDUSINDBK,Mar-20,Private Banks,composite_quality_score,18.1,56.67
INDUSINDBK,Mar-21,Private Banks,return_on_equity_pct,6.54,10
INDUSINDBK,Mar-21,Private Banks,return_on_capital_employed_pct,4.56,58.33
INDUSINDBK,Mar-21,Private Banks,net_profit_margin_pct,9.78,10
INDUSINDBK,Mar-21,Private Banks,debt_to_equity,7.09,59.17
INDUSINDBK,Mar-21,Private Banks,interest_coverage,2.44,96.67
INDUSINDBK,Mar-21,Private Banks,asset_turnover,0.08,67.5
INDUSINDBK,Mar-21,Private Banks,free_cash_flow_cr,44420,96.67
INDUSINDBK,Mar-21,Private Banks,revenue_cagr_5yr,19.56,80
INDUSINDBK,Mar-21,Private Banks,pat_cagr_5yr,4.41,22.86
INDUSINDBK,Mar-21,Private Banks,composite_quality_score,13.52,31.67
INDUSINDBK,Mar-22,Private Banks,return_on_equity_pct,9.67,18.33
INDUSINDBK,Mar-22,Private Banks,return_on_capital_employed_pct,4.08,52.5
INDUSINDBK,Mar-22,Private Banks,net_profit_margin_pct,14.96,20
INDUSINDBK,Mar-22,Private Banks,debt_to_equity,7.15,53.33
INDUSINDBK,Mar-22,Private Banks,interest_coverage,2.16,93.33
INDUSINDBK,Mar-22,Private Banks,asset_turnover,0.08,67.5
INDUSINDBK,Mar-22,Private Banks,free_cash_flow_cr,16249,76.67
INDUSINDBK,Mar-22,Private Banks,revenue_cagr_5yr,16.43,65.71
INDUSINDBK,Mar-22,Private Banks,pat_cagr_5yr,9.96,25.71
INDUSINDBK,Mar-22,Private Banks,composite_quality_score,15.62,48.33
INDUSINDBK,Mar-23,Private Banks,return_on_equity_pct,13.53,46.67
INDUSINDBK,Mar-23,Private Banks,return_on_capital_employed_pct,3.53,46.67
INDUSINDBK,Mar-23,Private Banks,net_profit_margin_pct,20.32,48.33
INDUSINDBK,Mar-23,Private Banks,debt_to_equity,7.06,61.67
INDUSINDBK,Mar-23,Private Banks,interest_coverage,1.9,85
INDUSINDBK,Mar-23,Private Banks,asset_turnover,0.08,67.5
INDUSINDBK,Mar-23,Private Banks,free_cash_flow_cr,-12879,28.33
INDUSINDBK,Mar-23,Private Banks,revenue_cagr_5yr,16.05,62.86
INDUSINDBK,Mar-23,Private Banks,pat_cagr_5yr,15.43,31.43
INDUSINDBK,Mar-23,Private Banks,composite_quality_score,18.71,63.33
INDUSINDBK,Mar-24,Private Banks,return_on_equity_pct,14.25,55
INDUSINDBK,Mar-24,Private Banks,return_on_capital_employed_pct,3.56,48.33
INDUSINDBK,Mar-24,Private Banks,net_profit_margin_pct,19.56,40
INDUSINDBK,Mar-24,Private Banks,debt_to_equity,6.89,68.33
INDUSINDBK,Mar-24,Private Banks,interest_coverage,1.88,83.33
INDUSINDBK,Mar-24,Private Banks,asset_turnover,0.09,91.67
INDUSINDBK,Mar-24,Private Banks,free_cash_flow_cr,-17468,21.67
INDUSINDBK,Mar-24,Private Banks,revenue_cagr_5yr,15.5,60
INDUSINDBK,Mar-24,Private Banks,pat_cagr_5yr,22.08,68.57
INDUSINDBK,Mar-24,Private Banks,composite_quality_score,19.74,68.33
KOTAKBANK,Mar-13,Private Banks,return_on_equity_pct,14.66,61.67
KOTAKBANK,Mar-13,Private Banks,return_on_capital_employed_pct,6.55,81.67
KOTAKBANK,Mar-13,Private Banks,net_profit_margin_pct,20.65,51.67
KOTAKBANK,Mar-13,Private Banks,debt_to_equity,5.6,80
KOTAKBANK,Mar-13,Private Banks,interest_coverage,1.29,30.83
KOTAKBANK,Mar-13,Private Banks,asset_turnover,0.09,91.67
KOTAKBANK,Mar-13,Private Banks,free_cash_flow_cr,-6157,43.33
KOTAKBANK,Mar-13,Private Banks,revenue_cagr_5yr,,
KOTAKBANK,Mar-13,Private Banks,pat_cagr_5yr,,
KOTAKBANK,Mar-13,Private Banks,composite_quality_score,18.15,59.17
KOTAKBANK,Mar-14,Private Banks,return_on_equity_pct,13.24,43.33
KOTAKBANK,Mar-14,Private Banks,return_on_capital_employed_pct,6.72,85
KOTAKBANK,Mar-14,Private Banks,net_profit_margin_pct,21.08,58.33
KOTAKBANK,Mar-14,Private Banks,debt_to_equity,4.5,91.67
KOTAKBANK,Mar-14,Private Banks,interest_coverage,1.33,40.83
KOTAKBANK,Mar-14,Private Banks,asset_turnover,0.1,99.17
KOTAKBANK,Mar-14,Private Banks,free_cash_flow_cr,7938,68.33
KOTAKBANK,Mar-14,Private Banks,revenue_cagr_5yr,,
KOTAKBANK,Mar-14,Private Banks,pat_cagr_5yr,,
KOTAKBANK,Mar-14,Private Banks,composite_quality_score,19.95,73.33
KOTAKBANK,Mar-15,Private Banks,return_on_equity_pct,14.01,52.5
KOTAKBANK,Mar-15,Private Banks,return_on_capital_employed_pct,7.69,95
KOTAKBANK,Mar-15,Private Banks,net_profit_margin_pct,23.31,75
KOTAKBANK,Mar-15,Private Banks,debt_to_equity,4.71,90
KOTAKBANK,Mar-15,Private Banks,interest_coverage,1.19,6.67
KOTAKBANK,Mar-15,Private Banks,asset_turnover,0.09,91.67
KOTAKBANK,Mar-15,Private Banks,free_cash_flow_cr,-2165,50
KOTAKBANK,Mar-15,Private Banks,revenue_cagr_5yr,,
KOTAKBANK,Mar-15,Private Banks,pat_cagr_5yr,,
KOTAKBANK,Mar-15,Private Banks,composite_quality_score,20.24,78.33
KOTAKBANK,Mar-16,Private Banks,return_on_equity_pct,10.56,20
KOTAKBANK,Mar-16,Private Banks,return_on_capital_employed_pct,5.42,65
KOTAKBANK,Mar-16,Private Banks,net_profit_margin_pct,17.27,26.67
KOTAKBANK,Mar-16,Private Banks,debt_to_equity,5.39,81.67
KOTAKBANK,Mar-16,Private Banks,interest_coverage,1.51,58.33
KOTAKBANK,Mar-16,Private Banks,asset_turnover,0.08,67.5
KOTAKBANK,Mar-16,Private Banks,free_cash_flow_cr,2672,61.67
KOTAKBANK,Mar-16,Private Banks,revenue_cagr_5yr,,
KOTAKBANK,Mar-16,Private Banks,pat_cagr_5yr,,
KOTAKBANK,Mar-16,Private Banks,composite_quality_score,16.45,53.33
KOTAKBANK,Mar-17,Private Banks,return_on_equity_pct,13.04,41.67
KOTAKBANK,Mar-17,Private Banks,return_on_capital_employed_pct,6.09,78.33
KOTAKBANK,Mar-17,Private Banks,net_profit_margin_pct,22.48,66.67
KOTAKBANK,Mar-17,Private Banks,debt_to_equity,5.33,83.33
KOTAKBANK,Mar-17,Private Banks,interest_coverage,1.27,25
KOTAKBANK,Mar-17,Private Banks,asset_turnover,0.08,67.5
KOTAKBANK,Mar-17,Private Banks,free_cash_flow_cr,7933,66.67
KOTAKBANK,Mar-17,Private Banks,revenue_cagr_5yr,,
KOTAKBANK,Mar-17,Private Banks,pat_cagr_5yr,,
KOTAKBANK,Mar-17,Private Banks,composite_quality_score,18.48,61.67
KOTAKBANK,Mar-18,Private Banks,return_on_equity_pct,12.4,30
KOTAKBANK,Mar-18,Private Banks,return_on_capital_employed_pct,5.6,68.33
KOTAKBANK,Mar-18,Private Banks,net_profit_margin_pct,24.9,83.33
KOTAKBANK,Mar-18,Private Banks,debt_to_equity,4.95,86.67
KOTAKBANK,Mar-18,Private Banks,interest_coverage,1.23,13.33
KOTAKBANK,Mar-18,Private Banks,asset_turnover,0.07,35.83
KOTAKBANK,Mar-18,Private Banks,free_cash_flow_cr,-15867,23.33
KOTAKBANK,Mar-18,Private Banks,revenue_cagr_5yr,18.32,71.43
KOTAKBANK,Mar-18,Private Banks,pat_cagr_5yr,22.83,74.29
KOTAKBANK,Mar-18,Private Banks,composite_quality_score,24.52,90
KOTAKBANK,Mar-19,Private Banks,return_on_equity_pct,12.47,31.67
KOTAKBANK,Mar-19,Private Banks,return_on_capital_employed_pct,5.65,71.67
KOTAKBANK,Mar-19,Private Banks,net_profit_margin_pct,24.15,80
KOTAKBANK,Mar-19,Private Banks,debt_to_equity,5.05,85
KOTAKBANK,Mar-19,Private Banks,interest_coverage,1.22,9.17
KOTAKBANK,Mar-19,Private Banks,asset_turnover,0.08,67.5
KOTAKBANK,Mar-19,Private Banks,free_cash_flow_cr,-1501,53.33
KOTAKBANK,Mar-19,Private Banks,revenue_cagr_5yr,20,88.57
KOTAKBANK,Mar-19,Private Banks,pat_cagr_5yr,23.31,80
KOTAKBANK,Mar-19,Private Banks,composite_quality_score,24.51,88.33
KOTAKBANK,Mar-20,Private Banks,return_on_equity_pct,12.9,36.67
KOTAKBANK,Mar-20,Private Banks,return_on_capital_employed_pct,5.74,76.67
KOTAKBANK,Mar-20,Private Banks,net_profit_margin_pct,25.67,85
KOTAKBANK,Mar-20,Private Banks,debt_to_equity,4.9,88.33
KOTAKBANK,Mar-20,Private Banks,interest_coverage,1.34,43.33
KOTAKBANK,Mar-20,Private Banks,asset_turnover,0.08,67.5
KOTAKBANK,Mar-20,Private Banks,free_cash_flow_cr,33551,90
KOTAKBANK,Mar-20,Private Banks,revenue_cagr_5yr,20.24,91.43
KOTAKBANK,Mar-20,Private Banks,pat_cagr_5yr,22.58,71.43
KOTAKBANK,Mar-20,Private Banks,composite_quality_score,25.22,91.67
KOTAKBANK,Mar-21,Private Banks,return_on_equity_pct,11.85,26.67
KOTAKBANK,Mar-21,Private Banks,return_on_capital_employed_pct,7.25,91.67
KOTAKBANK,Mar-21,Private Banks,net_profit_margin_pct,30.44,95
KOTAKBANK,Mar-21,Private Banks,debt_to_equity,3.88,95
KOTAKBANK,Mar-21,Private Banks,interest_coverage,1.26,20.83
KOTAKBANK,Mar-21,Private Banks,asset_turnover,0.07,35.83
KOTAKBANK,Mar-21,Private Banks,free_cash_flow_cr,-6291,41.67
KOTAKBANK,Mar-21,Private Banks,revenue_cagr_5yr,9.97,25.71
KOTAKBANK,Mar-21,Private Banks,pat_cagr_5yr,23.17,77.14
KOTAKBANK,Mar-21,Private Banks,composite_quality_score,26.36,93.33
KOTAKBANK,Mar-22,Private Banks,return_on_equity_pct,12.51,33.33
KOTAKBANK,Mar-22,Private Banks,return_on_capital_employed_pct,6.64,83.33
KOTAKBANK,Mar-22,Private Banks,net_profit_margin_pct,35.83,100
KOTAKBANK,Mar-22,Private Banks,debt_to_equity,3.78,96.67
KOTAKBANK,Mar-22,Private Banks,interest_coverage,1.23,13.33
KOTAKBANK,Mar-22,Private Banks,asset_turnover,0.06,12.5
KOTAKBANK,Mar-22,Private Banks,free_cash_flow_cr,-2595,48.33
KOTAKBANK,Mar-22,Private Banks,revenue_cagr_5yr,8.61,11.43
KOTAKBANK,Mar-22,Private Banks,pat_cagr_5yr,19.22,42.86
KOTAKBANK,Mar-22,Private Banks,composite_quality_score,27.26,96.67
KOTAKBANK,Mar-23,Private Banks,return_on_equity_pct,13.35,45
KOTAKBANK,Mar-23,Private Banks,return_on_capital_employed_pct,6.31,80
KOTAKBANK,Mar-23,Private Banks,net_profit_margin_pct,35.41,98.33
KOTAKBANK,Mar-23,Private Banks,debt_to_equity,3.75,98.33
KOTAKBANK,Mar-23,Private Banks,interest_coverage,1.29,30.83
KOTAKBANK,Mar-23,Private Banks,asset_turnover,0.07,35.83
KOTAKBANK,Mar-23,Private Banks,free_cash_flow_cr,-11623,30
KOTAKBANK,Mar-23,Private Banks,revenue_cagr_5yr,10.9,28.57
KOTAKBANK,Mar-23,Private Banks,pat_cagr_5yr,18.99,40
KOTAKBANK,Mar-23,Private Banks,composite_quality_score,27.86,100
KOTAKBANK,Mar-24,Private Banks,return_on_equity_pct,14.01,52.5
KOTAKBANK,Mar-24,Private Banks,return_on_capital_employed_pct,7.23,88.33
KOTAKBANK,Mar-24,Private Banks,net_profit_margin_pct,32.39,96.67
KOTAKBANK,Mar-24,Private Banks,debt_to_equity,4,93.33
KOTAKBANK,Mar-24,Private Banks,interest_coverage,1.24,17.5
KOTAKBANK,Mar-24,Private Banks,asset_turnover,0.07,35.83
KOTAKBANK,Mar-24,Private Banks,free_cash_flow_cr,6766,65
KOTAKBANK,Mar-24,Private Banks,revenue_cagr_5yr,13.52,45.71
KOTAKBANK,Mar-24,Private Banks,pat_cagr_5yr,20.38,57.14
KOTAKBANK,Mar-24,Private Banks,composite_quality_score,27.52,98.33
BANKBARODA,Mar-13,Public Sector Banks,return_on_equity_pct,14.51,69.44
BANKBARODA,Mar-13,Public Sector Banks,return_on_capital_employed_pct,2.02,22.92
BANKBARODA,Mar-13,Public Sector Banks,net_profit_margin_pct,13.25,89.58
BANKBARODA,Mar-13,Public Sector Banks,debt_to_equity,15.3,27.78
BANKBARODA,Mar-13,Public Sector Banks,interest_coverage,2.43,72.22
BANKBARODA,Mar-13,Public Sector Banks,asset_turnover,0.07,44.44
BANKBARODA,Mar-13,Public Sector Banks,free_cash_flow_cr,22682,81.25
BANKBARODA,Mar-13,Public Sector Banks,revenue_cagr_5yr,,
BANKBARODA,Mar-13,Public Sector Banks,pat_cagr_5yr,,
BANKBARODA,Mar-13,Public Sector Banks,composite_quality_score,7.8,45.83
BANKBARODA,Mar-14,Public Sector Banks,return_on_equity_pct,13.31,63.89
BANKBARODA,Mar-14,Public Sector Banks,return_on_capital_employed_pct,1.84,8.33
BANKBARODA,Mar-14,Public Sector Banks,net_profit_margin_pct,12.45,83.33
BANKBARODA,Mar-14,Public Sector Banks,debt_to_equity,16.3,5.56
BANKBARODA,Mar-14,Public Sector Banks,interest_coverage,2.17,52.78
BANKBARODA,Mar-14,Public Sector Banks,asset_turnover,0.06,18.06
BANKBARODA,Mar-14,Public Sector Banks,free_cash_flow_cr,41503,91.67
BANKBARODA,Mar-14,Public Sector Banks,revenue_cagr_5yr,,
BANKBARODA,Mar-14,Public Sector Banks,pat_cagr_5yr,,
BANKBARODA,Mar-14,Public Sector Banks,composite_quality_score,7.21,43.75
BANKBARODA,Mar-15,Public Sector Banks,return_on_equity_pct,9.4,58.33
BANKBARODA,Mar-15,Public Sector Banks,return_on_capital_employed_pct,1.9,12.5
BANKBARODA,Mar-15,Public Sector Banks,net_profit_margin_pct,8.79,73.96
BANKBARODA,Mar-15,Public Sector Banks,debt_to_equity,15.84,16.67
BANKBARODA,Mar-15,Public Sector Banks,interest_coverage,2.47,75
BANKBARODA,Mar-15,Public Sector Banks,asset_turnover,0.06,18.06
BANKBARODA,Mar-15,Public Sector Banks,free_cash_flow_cr,17282,60.42
BANKBARODA,Mar-15,Public Sector Banks,revenue_cagr_5yr,,
BANKBARODA,Mar-15,Public Sector Banks,pat_cagr_5yr,,
BANKBARODA,Mar-15,Public Sector Banks,composite_quality_score,5.11,39.58
BANKBARODA,Mar-16,Public Sector Banks,return_on_equity_pct,-11.84,11.11
BANKBARODA,Mar-16,Public Sector Banks,return_on_capital_employed_pct,3.83,87.5
BANKBARODA,Mar-16,Public Sector Banks,net_profit_margin_pct,-10.99,6.25
BANKBARODA,Mar-16,Public Sector Banks,debt_to_equity,14.6,44.44
BANKBARODA,Mar-16,Public Sector Banks,interest_coverage,4.23,100
BANKBARODA,Mar-16,Public Sector Banks,asset_turnover,0.07,44.44
BANKBARODA,Mar-16,Public Sector Banks,free_cash_flow_cr,-14016,16.67
BANKBARODA,Mar-16,Public Sector Banks,revenue_cagr_5yr,,
BANKBARODA,Mar-16,Public Sector Banks,pat_cagr_5yr,,
BANKBARODA,Mar-16,Public Sector Banks,composite_quality_score,-6.27,8.33
BANKBARODA,Mar-17,Public Sector Banks,return_on_equity_pct,4.31,38.89
BANKBARODA,Mar-17,Public Sector Banks,return_on_capital_employed_pct,2.78,37.5
BANKBARODA,Mar-17,Public Sector Banks,net_profit_margin_pct,4.17,43.75
BANKBARODA,Mar-17,Public Sector Banks,debt_to_equity,15.06,33.33
BANKBARODA,Mar-17,Public Sector Banks,interest_coverage,2.42,69.44
BANKBARODA,Mar-17,Public Sector Banks,asset_turnover,0.06,18.06
BANKBARODA,Mar-17,Public Sector Banks,free_cash_flow_cr,17314,62.5
BANKBARODA,Mar-17,Public Sector Banks,revenue_cagr_5yr,,
BANKBARODA,Mar-17,Public Sector Banks,pat_cagr_5yr,,
BANKBARODA,Mar-17,Public Sector Banks,composite_quality_score,2.4,27.08
BANKBARODA,Mar-18,Public Sector Banks,return_on_equity_pct,-3.94,22.22
BANKBARODA,Mar-18,Public Sector Banks,return_on_capital_employed_pct,3.63,79.17
BANKBARODA,Mar-18,Public Sector Banks,net_profit_margin_pct,-3.99,14.58
BANKBARODA,Mar-18,Public Sector Banks,debt_to_equity,14.44,47.22
BANKBARODA,Mar-18,Public Sector Banks,interest_coverage,3.26,86.11
BANKBARODA,Mar-18,Public Sector Banks,asset_turnover,0.06,18.06
BANKBARODA,Mar-18,Public Sector Banks,free_cash_flow_cr,-60106,6.25
BANKBARODA,Mar-18,Public Sector Banks,revenue_cagr_5yr,4.79,32.14
BANKBARODA,Mar-18,Public Sector Banks,pat_cagr_5yr,,
BANKBARODA,Mar-18,Public Sector Banks,composite_quality_score,-1.4,16.67
BANKBARODA,Mar-19,Public Sector Banks,return_on_equity_pct,2.12,33.33
BANKBARODA,Mar-19,Public Sector Banks,return_on_capital_employed_pct,3.27,58.33
BANKBARODA,Mar-19,Public Sector Banks,net_profit_margin_pct,2.2,33.33
BANKBARODA,Mar-19,Public Sector Banks,debt_to_equity,13.35,52.78
BANKBARODA,Mar-19,Public Sector Banks,interest_coverage,3.27,88.89
BANKBARODA,Mar-19,Public Sector Banks,asset_turnover,0.06,18.06
BANKBARODA,Mar-19,Public Sector Banks,free_cash_flow_cr,-3986,27.08
BANKBARODA,Mar-19,Public Sector Banks,revenue_cagr_5yr,5.51,39.29
BANKBARODA,Mar-19,Public Sector Banks,pat_cagr_5yr,-25.37,23.08
BANKBARODA,Mar-19,Public Sector Banks,composite_quality_score,-0.47,20.83
BANKBARODA,Mar-20,Public Sector Banks,return_on_equity_pct,1.29,25
BANKBARODA,Mar-20,Public Sector Banks,return_on_capital_employed_pct,3.54,75
BANKBARODA,Mar-20,Public Sector Banks,net_profit_margin_pct,1.24,25
BANKBARODA,Mar-20,Public Sector Banks,debt_to_equity,14.05,50
BANKBARODA,Mar-20,Public Sector Banks,interest_coverage,3.33,91.67
BANKBARODA,Mar-20,Public Sector Banks,asset_turnover,0.07,44.44
BANKBARODA,Mar-20,Public Sector Banks,free_cash_flow_cr,18392,70.83
BANKBARODA,Mar-20,Public Sector Banks,revenue_cagr_5yr,11.93,78.57
BANKBARODA,Mar-20,Public Sector Banks,pat_cagr_5yr,-24.31,30.77
BANKBARODA,Mar-20,Public Sector Banks,composite_quality_score,0.13,22.92
BANKBARODA,Mar-21,Public Sector Banks,return_on_equity_pct,1.97,30.56
BANKBARODA,Mar-21,Public Sector Banks,return_on_capital_employed_pct,3.31,66.67
BANKBARODA,Mar-21,Public Sector Banks,net_profit_margin_pct,2.18,31.25
BANKBARODA,Mar-21,Public Sector Banks,debt_to_equity,12.95,55.56
BANKBARODA,Mar-21,Public Sector Banks,interest_coverage,2.59,77.78
BANKBARODA,Mar-21,Public Sector Banks,asset_turnover,0.06,18.06
BANKBARODA,Mar-21,Public Sector Banks,free_cash_flow_cr,-1358,29.17
BANKBARODA,Mar-21,Public Sector Banks,revenue_cagr_5yr,10.16,64.29
BANKBARODA,Mar-21,Public Sector Banks,pat_cagr_5yr,,
BANKBARODA,Mar-21,Public Sector Banks,composite_quality_score,2.71,29.17
BANKBARODA,Mar-22,Public Sector Banks,return_on_equity_pct,8.64,47.22
BANKBARODA,Mar-22,Public Sector Banks,return_on_capital_employed_pct,2.94,45.83
BANKBARODA,Mar-22,Public Sector Banks,net_profit_margin_pct,10.81,77.08
BANKBARODA,Mar-22,Public Sector Banks,debt_to_equity,12.9,58.33
BANKBARODA,Mar-22,Public Sector Banks,interest_coverage,2.61,80.56
BANKBARODA,Mar-22,Public Sector Banks,asset_turnover,0.05,2.78
BANKBARODA,Mar-22,Public Sector Banks,free_cash_flow_cr,2565,39.58
BANKBARODA,Mar-22,Public Sector Banks,revenue_cagr_5yr,10.54,67.86
BANKBARODA,Mar-22,Public Sector Banks,pat_cagr_5yr,33.73,69.23
BANKBARODA,Mar-22,Public Sector Banks,composite_quality_score,10.19,52.08
BANKBARODA,Mar-23,Public Sector Banks,return_on_equity_pct,14.28,66.67
BANKBARODA,Mar-23,Public Sector Banks,return_on_capital_employed_pct,2.64,29.17
BANKBARODA,Mar-23,Public Sector Banks,net_profit_margin_pct,15.88,95.83
BANKBARODA,Mar-23,Public Sector Banks,debt_to_equity,12.78,61.11
BANKBARODA,Mar-23,Public Sector Banks,interest_coverage,2.35,66.67
BANKBARODA,Mar-23,Public Sector Banks,asset_turnover,0.06,18.06
BANKBARODA,Mar-23,Public Sector Banks,free_cash_flow_cr,-22450,14.58
BANKBARODA,Mar-23,Public Sector Banks,revenue_cagr_5yr,15.46,85.71
BANKBARODA,Mar-23,Public Sector Banks,pat_cagr_5yr,,
BANKBARODA,Mar-23,Public Sector Banks,composite_quality_score,10.55,54.17
BANKBARODA,Mar-24,Public Sector Banks,return_on_equity_pct,15.76,75
BANKBARODA,Mar-24,Public Sector Banks,return_on_capital_employed_pct,2.82,41.67
BANKBARODA,Mar-24,Public Sector Banks,net_profit_margin_pct,15.94,97.92
BANKBARODA,Mar-24,Public Sector Banks,debt_to_equity,12.14,63.89
BANKBARODA,Mar-24,Public Sector Banks,interest_coverage,1.9,47.22
BANKBARODA,Mar-24,Public Sector Banks,asset_turnover,0.07,44.44
BANKBARODA,Mar-24,Public Sector Banks,free_cash_flow_cr,-7559,22.92
BANKBARODA,Mar-24,Public Sector Banks,revenue_cagr_5yr,17.48,96.43
BANKBARODA,Mar-24,Public Sector Banks,pat_cagr_5yr,74.51,84.62
BANKBARODA,Mar-24,Public Sector Banks,composite_quality_score,18.85,60.42
CANBK,Mar-13,Public Sector Banks,return_on_equity_pct,11.9,61.11
CANBK,Mar-13,Public Sector Banks,return_on_capital_employed_pct,1.8,4.17
CANBK,Mar-13,Public Sector Banks,net_profit_margin_pct,8.79,73.96
CANBK,Mar-13,Public Sector Banks,debt_to_equity,14.94,36.11
CANBK,Mar-13,Public Sector Banks,interest_coverage,2.18,56.94
CANBK,Mar-13,Public Sector Banks,asset_turnover,0.08,62.5
CANBK,Mar-13,Public Sector Banks,free_cash_flow_cr,7575,45.83
CANBK,Mar-13,Public Sector Banks,revenue_cagr_5yr,,
CANBK,Mar-13,Public Sector Banks,pat_cagr_5yr,,
CANBK,Mar-13,Public Sector Banks,composite_quality_score,6,41.67
CANBK,Mar-14,Public Sector Banks,return_on_equity_pct,8.85,52.78
CANBK,Mar-14,Public Sector Banks,return_on_capital_employed_pct,2.02,22.92
CANBK,Mar-14,Public Sector Banks,net_profit_margin_pct,6.75,54.17
CANBK,Mar-14,Public Sector Banks,debt_to_equity,14.84,41.67
CANBK,Mar-14,Public Sector Banks,interest_coverage,2.32,63.89
CANBK,Mar-14,Public Sector Banks,asset_turnover,0.08,62.5
CANBK,Mar-14,Public Sector Banks,free_cash_flow_cr,13864,56.25
CANBK,Mar-14,Public Sector Banks,revenue_cagr_5yr,,
CANBK,Mar-14,Public Sector Banks,pat_cagr_5yr,,
CANBK,Mar-14,Public Sector Banks,composite_quality_score,4.53,35.42
CANBK,Mar-15,Public Sector Banks,return_on_equity_pct,9.02,55.56
CANBK,Mar-15,Public Sector Banks,return_on_capital_employed_pct,1.94,16.67
CANBK,Mar-15,Public Sector Banks,net_profit_margin_pct,6.69,52.08
CANBK,Mar-15,Public Sector Banks,debt_to_equity,15.37,25
CANBK,Mar-15,Public Sector Banks,interest_coverage,2.18,56.94
CANBK,Mar-15,Public Sector Banks,asset_turnover,0.08,62.5
CANBK,Mar-15,Public Sector Banks,free_cash_flow_cr,5240,43.75
CANBK,Mar-15,Public Sector Banks,revenue_cagr_5yr,,
CANBK,Mar-15,Public Sector Banks,pat_cagr_5yr,,
CANBK,Mar-15,Public Sector Banks,composite_quality_score,4.57,37.5
CANBK,Mar-16,Public Sector Banks,return_on_equity_pct,-7.82,16.67
CANBK,Mar-16,Public Sector Banks,return_on_capital_employed_pct,3.3,62.5
CANBK,Mar-16,Public Sector Banks,net_profit_margin_pct,-5.76,12.5
CANBK,Mar-16,Public Sector Banks,debt_to_equity,15.63,19.44
CANBK,Mar-16,Public Sector Banks,interest_coverage,3.37,94.44
CANBK,Mar-16,Public Sector Banks,asset_turnover,0.08,62.5
CANBK,Mar-16,Public Sector Banks,free_cash_flow_cr,8903,47.92
CANBK,Mar-16,Public Sector Banks,revenue_cagr_5yr,,
CANBK,Mar-16,Public Sector Banks,pat_cagr_5yr,,
CANBK,Mar-16,Public Sector Banks,composite_quality_score,-3.81,12.5
CANBK,Mar-17,Public Sector Banks,return_on_equity_pct,4.07,36.11
CANBK,Mar-17,Public Sector Banks,return_on_capital_employed_pct,2.76,33.33
CANBK,Mar-17,Public Sector Banks,net_profit_margin_pct,3.4,39.58
CANBK,Mar-17,Public Sector Banks,debt_to_equity,15.42,22.22
CANBK,Mar-17,Public Sector Banks,interest_coverage,2,50
CANBK,Mar-17,Public Sector Banks,asset_turnover,0.07,44.44
CANBK,Mar-17,Public Sector Banks,free_cash_flow_cr,2099,37.5
CANBK,Mar-17,Public Sector Banks,revenue_cagr_5yr,,
CANBK,Mar-17,Public Sector Banks,pat_cagr_5yr,,
CANBK,Mar-17,Public Sector Banks,composite_quality_score,2.17,25
CANBK,Mar-18,Public Sector Banks,return_on_equity_pct,-10.5,13.89
CANBK,Mar-18,Public Sector Banks,return_on_capital_employed_pct,4.26,100
CANBK,Mar-18,Public Sector Banks,net_profit_margin_pct,-9.37,8.33
CANBK,Mar-18,Public Sector Banks,debt_to_equity,15.28,30.56
CANBK,Mar-18,Public Sector Banks,interest_coverage,3.45,97.22
CANBK,Mar-18,Public Sector Banks,asset_turnover,0.07,44.44
CANBK,Mar-18,Public Sector Banks,free_cash_flow_cr,-11607,20.83
CANBK,Mar-18,Public Sector Banks,revenue_cagr_5yr,3.95,21.43
CANBK,Mar-18,Public Sector Banks,pat_cagr_5yr,,
CANBK,Mar-18,Public Sector Banks,composite_quality_score,-4.89,10.42
CANBK,Mar-19,Public Sector Banks,return_on_equity_pct,1.85,27.78
CANBK,Mar-19,Public Sector Banks,return_on_capital_employed_pct,4.01,95.83
CANBK,Mar-19,Public Sector Banks,net_profit_margin_pct,1.45,29.17
CANBK,Mar-19,Public Sector Banks,debt_to_equity,16.99,2.78
CANBK,Mar-19,Public Sector Banks,interest_coverage,2.74,83.33
CANBK,Mar-19,Public Sector Banks,asset_turnover,0.07,44.44
CANBK,Mar-19,Public Sector Banks,free_cash_flow_cr,17492,64.58
CANBK,Mar-19,Public Sector Banks,revenue_cagr_5yr,3.92,17.86
CANBK,Mar-19,Public Sector Banks,pat_cagr_5yr,-23.59,38.46
CANBK,Mar-19,Public Sector Banks,composite_quality_score,-0.76,18.75
CANBK,Mar-20,Public Sector Banks,return_on_equity_pct,-4.66,19.44
CANBK,Mar-20,Public Sector Banks,return_on_capital_employed_pct,3.78,83.33
CANBK,Mar-20,Public Sector Banks,net_profit_margin_pct,-3.86,16.67
CANBK,Mar-20,Public Sector Banks,debt_to_equity,16.22,8.33
CANBK,Mar-20,Public Sector Banks,interest_coverage,2.27,61.11
CANBK,Mar-20,Public Sector Banks,asset_turnover,0.07,44.44
CANBK,Mar-20,Public Sector Banks,free_cash_flow_cr,-5734,25
CANBK,Mar-20,Public Sector Banks,revenue_cagr_5yr,2.58,10.71
CANBK,Mar-20,Public Sector Banks,pat_cagr_5yr,,
CANBK,Mar-20,Public Sector Banks,composite_quality_score,-1.95,14.58
CANBK,Mar-21,Public Sector Banks,return_on_equity_pct,4.74,41.67
CANBK,Mar-21,Public Sector Banks,return_on_capital_employed_pct,3.87,91.67
CANBK,Mar-21,Public Sector Banks,net_profit_margin_pct,4.21,45.83
CANBK,Mar-21,Public Sector Banks,debt_to_equity,17,0
CANBK,Mar-21,Public Sector Banks,interest_coverage,1.88,44.44
CANBK,Mar-21,Public Sector Banks,asset_turnover,0.06,18.06
CANBK,Mar-21,Public Sector Banks,free_cash_flow_cr,58002,95.83
CANBK,Mar-21,Public Sector Banks,revenue_cagr_5yr,9.79,57.14
CANBK,Mar-21,Public Sector Banks,pat_cagr_5yr,,
CANBK,Mar-21,Public Sector Banks,composite_quality_score,4.03,33.33
CANBK,Mar-22,Public Sector Banks,return_on_equity_pct,8.8,50
CANBK,Mar-22,Public Sector Banks,return_on_capital_employed_pct,3.43,70.83
CANBK,Mar-22,Public Sector Banks,net_profit_margin_pct,8.72,70.83
CANBK,Mar-22,Public Sector Banks,debt_to_equity,16.19,11.11
CANBK,Mar-22,Public Sector Banks,interest_coverage,1.74,41.67
CANBK,Mar-22,Public Sector Banks,asset_turnover,0.06,18.06
CANBK,Mar-22,Public Sector Banks,free_cash_flow_cr,-510,35.42
CANBK,Mar-22,Public Sector Banks,revenue_cagr_5yr,11.24,71.43
CANBK,Mar-22,Public Sector Banks,pat_cagr_5yr,34.27,76.92
CANBK,Mar-22,Public Sector Banks,composite_quality_score,10,47.92
CANBK,Mar-23,Public Sector Banks,return_on_equity_pct,14.53,72.22
CANBK,Mar-23,Public Sector Banks,return_on_capital_employed_pct,3.25,54.17
CANBK,Mar-23,Public Sector Banks,net_profit_margin_pct,13.21,87.5
CANBK,Mar-23,Public Sector Banks,debt_to_equity,15.85,13.89
CANBK,Mar-23,Public Sector Banks,interest_coverage,1.69,38.89
CANBK,Mar-23,Public Sector Banks,asset_turnover,0.06,18.06
CANBK,Mar-23,Public Sector Banks,free_cash_flow_cr,-41134,8.33
CANBK,Mar-23,Public Sector Banks,revenue_cagr_5yr,15.74,89.29
CANBK,Mar-23,Public Sector Banks,pat_cagr_5yr,,
CANBK,Mar-23,Public Sector Banks,composite_quality_score,10.15,50
CANBK,Mar-24,Public Sector Banks,return_on_equity_pct,16.72,77.78
CANBK,Mar-24,Public Sector Banks,return_on_capital_employed_pct,3.16,50
CANBK,Mar-24,Public Sector Banks,net_profit_margin_pct,13.94,91.67
CANBK,Mar-24,Public Sector Banks,debt_to_equity,14.87,38.89
CANBK,Mar-24,Public Sector Banks,interest_coverage,1.61,36.11
CANBK,Mar-24,Public Sector Banks,asset_turnover,0.07,44.44
CANBK,Mar-24,Public Sector Banks,free_cash_flow_cr,13296,54.17
CANBK,Mar-24,Public Sector Banks,revenue_cagr_5yr,18.18,100
CANBK,Mar-24,Public Sector Banks,pat_cagr_5yr,85.78,100
CANBK,Mar-24,Public Sector Banks,composite_quality_score,20.02,64.58
PNB,Mar-13,Public Sector Banks,return_on_equity_pct,812.3,100
PNB,Mar-13,Public Sector Banks,return_on_capital_employed_pct,,
PNB,Mar-13,Public Sector Banks,net_profit_margin_pct,11.66,81.25
PNB,Mar-13,Public Sector Banks,debt_to_equity,10.83,69.44
PNB,Mar-13,Public Sector Banks,interest_coverage,,
PNB,Mar-13,Public Sector Banks,asset_turnover,5.63,100
PNB,Mar-13,Public Sector Banks,free_cash_flow_cr,-1292,33.33
PNB,Mar-13,Public Sector Banks,revenue_cagr_5yr,,
PNB,Mar-13,Public Sector Banks,pat_cagr_5yr,,
PNB,Mar-13,Public Sector Banks,composite_quality_score,292.27,100
PNB,Mar-14,Public Sector Banks,return_on_equity_pct,393.36,97.22
PNB,Mar-14,Public Sector Banks,return_on_capital_employed_pct,,
PNB,Mar-14,Public Sector Banks,net_profit_margin_pct,8.17,62.5
PNB,Mar-14,Public Sector Banks,debt_to_equity,10.82,72.22
PNB,Mar-14,Public Sector Banks,interest_coverage,,
PNB,Mar-14,Public Sector Banks,asset_turnover,3.9,97.22
PNB,Mar-14,Public Sector Banks,free_cash_flow_cr,16604,58.33
PNB,Mar-14,Public Sector Banks,revenue_cagr_5yr,,
PNB,Mar-14,Public Sector Banks,pat_cagr_5yr,,
PNB,Mar-14,Public Sector Banks,composite_quality_score,143.21,97.92
PNB,Mar-15,Public Sector Banks,return_on_equity_pct,223.24,94.44
PNB,Mar-15,Public Sector Banks,return_on_capital_employed_pct,,
PNB,Mar-15,Public Sector Banks,net_profit_margin_pct,7.24,56.25
PNB,Mar-15,Public Sector Banks,debt_to_equity,10.44,75
PNB,Mar-15,Public Sector Banks,interest_coverage,,
PNB,Mar-15,Public Sector Banks,asset_turnover,2.56,94.44
PNB,Mar-15,Public Sector Banks,free_cash_flow_cr,3942,41.67
PNB,Mar-15,Public Sector Banks,revenue_cagr_5yr,,
PNB,Mar-15,Public Sector Banks,pat_cagr_5yr,,
PNB,Mar-15,Public Sector Banks,composite_quality_score,82.14,95.83
PNB,Mar-16,Public Sector Banks,return_on_equity_pct,-163.56,5.56
PNB,Mar-16,Public Sector Banks,return_on_capital_employed_pct,,
PNB,Mar-16,Public Sector Banks,net_profit_margin_pct,-6.91,10.42
PNB,Mar-16,Public Sector Banks,debt_to_equity,12.12,66.67
PNB,Mar-16,Public Sector Banks,interest_coverage,,
PNB,Mar-16,Public Sector Banks,asset_turnover,1.71,91.67
PNB,Mar-16,Public Sector Banks,free_cash_flow_cr,12815,52.08
PNB,Mar-16,Public Sector Banks,revenue_cagr_5yr,,
PNB,Mar-16,Public Sector Banks,pat_cagr_5yr,,
PNB,Mar-16,Public Sector Banks,composite_quality_score,-56.92,4.17
PNB,Mar-17,Public Sector Banks,return_on_equity_pct,22.21,80.56
PNB,Mar-17,Public Sector Banks,return_on_capital_employed_pct,,
PNB,Mar-17,Public Sector Banks,net_profit_margin_pct,2.58,35.42
PNB,Mar-17,Public Sector Banks,debt_to_equity,6.36,88.89
PNB,Mar-17,Public Sector Banks,interest_coverage,,
PNB,Mar-17,Public Sector Banks,asset_turnover,1.12,77.78
PNB,Mar-17,Public Sector Banks,free_cash_flow_cr,22097,79.17
PNB,Mar-17,Public Sector Banks,revenue_cagr_5yr,,
PNB,Mar-17,Public Sector Banks,pat_cagr_5yr,,
PNB,Mar-17,Public Sector Banks,composite_quality_score,16.69,56.25
PNB,Mar-18,Public Sector Banks,return_on_equity_pct,-184.37,2.78
PNB,Mar-18,Public Sector Banks,return_on_capital_employed_pct,,
PNB,Mar-18,Public Sector Banks,net_profit_margin_pct,-24.86,2.08
PNB,Mar-18,Public Sector Banks,debt_to_equity,8.19,83.33
PNB,Mar-18,Public Sector Banks,interest_coverage,,
PNB,Mar-18,Public Sector Banks,asset_turnover,0.77,75
PNB,Mar-18,Public Sector Banks,free_cash_flow_cr,-1350,31.25
PNB,Mar-18,Public Sector Banks,revenue_cagr_5yr,2.5,7.14
PNB,Mar-18,Public Sector Banks,pat_cagr_5yr,,
PNB,Mar-18,Public Sector Banks,composite_quality_score,-64.74,2.08
PNB,Mar-19,Public Sector Banks,return_on_equity_pct,-128.45,8.33
PNB,Mar-19,Public Sector Banks,return_on_capital_employed_pct,,
PNB,Mar-19,Public Sector Banks,net_profit_margin_pct,-18.31,4.17
PNB,Mar-19,Public Sector Banks,debt_to_equity,9.66,77.78
PNB,Mar-19,Public Sector Banks,interest_coverage,,
PNB,Mar-19,Public Sector Banks,asset_turnover,0.62,69.44
PNB,Mar-19,Public Sector Banks,free_cash_flow_cr,-34161,10.42
PNB,Mar-19,Public Sector Banks,revenue_cagr_5yr,3.01,14.29
PNB,Mar-19,Public Sector Banks,pat_cagr_5yr,,
PNB,Mar-19,Public Sector Banks,composite_quality_score,-46.87,6.25
PNB,Mar-20,Public Sector Banks,return_on_equity_pct,6.1,44.44
PNB,Mar-20,Public Sector Banks,return_on_capital_employed_pct,,
PNB,Mar-20,Public Sector Banks,net_profit_margin_pct,0.88,22.92
PNB,Mar-20,Public Sector Banks,debt_to_equity,8.52,80.56
PNB,Mar-20,Public Sector Banks,interest_coverage,,
PNB,Mar-20,Public Sector Banks,asset_turnover,0.7,72.22
PNB,Mar-20,Public Sector Banks,free_cash_flow_cr,-13131,18.75
PNB,Mar-20,Public Sector Banks,revenue_cagr_5yr,2.43,3.57
PNB,Mar-20,Public Sector Banks,pat_cagr_5yr,-32.75,7.69
PNB,Mar-20,Public Sector Banks,composite_quality_score,3.06,31.25
PNB,Mar-21,Public Sector Banks,return_on_equity_pct,30.39,83.33
PNB,Mar-21,Public Sector Banks,return_on_capital_employed_pct,,
PNB,Mar-21,Public Sector Banks,net_profit_margin_pct,3.29,37.5
PNB,Mar-21,Public Sector Banks,debt_to_equity,6.7,86.11
PNB,Mar-21,Public Sector Banks,interest_coverage,,
PNB,Mar-21,Public Sector Banks,asset_turnover,1.15,80.56
PNB,Mar-21,Public Sector Banks,free_cash_flow_cr,30163,89.58
PNB,Mar-21,Public Sector Banks,revenue_cagr_5yr,10.03,60.71
PNB,Mar-21,Public Sector Banks,pat_cagr_5yr,,
PNB,Mar-21,Public Sector Banks,composite_quality_score,20.55,66.67
PNB,Mar-22,Public Sector Banks,return_on_equity_pct,39.87,88.89
PNB,Mar-22,Public Sector Banks,return_on_capital_employed_pct,,
PNB,Mar-22,Public Sector Banks,net_profit_margin_pct,5.13,47.92
PNB,Mar-22,Public Sector Banks,debt_to_equity,5.4,91.67
PNB,Mar-22,Public Sector Banks,interest_coverage,,
PNB,Mar-22,Public Sector Banks,asset_turnover,1.16,83.33
PNB,Mar-22,Public Sector Banks,free_cash_flow_cr,18828,72.92
PNB,Mar-22,Public Sector Banks,revenue_cagr_5yr,9.67,53.57
PNB,Mar-22,Public Sector Banks,pat_cagr_5yr,25.83,61.54
PNB,Mar-22,Public Sector Banks,composite_quality_score,29.37,89.58
PNB,Mar-23,Public Sector Banks,return_on_equity_pct,30.67,86.11
PNB,Mar-23,Public Sector Banks,return_on_capital_employed_pct,,
PNB,Mar-23,Public Sector Banks,net_profit_margin_pct,3.87,41.67
PNB,Mar-23,Public Sector Banks,debt_to_equity,4.9,94.44
PNB,Mar-23,Public Sector Banks,interest_coverage,,
PNB,Mar-23,Public Sector Banks,asset_turnover,1.3,86.11
PNB,Mar-23,Public Sector Banks,free_cash_flow_cr,21860,75
PNB,Mar-23,Public Sector Banks,revenue_cagr_5yr,12.25,82.14
PNB,Mar-23,Public Sector Banks,pat_cagr_5yr,,
PNB,Mar-23,Public Sector Banks,composite_quality_score,24.85,87.5
PNB,Mar-24,Public Sector Banks,return_on_equity_pct,61.32,91.67
PNB,Mar-24,Public Sector Banks,return_on_capital_employed_pct,,
PNB,Mar-24,Public Sector Banks,net_profit_margin_pct,8.4,64.58
PNB,Mar-24,Public Sector Banks,debt_to_equity,3.68,97.22
PNB,Mar-24,Public Sector Banks,interest_coverage,,
PNB,Mar-24,Public Sector Banks,asset_turnover,1.51,88.89
PNB,Mar-24,Public Sector Banks,free_cash_flow_cr,-29445,12.5
PNB,Mar-24,Public Sector Banks,revenue_cagr_5yr,15.9,92.86
PNB,Mar-24,Public Sector Banks,pat_cagr_5yr,,
PNB,Mar-24,Public Sector Banks,composite_quality_score,39.68,93.75
SBIN,Mar-13,Public Sector Banks,return_on_equity_pct,,
SBIN,Mar-13,Public Sector Banks,return_on_capital_employed_pct,,
SBIN,Mar-13,Public Sector Banks,net_profit_margin_pct,11.05,79.17
SBIN,Mar-13,Public Sector Banks,debt_to_equity,,
SBIN,Mar-13,Public Sector Banks,interest_coverage,0.26,25
SBIN,Mar-13,Public Sector Banks,asset_turnover,,
SBIN,Mar-13,Public Sector Banks,free_cash_flow_cr,22061,77.08
SBIN,Mar-13,Public Sector Banks,revenue_cagr_5yr,,
SBIN,Mar-13,Public Sector Banks,pat_cagr_5yr,,
SBIN,Mar-13,Public Sector Banks,composite_quality_score,22.21,77.08
SBIN,Mar-14,Public Sector Banks,return_on_equity_pct,,
SBIN,Mar-14,Public Sector Banks,return_on_capital_employed_pct,,
SBIN,Mar-14,Public Sector Banks,net_profit_margin_pct,7.83,59.38
SBIN,Mar-14,Public Sector Banks,debt_to_equity,,
SBIN,Mar-14,Public Sector Banks,interest_coverage,0.19,13.89
SBIN,Mar-14,Public Sector Banks,asset_turnover,,
SBIN,Mar-14,Public Sector Banks,free_cash_flow_cr,18351,68.75
SBIN,Mar-14,Public Sector Banks,revenue_cagr_5yr,,
SBIN,Mar-14,Public Sector Banks,pat_cagr_5yr,,
SBIN,Mar-14,Public Sector Banks,composite_quality_score,21.57,72.92
SBIN,Mar-15,Public Sector Banks,return_on_equity_pct,,
SBIN,Mar-15,Public Sector Banks,return_on_capital_employed_pct,,
SBIN,Mar-15,Public Sector Banks,net_profit_margin_pct,8.57,66.67
SBIN,Mar-15,Public Sector Banks,debt_to_equity,,
SBIN,Mar-15,Public Sector Banks,interest_coverage,0.21,18.06
SBIN,Mar-15,Public Sector Banks,asset_turnover,,
SBIN,Mar-15,Public Sector Banks,free_cash_flow_cr,22873,83.33
SBIN,Mar-15,Public Sector Banks,revenue_cagr_5yr,,
SBIN,Mar-15,Public Sector Banks,pat_cagr_5yr,,
SBIN,Mar-15,Public Sector Banks,composite_quality_score,21.71,75
SBIN,Mar-16,Public Sector Banks,return_on_equity_pct,,
SBIN,Mar-16,Public Sector Banks,return_on_capital_employed_pct,,
SBIN,Mar-16,Public Sector Banks,net_profit_margin_pct,5.9,50
SBIN,Mar-16,Public Sector Banks,debt_to_equity,,
SBIN,Mar-16,Public Sector Banks,interest_coverage,0.14,11.11
SBIN,Mar-16,Public Sector Banks,asset_turnover,,
SBIN,Mar-16,Public Sector Banks,free_cash_flow_cr,11730,50
SBIN,Mar-16,Public Sector Banks,revenue_cagr_5yr,,
SBIN,Mar-16,Public Sector Banks,pat_cagr_5yr,,
SBIN,Mar-16,Public Sector Banks,composite_quality_score,21.18,70.83
SBIN,Mar-17,Public Sector Banks,return_on_equity_pct,,
SBIN,Mar-17,Public Sector Banks,return_on_capital_employed_pct,,
SBIN,Mar-17,Public Sector Banks,net_profit_margin_pct,-0.04,20.83
SBIN,Mar-17,Public Sector Banks,debt_to_equity,,
SBIN,Mar-17,Public Sector Banks,interest_coverage,0.03,5.56
SBIN,Mar-17,Public Sector Banks,asset_turnover,,
SBIN,Mar-17,Public Sector Banks,free_cash_flow_cr,72834,97.92
SBIN,Mar-17,Public Sector Banks,revenue_cagr_5yr,,
SBIN,Mar-17,Public Sector Banks,pat_cagr_5yr,,
SBIN,Mar-17,Public Sector Banks,composite_quality_score,19.99,62.5
SBIN,Mar-18,Public Sector Banks,return_on_equity_pct,,
SBIN,Mar-18,Public Sector Banks,return_on_capital_employed_pct,,
SBIN,Mar-18,Public Sector Banks,net_profit_margin_pct,-1.64,18.75
SBIN,Mar-18,Public Sector Banks,debt_to_equity,,
SBIN,Mar-18,Public Sector Banks,interest_coverage,-0.06,2.78
SBIN,Mar-18,Public Sector Banks,asset_turnover,,
SBIN,Mar-18,Public Sector Banks,free_cash_flow_cr,-83455,4.17
SBIN,Mar-18,Public Sector Banks,revenue_cagr_5yr,6.39,46.43
SBIN,Mar-18,Public Sector Banks,pat_cagr_5yr,,
SBIN,Mar-18,Public Sector Banks,composite_quality_score,20.63,68.75
SBIN,Mar-19,Public Sector Banks,return_on_equity_pct,,
SBIN,Mar-19,Public Sector Banks,return_on_capital_employed_pct,,
SBIN,Mar-19,Public Sector Banks,net_profit_margin_pct,1.32,27.08
SBIN,Mar-19,Public Sector Banks,debt_to_equity,,
SBIN,Mar-19,Public Sector Banks,interest_coverage,0.06,8.33
SBIN,Mar-19,Public Sector Banks,asset_turnover,,
SBIN,Mar-19,Public Sector Banks,free_cash_flow_cr,29776,87.5
SBIN,Mar-19,Public Sector Banks,revenue_cagr_5yr,6.03,42.86
SBIN,Mar-19,Public Sector Banks,pat_cagr_5yr,-25.71,15.38
SBIN,Mar-19,Public Sector Banks,composite_quality_score,18.6,58.33
SBIN,Mar-20,Public Sector Banks,return_on_equity_pct,,
SBIN,Mar-20,Public Sector Banks,return_on_capital_employed_pct,,
SBIN,Mar-20,Public Sector Banks,net_profit_margin_pct,7.83,59.38
SBIN,Mar-20,Public Sector Banks,debt_to_equity,,
SBIN,Mar-20,Public Sector Banks,interest_coverage,0.21,18.06
SBIN,Mar-20,Public Sector Banks,asset_turnover,,
SBIN,Mar-20,Public Sector Banks,free_cash_flow_cr,23374,85.42
SBIN,Mar-20,Public Sector Banks,revenue_cagr_5yr,5.35,35.71
SBIN,Mar-20,Public Sector Banks,pat_cagr_5yr,3.46,46.15
SBIN,Mar-20,Public Sector Banks,composite_quality_score,22.71,79.17
SBIN,Mar-21,Public Sector Banks,return_on_equity_pct,,
SBIN,Mar-21,Public Sector Banks,return_on_capital_employed_pct,,
SBIN,Mar-21,Public Sector Banks,net_profit_margin_pct,8.59,68.75
SBIN,Mar-21,Public Sector Banks,debt_to_equity,,
SBIN,Mar-21,Public Sector Banks,interest_coverage,0.23,22.22
SBIN,Mar-21,Public Sector Banks,asset_turnover,,
SBIN,Mar-21,Public Sector Banks,free_cash_flow_cr,86249,100
SBIN,Mar-21,Public Sector Banks,revenue_cagr_5yr,4.74,28.57
SBIN,Mar-21,Public Sector Banks,pat_cagr_5yr,12.91,53.85
SBIN,Mar-21,Public Sector Banks,composite_quality_score,23.72,83.33
SBIN,Mar-22,Public Sector Banks,return_on_equity_pct,,
SBIN,Mar-22,Public Sector Banks,return_on_capital_employed_pct,,
SBIN,Mar-22,Public Sector Banks,net_profit_margin_pct,12.82,85.42
SBIN,Mar-22,Public Sector Banks,debt_to_equity,,
SBIN,Mar-22,Public Sector Banks,interest_coverage,0.34,27.78
SBIN,Mar-22,Public Sector Banks,asset_turnover,,
SBIN,Mar-22,Public Sector Banks,free_cash_flow_cr,55043,93.75
SBIN,Mar-22,Public Sector Banks,revenue_cagr_5yr,4.7,25
SBIN,Mar-22,Public Sector Banks,pat_cagr_5yr,,
SBIN,Mar-22,Public Sector Banks,composite_quality_score,23.27,81.25
SBIN,Mar-23,Public Sector Banks,return_on_equity_pct,,
SBIN,Mar-23,Public Sector Banks,return_on_capital_employed_pct,,
SBIN,Mar-23,Public Sector Banks,net_profit_margin_pct,16.46,100
SBIN,Mar-23,Public Sector Banks,debt_to_equity,,
SBIN,Mar-23,Public Sector Banks,interest_coverage,0.42,33.33
SBIN,Mar-23,Public Sector Banks,asset_turnover,,
SBIN,Mar-23,Public Sector Banks,free_cash_flow_cr,-86980,2.08
SBIN,Mar-23,Public Sector Banks,revenue_cagr_5yr,8.91,50
SBIN,Mar-23,Public Sector Banks,pat_cagr_5yr,,
SBIN,Mar-23,Public Sector Banks,composite_quality_score,24.63,85.42
SBIN,Mar-24,Public Sector Banks,return_on_equity_pct,,
SBIN,Mar-24,Public Sector Banks,return_on_capital_employed_pct,,
SBIN,Mar-24,Public Sector Banks,net_profit_margin_pct,15.83,93.75
SBIN,Mar-24,Public Sector Banks,debt_to_equity,,
SBIN,Mar-24,Public Sector Banks,interest_coverage,0.37,30.56
SBIN,Mar-24,Public Sector Banks,asset_turnover,,
SBIN,Mar-24,Public Sector Banks,free_cash_flow_cr,18156,66.67
SBIN,Mar-24,Public Sector Banks,revenue_cagr_5yr,11.63,75
SBIN,Mar-24,Public Sector Banks,pat_cagr_5yr,83.41,92.31
SBIN,Mar-24,Public Sector Banks,composite_quality_score,33.25,91.67
HINDALCO,Mar-13,Steel,return_on_equity_pct,8.51,54.17
HINDALCO,Mar-13,Steel,return_on_capital_employed_pct,78.56,79.17
HINDALCO,Mar-13,Steel,net_profit_margin_pct,3.75,54.17
HINDALCO,Mar-13,Steel,debt_to_equity,1.61,28.12
HINDALCO,Mar-13,Steel,interest_coverage,65.26,85.42
HINDALCO,Mar-13,Steel,asset_turnover,0.67,51.04
HINDALCO,Mar-13,Steel,free_cash_flow_cr,-10824,2.08
HINDALCO,Mar-13,Steel,revenue_cagr_5yr,,
HINDALCO,Mar-13,Steel,pat_cagr_5yr,,
HINDALCO,Mar-13,Steel,composite_quality_score,21.18,45.83
HINDALCO,Mar-14,Steel,return_on_equity_pct,5.41,39.58
HINDALCO,Mar-14,Steel,return_on_capital_employed_pct,75.62,77.08
HINDALCO,Mar-14,Steel,net_profit_margin_pct,2.5,43.75
HINDALCO,Mar-14,Steel,debt_to_equity,1.59,31.25
HINDALCO,Mar-14,Steel,interest_coverage,117.7,93.75
HINDALCO,Mar-14,Steel,asset_turnover,0.64,39.58
HINDALCO,Mar-14,Steel,free_cash_flow_cr,-139,27.08
HINDALCO,Mar-14,Steel,revenue_cagr_5yr,,
HINDALCO,Mar-14,Steel,pat_cagr_5yr,,
HINDALCO,Mar-14,Steel,composite_quality_score,19.85,37.5
HINDALCO,Mar-15,Steel,return_on_equity_pct,0.68,29.17
HINDALCO,Mar-15,Steel,return_on_capital_employed_pct,89.36,89.58
HINDALCO,Mar-15,Steel,net_profit_margin_pct,0.25,29.17
HINDALCO,Mar-15,Steel,debt_to_equity,1.79,16.67
HINDALCO,Mar-15,Steel,interest_coverage,-114.72,4.17
HINDALCO,Mar-15,Steel,asset_turnover,0.74,66.67
HINDALCO,Mar-15,Steel,free_cash_flow_cr,3270,52.08
HINDALCO,Mar-15,Steel,revenue_cagr_5yr,,
HINDALCO,Mar-15,Steel,pat_cagr_5yr,,
HINDALCO,Mar-15,Steel,composite_quality_score,17.45,25
HINDALCO,Mar-16,Steel,return_on_equity_pct,-1.73,22.92
HINDALCO,Mar-16,Steel,return_on_capital_employed_pct,84.12,85.42
HINDALCO,Mar-16,Steel,net_profit_margin_pct,-0.71,25
HINDALCO,Mar-16,Steel,debt_to_equity,1.66,25
HINDALCO,Mar-16,Steel,interest_coverage,60.66,83.33
HINDALCO,Mar-16,Steel,asset_turnover,0.7,60.42
HINDALCO,Mar-16,Steel,free_cash_flow_cr,8468,75
HINDALCO,Mar-16,Steel,revenue_cagr_5yr,,
HINDALCO,Mar-16,Steel,pat_cagr_5yr,,
HINDALCO,Mar-16,Steel,composite_quality_score,16.63,20.83
HINDALCO,Mar-17,Steel,return_on_equity_pct,4.09,35.42
HINDALCO,Mar-17,Steel,return_on_capital_employed_pct,79.97,81.25
HINDALCO,Mar-17,Steel,net_profit_margin_pct,1.88,35.42
HINDALCO,Mar-17,Steel,debt_to_equity,1.39,47.92
HINDALCO,Mar-17,Steel,interest_coverage,73.35,87.5
HINDALCO,Mar-17,Steel,asset_turnover,0.69,56.25
HINDALCO,Mar-17,Steel,free_cash_flow_cr,9811,79.17
HINDALCO,Mar-17,Steel,revenue_cagr_5yr,,
HINDALCO,Mar-17,Steel,pat_cagr_5yr,,
HINDALCO,Mar-17,Steel,composite_quality_score,19.72,35.42
HINDALCO,Mar-18,Steel,return_on_equity_pct,11.09,70.83
HINDALCO,Mar-18,Steel,return_on_capital_employed_pct,94.91,91.67
HINDALCO,Mar-18,Steel,net_profit_margin_pct,5.28,66.67
HINDALCO,Mar-18,Steel,debt_to_equity,0.95,76.04
HINDALCO,Mar-18,Steel,interest_coverage,35.26,81.25
HINDALCO,Mar-18,Steel,asset_turnover,0.78,76.04
HINDALCO,Mar-18,Steel,free_cash_flow_cr,16231,95.83
HINDALCO,Mar-18,Steel,revenue_cagr_5yr,7.51,28.57
HINDALCO,Mar-18,Steel,pat_cagr_5yr,15.13,42.86
HINDALCO,Mar-18,Steel,composite_quality_score,26.46,68.75
HINDALCO,Mar-19,Steel,return_on_equity_pct,9.56,58.33
HINDALCO,Mar-19,Steel,return_on_capital_employed_pct,104.65,93.75
HINDALCO,Mar-19,Steel,net_profit_margin_pct,4.21,56.25
HINDALCO,Mar-19,Steel,debt_to_equity,0.91,81.25
HINDALCO,Mar-19,Steel,interest_coverage,102.08,89.58
HINDALCO,Mar-19,Steel,asset_turnover,0.86,86.46
HINDALCO,Mar-19,Steel,free_cash_flow_cr,6521,66.67
HINDALCO,Mar-19,Steel,revenue_cagr_5yr,8.28,35.71
HINDALCO,Mar-19,Steel,pat_cagr_5yr,20.15,64.29
HINDALCO,Mar-19,Steel,composite_quality_score,26.48,70.83
HINDALCO,Mar-20,Steel,return_on_equity_pct,6.46,45.83
HINDALCO,Mar-20,Steel,return_on_capital_employed_pct,81.95,83.33
HINDALCO,Mar-20,Steel,net_profit_margin_pct,3.19,47.92
HINDALCO,Mar-20,Steel,debt_to_equity,1.17,62.5
HINDALCO,Mar-20,Steel,interest_coverage,114.62,91.67
HINDALCO,Mar-20,Steel,asset_turnover,0.7,60.42
HINDALCO,Mar-20,Steel,free_cash_flow_cr,5518,58.33
HINDALCO,Mar-20,Steel,revenue_cagr_5yr,2.53,17.86
HINDALCO,Mar-20,Steel,pat_cagr_5yr,70.82,92.86
HINDALCO,Mar-20,Steel,composite_quality_score,28.72,85.42
HINDALCO,Mar-21,Steel,return_on_equity_pct,5.23,37.5
HINDALCO,Mar-21,Steel,return_on_capital_employed_pct,85.58,87.5
HINDALCO,Mar-21,Steel,net_profit_margin_pct,2.64,45.83
HINDALCO,Mar-21,Steel,debt_to_equity,1.01,72.92
HINDALCO,Mar-21,Steel,interest_coverage,-115.97,2.08
HINDALCO,Mar-21,Steel,asset_turnover,0.7,60.42
HINDALCO,Mar-21,Steel,free_cash_flow_cr,-8048,6.25
HINDALCO,Mar-21,Steel,revenue_cagr_5yr,5.98,21.43
HINDALCO,Mar-21,Steel,pat_cagr_5yr,,
HINDALCO,Mar-21,Steel,composite_quality_score,21.94,47.92
HINDALCO,Mar-22,Steel,return_on_equity_pct,17.56,87.5
HINDALCO,Mar-22,Steel,return_on_capital_employed_pct,116.85,95.83
HINDALCO,Mar-22,Steel,net_profit_margin_pct,7.04,75
HINDALCO,Mar-22,Steel,debt_to_equity,0.82,84.38
HINDALCO,Mar-22,Steel,interest_coverage,133.06,97.92
HINDALCO,Mar-22,Steel,asset_turnover,0.88,92.71
HINDALCO,Mar-22,Steel,free_cash_flow_cr,10065,81.25
HINDALCO,Mar-22,Steel,revenue_cagr_5yr,14.25,71.43
HINDALCO,Mar-22,Steel,pat_cagr_5yr,48.8,85.71
HINDALCO,Mar-22,Steel,composite_quality_score,33.81,91.67
HINDALCO,Mar-23,Steel,return_on_equity_pct,10.65,64.58
HINDALCO,Mar-23,Steel,return_on_capital_employed_pct,129.3,100
HINDALCO,Mar-23,Steel,net_profit_margin_pct,4.52,58.33
HINDALCO,Mar-23,Steel,debt_to_equity,0.64,89.58
HINDALCO,Mar-23,Steel,interest_coverage,153.44,100
HINDALCO,Mar-23,Steel,asset_turnover,1,100
HINDALCO,Mar-23,Steel,free_cash_flow_cr,11649,89.58
HINDALCO,Mar-23,Steel,revenue_cagr_5yr,14.15,67.86
HINDALCO,Mar-23,Steel,pat_cagr_5yr,10.67,28.57
HINDALCO,Mar-23,Steel,composite_quality_score,27.54,79.17
HINDALCO,Mar-24,Steel,return_on_equity_pct,9.57,60.42
HINDALCO,Mar-24,Steel,return_on_capital_employed_pct,118.21,97.92
HINDALCO,Mar-24,Steel,net_profit_margin_pct,4.7,60.42
HINDALCO,Mar-24,Steel,debt_to_equity,0.53,91.67
HINDALCO,Mar-24,Steel,interest_coverage,126.47,95.83
HINDALCO,Mar-24,Steel,asset_turnover,0.94,97.92
HINDALCO,Mar-24,Steel,free_cash_flow_cr,9789,77.08
HINDALCO,Mar-24,Steel,revenue_cagr_5yr,10.59,46.43
HINDALCO,Mar-24,Steel,pat_cagr_5yr,13.07,35.71
HINDALCO,Mar-24,Steel,composite_quality_score,27.07,75
JINDALSTEL,Mar-13,Steel,return_on_equity_pct,13.89,81.25
JINDALSTEL,Mar-13,Steel,return_on_capital_employed_pct,13.31,37.5
JINDALSTEL,Mar-13,Steel,net_profit_margin_pct,14.9,97.92
JINDALSTEL,Mar-13,Steel,debt_to_equity,1.16,64.58
JINDALSTEL,Mar-13,Steel,interest_coverage,6.03,68.75
JINDALSTEL,Mar-13,Steel,asset_turnover,0.35,10.42
JINDALSTEL,Mar-13,Steel,free_cash_flow_cr,-6069,10.42
JINDALSTEL,Mar-13,Steel,revenue_cagr_5yr,,
JINDALSTEL,Mar-13,Steel,pat_cagr_5yr,,
JINDALSTEL,Mar-13,Steel,composite_quality_score,25.87,64.58
JINDALSTEL,Mar-14,Steel,return_on_equity_pct,8.39,52.08
JINDALSTEL,Mar-14,Steel,return_on_capital_employed_pct,9.83,18.75
JINDALSTEL,Mar-14,Steel,net_profit_margin_pct,9.83,83.33
JINDALSTEL,Mar-14,Steel,debt_to_equity,1.61,28.12
JINDALSTEL,Mar-14,Steel,interest_coverage,3.4,45.83
JINDALSTEL,Mar-14,Steel,asset_turnover,0.28,8.33
JINDALSTEL,Mar-14,Steel,free_cash_flow_cr,-8114,4.17
JINDALSTEL,Mar-14,Steel,revenue_cagr_5yr,,
JINDALSTEL,Mar-14,Steel,pat_cagr_5yr,,
JINDALSTEL,Mar-14,Steel,composite_quality_score,21.96,50
JINDALSTEL,Mar-15,Steel,return_on_equity_pct,-6.9,14.58
JINDALSTEL,Mar-15,Steel,return_on_capital_employed_pct,8.21,12.5
JINDALSTEL,Mar-15,Steel,net_profit_margin_pct,-7.48,6.25
JINDALSTEL,Mar-15,Steel,debt_to_equity,2.16,6.25
JINDALSTEL,Mar-15,Steel,interest_coverage,1.41,14.58
JINDALSTEL,Mar-15,Steel,asset_turnover,0.26,6.25
JINDALSTEL,Mar-15,Steel,free_cash_flow_cr,-5535,12.5
JINDALSTEL,Mar-15,Steel,revenue_cagr_5yr,,
JINDALSTEL,Mar-15,Steel,pat_cagr_5yr,,
JINDALSTEL,Mar-15,Steel,composite_quality_score,12.03,12.5
JINDALSTEL,Mar-16,Steel,return_on_equity_pct,-9.52,8.33
JINDALSTEL,Mar-16,Steel,return_on_capital_employed_pct,4.34,8.33
JINDALSTEL,Mar-16,Steel,net_profit_margin_pct,-15.86,2.08
JINDALSTEL,Mar-16,Steel,debt_to_equity,1.44,41.67
JINDALSTEL,Mar-16,Steel,interest_coverage,1.03,6.25
JINDALSTEL,Mar-16,Steel,asset_turnover,0.21,2.08
JINDALSTEL,Mar-16,Steel,free_cash_flow_cr,2071,37.5
JINDALSTEL,Mar-16,Steel,revenue_cagr_5yr,,
JINDALSTEL,Mar-16,Steel,pat_cagr_5yr,,
JINDALSTEL,Mar-16,Steel,composite_quality_score,10.83,6.25
JINDALSTEL,Mar-17,Steel,return_on_equity_pct,-8.45,10.42
JINDALSTEL,Mar-17,Steel,return_on_capital_employed_pct,6.2,10.42
JINDALSTEL,Mar-17,Steel,net_profit_margin_pct,-11.75,4.17
JINDALSTEL,Mar-17,Steel,debt_to_equity,1.53,35.42
JINDALSTEL,Mar-17,Steel,interest_coverage,1.26,10.42
JINDALSTEL,Mar-17,Steel,asset_turnover,0.24,4.17
JINDALSTEL,Mar-17,Steel,free_cash_flow_cr,4852,56.25
JINDALSTEL,Mar-17,Steel,revenue_cagr_5yr,,
JINDALSTEL,Mar-17,Steel,pat_cagr_5yr,,
JINDALSTEL,Mar-17,Steel,composite_quality_score,11.87,10.42
JINDALSTEL,Mar-18,Steel,return_on_equity_pct,-5.32,18.75
JINDALSTEL,Mar-18,Steel,return_on_capital_employed_pct,8.82,14.58
JINDALSTEL,Mar-18,Steel,net_profit_margin_pct,-4.85,12.5
JINDALSTEL,Mar-18,Steel,debt_to_equity,1.41,44.79
JINDALSTEL,Mar-18,Steel,interest_coverage,1.52,16.67
JINDALSTEL,Mar-18,Steel,asset_turnover,0.37,12.5
JINDALSTEL,Mar-18,Steel,free_cash_flow_cr,6293,64.58
JINDALSTEL,Mar-18,Steel,revenue_cagr_5yr,10.94,53.57
JINDALSTEL,Mar-18,Steel,pat_cagr_5yr,,
JINDALSTEL,Mar-18,Steel,composite_quality_score,16.36,18.75
JINDALSTEL,Mar-19,Steel,return_on_equity_pct,-7.52,12.5
JINDALSTEL,Mar-19,Steel,return_on_capital_employed_pct,11.74,27.08
JINDALSTEL,Mar-19,Steel,net_profit_margin_pct,-5.14,10.42
JINDALSTEL,Mar-19,Steel,debt_to_equity,1.23,57.29
JINDALSTEL,Mar-19,Steel,interest_coverage,1.63,18.75
JINDALSTEL,Mar-19,Steel,asset_turnover,0.53,20.83
JINDALSTEL,Mar-19,Steel,free_cash_flow_cr,8195,72.92
JINDALSTEL,Mar-19,Steel,revenue_cagr_5yr,19.48,96.43
JINDALSTEL,Mar-19,Steel,pat_cagr_5yr,,
JINDALSTEL,Mar-19,Steel,composite_quality_score,17.33,22.92
JINDALSTEL,Mar-20,Steel,return_on_equity_pct,-1.24,25
JINDALSTEL,Mar-20,Steel,return_on_capital_employed_pct,9.91,20.83
JINDALSTEL,Mar-20,Steel,net_profit_margin_pct,-1.05,22.92
JINDALSTEL,Mar-20,Steel,debt_to_equity,1.15,66.67
JINDALSTEL,Mar-20,Steel,interest_coverage,1.83,20.83
JINDALSTEL,Mar-20,Steel,asset_turnover,0.42,14.58
JINDALSTEL,Mar-20,Steel,free_cash_flow_cr,7338,68.75
JINDALSTEL,Mar-20,Steel,revenue_cagr_5yr,14.34,75
JINDALSTEL,Mar-20,Steel,pat_cagr_5yr,,
JINDALSTEL,Mar-20,Steel,composite_quality_score,19.63,33.33
JINDALSTEL,Mar-21,Steel,return_on_equity_pct,13.41,78.12
JINDALSTEL,Mar-21,Steel,return_on_capital_employed_pct,17.71,56.25
JINDALSTEL,Mar-21,Steel,net_profit_margin_pct,12.34,89.58
JINDALSTEL,Mar-21,Steel,debt_to_equity,0.94,79.17
JINDALSTEL,Mar-21,Steel,interest_coverage,4.08,58.33
JINDALSTEL,Mar-21,Steel,asset_turnover,0.44,16.67
JINDALSTEL,Mar-21,Steel,free_cash_flow_cr,10077,83.33
JINDALSTEL,Mar-21,Steel,revenue_cagr_5yr,12.17,57.14
JINDALSTEL,Mar-21,Steel,pat_cagr_5yr,,
JINDALSTEL,Mar-21,Steel,composite_quality_score,27.55,81.25
JINDALSTEL,Mar-22,Steel,return_on_equity_pct,18.99,89.58
JINDALSTEL,Mar-22,Steel,return_on_capital_employed_pct,31.58,72.92
JINDALSTEL,Mar-22,Steel,net_profit_margin_pct,13.22,91.67
JINDALSTEL,Mar-22,Steel,debt_to_equity,0.38,93.75
JINDALSTEL,Mar-22,Steel,interest_coverage,7.24,72.92
JINDALSTEL,Mar-22,Steel,asset_turnover,0.67,51.04
JINDALSTEL,Mar-22,Steel,free_cash_flow_cr,13717,93.75
JINDALSTEL,Mar-22,Steel,revenue_cagr_5yr,18.82,92.86
JINDALSTEL,Mar-22,Steel,pat_cagr_5yr,,
JINDALSTEL,Mar-22,Steel,composite_quality_score,32.02,89.58
JINDALSTEL,Mar-23,Steel,return_on_equity_pct,10.27,62.5
JINDALSTEL,Mar-23,Steel,return_on_capital_employed_pct,19.21,64.58
JINDALSTEL,Mar-23,Steel,net_profit_margin_pct,7.47,77.08
JINDALSTEL,Mar-23,Steel,debt_to_equity,0.34,97.92
JINDALSTEL,Mar-23,Steel,interest_coverage,6.5,70.83
JINDALSTEL,Mar-23,Steel,asset_turnover,0.77,71.88
JINDALSTEL,Mar-23,Steel,free_cash_flow_cr,3257,50
JINDALSTEL,Mar-23,Steel,revenue_cagr_5yr,9.84,42.86
JINDALSTEL,Mar-23,Steel,pat_cagr_5yr,,
JINDALSTEL,Mar-23,Steel,composite_quality_score,26.65,72.92
JINDALSTEL,Mar-24,Steel,return_on_equity_pct,13.41,78.12
JINDALSTEL,Mar-24,Steel,return_on_capital_employed_pct,16.78,45.83
JINDALSTEL,Mar-24,Steel,net_profit_margin_pct,11.8,87.5
JINDALSTEL,Mar-24,Steel,debt_to_equity,0.37,95.83
JINDALSTEL,Mar-24,Steel,interest_coverage,8,75
JINDALSTEL,Mar-24,Steel,asset_turnover,0.64,39.58
JINDALSTEL,Mar-24,Steel,free_cash_flow_cr,-2336,22.92
JINDALSTEL,Mar-24,Steel,revenue_cagr_5yr,1.4,14.29
JINDALSTEL,Mar-24,Steel,pat_cagr_5yr,,
JINDALSTEL,Mar-24,Steel,composite_quality_score,27.16,77.08
JSWSTEEL,Mar-13,Steel,return_on_equity_pct,5.44,41.67
JSWSTEEL,Mar-13,Steel,return_on_capital_employed_pct,16.83,47.92
JSWSTEEL,Mar-13,Steel,net_profit_margin_pct,2.43,37.5
JSWSTEEL,Mar-13,Steel,debt_to_equity,1.27,54.17
JSWSTEEL,Mar-13,Steel,interest_coverage,3.15,41.67
JSWSTEEL,Mar-13,Steel,asset_turnover,0.66,46.88
JSWSTEEL,Mar-13,Steel,free_cash_flow_cr,411,29.17
JSWSTEEL,Mar-13,Steel,revenue_cagr_5yr,,
JSWSTEEL,Mar-13,Steel,pat_cagr_5yr,,
JSWSTEEL,Mar-13,Steel,composite_quality_score,20.51,42.71
JSWSTEEL,Mar-14,Steel,return_on_equity_pct,1.9,33.33
JSWSTEEL,Mar-14,Steel,return_on_capital_employed_pct,16.17,43.75
JSWSTEEL,Mar-14,Steel,net_profit_margin_pct,0.78,31.25
JSWSTEEL,Mar-14,Steel,debt_to_equity,1.68,21.88
JSWSTEEL,Mar-14,Steel,interest_coverage,2.47,33.33
JSWSTEEL,Mar-14,Steel,asset_turnover,0.66,46.88
JSWSTEEL,Mar-14,Steel,free_cash_flow_cr,-3024,18.75
JSWSTEEL,Mar-14,Steel,revenue_cagr_5yr,,
JSWSTEEL,Mar-14,Steel,pat_cagr_5yr,,
JSWSTEEL,Mar-14,Steel,composite_quality_score,18.12,29.17
JSWSTEEL,Mar-15,Steel,return_on_equity_pct,7.73,47.92
JSWSTEEL,Mar-15,Steel,return_on_capital_employed_pct,15.34,41.67
JSWSTEEL,Mar-15,Steel,net_profit_margin_pct,3.25,50
JSWSTEEL,Mar-15,Steel,debt_to_equity,1.74,18.75
JSWSTEEL,Mar-15,Steel,interest_coverage,2.71,37.5
JSWSTEEL,Mar-15,Steel,asset_turnover,0.62,33.33
JSWSTEEL,Mar-15,Steel,free_cash_flow_cr,504,31.25
JSWSTEEL,Mar-15,Steel,revenue_cagr_5yr,,
JSWSTEEL,Mar-15,Steel,pat_cagr_5yr,,
JSWSTEEL,Mar-15,Steel,composite_quality_score,20.5,39.58
JSWSTEEL,Mar-16,Steel,return_on_equity_pct,-2.54,20.83
JSWSTEEL,Mar-16,Steel,return_on_capital_employed_pct,10.5,22.92
JSWSTEEL,Mar-16,Steel,net_profit_margin_pct,-1.16,20.83
JSWSTEEL,Mar-16,Steel,debt_to_equity,2.23,2.08
JSWSTEEL,Mar-16,Steel,interest_coverage,1.24,8.33
JSWSTEEL,Mar-16,Steel,asset_turnover,0.51,18.75
JSWSTEEL,Mar-16,Steel,free_cash_flow_cr,3040,45.83
JSWSTEEL,Mar-16,Steel,revenue_cagr_5yr,,
JSWSTEEL,Mar-16,Steel,pat_cagr_5yr,,
JSWSTEEL,Mar-16,Steel,composite_quality_score,14.93,14.58
JSWSTEEL,Mar-17,Steel,return_on_equity_pct,15.31,83.33
JSWSTEEL,Mar-17,Steel,return_on_capital_employed_pct,18.65,60.42
JSWSTEEL,Mar-17,Steel,net_profit_margin_pct,6.24,72.92
JSWSTEEL,Mar-17,Steel,debt_to_equity,1.91,12.5
JSWSTEEL,Mar-17,Steel,interest_coverage,3.27,43.75
JSWSTEEL,Mar-17,Steel,asset_turnover,0.63,35.42
JSWSTEEL,Mar-17,Steel,free_cash_flow_cr,2794,41.67
JSWSTEEL,Mar-17,Steel,revenue_cagr_5yr,,
JSWSTEEL,Mar-17,Steel,pat_cagr_5yr,,
JSWSTEEL,Mar-17,Steel,composite_quality_score,23.42,56.25
JSWSTEEL,Mar-18,Steel,return_on_equity_pct,21.83,93.75
JSWSTEEL,Mar-18,Steel,return_on_capital_employed_pct,22.13,66.67
JSWSTEEL,Mar-18,Steel,net_profit_margin_pct,8.5,79.17
JSWSTEEL,Mar-18,Steel,debt_to_equity,1.41,44.79
JSWSTEEL,Mar-18,Steel,interest_coverage,3.98,52.08
JSWSTEEL,Mar-18,Steel,asset_turnover,0.78,76.04
JSWSTEEL,Mar-18,Steel,free_cash_flow_cr,7850,70.83
JSWSTEEL,Mar-18,Steel,revenue_cagr_5yr,13.49,60.71
JSWSTEEL,Mar-18,Steel,pat_cagr_5yr,45.76,78.57
JSWSTEEL,Mar-18,Steel,composite_quality_score,33.9,93.75
JSWSTEEL,Mar-19,Steel,return_on_equity_pct,21.62,91.67
JSWSTEEL,Mar-19,Steel,return_on_capital_employed_pct,23.03,68.75
JSWSTEEL,Mar-19,Steel,net_profit_margin_pct,8.88,81.25
JSWSTEEL,Mar-19,Steel,debt_to_equity,1.36,50
JSWSTEEL,Mar-19,Steel,interest_coverage,4.88,60.42
JSWSTEEL,Mar-19,Steel,asset_turnover,0.74,66.67
JSWSTEEL,Mar-19,Steel,free_cash_flow_cr,3246,47.92
JSWSTEEL,Mar-19,Steel,revenue_cagr_5yr,10.6,50
JSWSTEEL,Mar-19,Steel,pat_cagr_5yr,79.66,100
JSWSTEEL,Mar-19,Steel,composite_quality_score,36.92,95.83
JSWSTEEL,Mar-20,Steel,return_on_equity_pct,10.71,66.67
JSWSTEEL,Mar-20,Steel,return_on_capital_employed_pct,12.05,29.17
JSWSTEEL,Mar-20,Steel,net_profit_margin_pct,5.34,68.75
JSWSTEEL,Mar-20,Steel,debt_to_equity,1.68,21.88
JSWSTEEL,Mar-20,Steel,interest_coverage,2.7,35.42
JSWSTEEL,Mar-20,Steel,asset_turnover,0.56,26.04
JSWSTEEL,Mar-20,Steel,free_cash_flow_cr,-6804,8.33
JSWSTEEL,Mar-20,Steel,revenue_cagr_5yr,6.72,25
JSWSTEEL,Mar-20,Steel,pat_cagr_5yr,17.88,50
JSWSTEEL,Mar-20,Steel,composite_quality_score,24.81,60.42
JSWSTEEL,Mar-21,Steel,return_on_equity_pct,16.84,85.42
JSWSTEEL,Mar-21,Steel,return_on_capital_employed_pct,18.49,58.33
JSWSTEEL,Mar-21,Steel,net_profit_margin_pct,9.86,85.42
JSWSTEEL,Mar-21,Steel,debt_to_equity,1.33,52.08
JSWSTEEL,Mar-21,Steel,interest_coverage,5.22,62.5
JSWSTEEL,Mar-21,Steel,asset_turnover,0.54,22.92
JSWSTEEL,Mar-21,Steel,free_cash_flow_cr,11087,85.42
JSWSTEEL,Mar-21,Steel,revenue_cagr_5yr,13.96,64.29
JSWSTEEL,Mar-21,Steel,pat_cagr_5yr,,
JSWSTEEL,Mar-21,Steel,composite_quality_score,27.84,83.33
JSWSTEEL,Mar-22,Steel,return_on_equity_pct,31.11,97.92
JSWSTEEL,Mar-22,Steel,return_on_capital_employed_pct,28.03,70.83
JSWSTEEL,Mar-22,Steel,net_profit_margin_pct,14.3,93.75
JSWSTEEL,Mar-22,Steel,debt_to_equity,1.07,70.83
JSWSTEEL,Mar-22,Steel,interest_coverage,8.2,77.08
JSWSTEEL,Mar-22,Steel,asset_turnover,0.74,66.67
JSWSTEEL,Mar-22,Steel,free_cash_flow_cr,11522,87.5
JSWSTEEL,Mar-22,Steel,revenue_cagr_5yr,21.36,100
JSWSTEEL,Mar-22,Steel,pat_cagr_5yr,43.28,71.43
JSWSTEEL,Mar-22,Steel,composite_quality_score,39.88,100
JSWSTEEL,Mar-23,Steel,return_on_equity_pct,6.3,43.75
JSWSTEEL,Mar-23,Steel,return_on_capital_employed_pct,12.6,33.33
JSWSTEEL,Mar-23,Steel,net_profit_margin_pct,2.49,41.67
JSWSTEEL,Mar-23,Steel,debt_to_equity,1.23,57.29
JSWSTEEL,Mar-23,Steel,interest_coverage,2.9,39.58
JSWSTEEL,Mar-23,Steel,asset_turnover,0.79,79.17
JSWSTEEL,Mar-23,Steel,free_cash_flow_cr,12593,91.67
JSWSTEEL,Mar-23,Steel,revenue_cagr_5yr,18.2,89.29
JSWSTEEL,Mar-23,Steel,pat_cagr_5yr,-7.5,14.29
JSWSTEEL,Mar-23,Steel,composite_quality_score,23.01,52.08
JSWSTEEL,Mar-24,Steel,return_on_equity_pct,11.55,72.92
JSWSTEEL,Mar-24,Steel,return_on_capital_employed_pct,17,50
JSWSTEEL,Mar-24,Steel,net_profit_margin_pct,5.13,62.5
JSWSTEEL,Mar-24,Steel,debt_to_equity,1.13,68.75
JSWSTEEL,Mar-24,Steel,interest_coverage,3.66,47.92
JSWSTEEL,Mar-24,Steel,asset_turnover,0.77,71.88
JSWSTEEL,Mar-24,Steel,free_cash_flow_cr,-2389,20.83
JSWSTEEL,Mar-24,Steel,revenue_cagr_5yr,15.6,82.14
JSWSTEEL,Mar-24,Steel,pat_cagr_5yr,3.59,21.43
JSWSTEEL,Mar-24,Steel,composite_quality_score,26.28,66.67
TATASTEEL,Mar-13,Steel,return_on_equity_pct,-21.28,2.08
TATASTEEL,Mar-13,Steel,return_on_capital_employed_pct,3.86,6.25
TATASTEEL,Mar-13,Steel,net_profit_margin_pct,-5.4,8.33
TATASTEEL,Mar-13,Steel,debt_to_equity,2.01,9.38
TATASTEEL,Mar-13,Steel,interest_coverage,1.36,12.5
TATASTEEL,Mar-13,Steel,asset_turnover,0.92,95.83
TATASTEEL,Mar-13,Steel,free_cash_flow_cr,936,33.33
TATASTEEL,Mar-13,Steel,revenue_cagr_5yr,,
TATASTEEL,Mar-13,Steel,pat_cagr_5yr,,
TATASTEEL,Mar-13,Steel,composite_quality_score,8.37,2.08
TATASTEEL,Mar-14,Steel,return_on_equity_pct,9.04,56.25
TATASTEEL,Mar-14,Steel,return_on_capital_employed_pct,13.25,35.42
TATASTEEL,Mar-14,Steel,net_profit_margin_pct,2.47,39.58
TATASTEEL,Mar-14,Steel,debt_to_equity,2.01,9.38
TATASTEEL,Mar-14,Steel,interest_coverage,3.9,50
TATASTEEL,Mar-14,Steel,asset_turnover,0.87,89.58
TATASTEEL,Mar-14,Steel,free_cash_flow_cr,-2232,25
TATASTEEL,Mar-14,Steel,revenue_cagr_5yr,,
TATASTEEL,Mar-14,Steel,pat_cagr_5yr,,
TATASTEEL,Mar-14,Steel,composite_quality_score,20.51,42.71
TATASTEEL,Mar-15,Steel,return_on_equity_pct,-12.56,4.17
TATASTEEL,Mar-15,Steel,return_on_capital_employed_pct,3.04,4.17
TATASTEEL,Mar-15,Steel,net_profit_margin_pct,-2.82,16.67
TATASTEEL,Mar-15,Steel,debt_to_equity,2.57,0
TATASTEEL,Mar-15,Steel,interest_coverage,1.94,26.04
TATASTEEL,Mar-15,Steel,asset_turnover,0.88,92.71
TATASTEEL,Mar-15,Steel,free_cash_flow_cr,2859,43.75
TATASTEEL,Mar-15,Steel,revenue_cagr_5yr,,
TATASTEEL,Mar-15,Steel,pat_cagr_5yr,,
TATASTEEL,Mar-15,Steel,composite_quality_score,10.78,4.17
TATASTEEL,Mar-16,Steel,return_on_equity_pct,-1.14,27.08
TATASTEEL,Mar-16,Steel,return_on_capital_employed_pct,-0.5,2.08
TATASTEEL,Mar-16,Steel,net_profit_margin_pct,-0.49,27.08
TATASTEEL,Mar-16,Steel,debt_to_equity,1.87,14.58
TATASTEEL,Mar-16,Steel,interest_coverage,2.3,31.25
TATASTEEL,Mar-16,Steel,asset_turnover,0.58,29.17
TATASTEEL,Mar-16,Steel,free_cash_flow_cr,2661,39.58
TATASTEEL,Mar-16,Steel,revenue_cagr_5yr,,
TATASTEEL,Mar-16,Steel,pat_cagr_5yr,,
TATASTEEL,Mar-16,Steel,composite_quality_score,16.34,16.67
TATASTEEL,Mar-17,Steel,return_on_equity_pct,-11.02,6.25
TATASTEEL,Mar-17,Steel,return_on_capital_employed_pct,10.88,25
TATASTEEL,Mar-17,Steel,net_profit_margin_pct,-3.71,14.58
TATASTEEL,Mar-17,Steel,debt_to_equity,2.2,4.17
TATASTEEL,Mar-17,Steel,interest_coverage,1.84,22.92
TATASTEEL,Mar-17,Steel,asset_turnover,0.65,43.75
TATASTEEL,Mar-17,Steel,free_cash_flow_cr,1334,35.42
TATASTEEL,Mar-17,Steel,revenue_cagr_5yr,,
TATASTEEL,Mar-17,Steel,pat_cagr_5yr,,
TATASTEEL,Mar-17,Steel,composite_quality_score,11.65,8.33
TATASTEEL,Mar-18,Steel,return_on_equity_pct,29.15,95.83
TATASTEEL,Mar-18,Steel,return_on_capital_employed_pct,14.01,39.58
TATASTEEL,Mar-18,Steel,net_profit_margin_pct,14.4,95.83
TATASTEEL,Mar-18,Steel,debt_to_equity,1.51,37.5
TATASTEEL,Mar-18,Steel,interest_coverage,5.93,66.67
TATASTEEL,Mar-18,Steel,asset_turnover,0.59,31.25
TATASTEEL,Mar-18,Steel,free_cash_flow_cr,-3707,16.67
TATASTEEL,Mar-18,Steel,revenue_cagr_5yr,-1.76,3.57
TATASTEEL,Mar-18,Steel,pat_cagr_5yr,,
TATASTEEL,Mar-18,Steel,composite_quality_score,30.39,87.5
TATASTEEL,Mar-19,Steel,return_on_equity_pct,13.23,75
TATASTEEL,Mar-19,Steel,return_on_capital_employed_pct,17.27,54.17
TATASTEEL,Mar-19,Steel,net_profit_margin_pct,5.79,70.83
TATASTEEL,Mar-19,Steel,debt_to_equity,1.46,39.58
TATASTEEL,Mar-19,Steel,interest_coverage,4.03,55.21
TATASTEEL,Mar-19,Steel,asset_turnover,0.68,54.17
TATASTEEL,Mar-19,Steel,free_cash_flow_cr,-3840,14.58
TATASTEEL,Mar-19,Steel,revenue_cagr_5yr,1.19,10.71
TATASTEEL,Mar-19,Steel,pat_cagr_5yr,20.01,57.14
TATASTEEL,Mar-19,Steel,composite_quality_score,25.73,62.5
TATASTEEL,Mar-20,Steel,return_on_equity_pct,1.6,31.25
TATASTEEL,Mar-20,Steel,return_on_capital_employed_pct,9.2,16.67
TATASTEEL,Mar-20,Steel,net_profit_margin_pct,0.84,33.33
TATASTEEL,Mar-20,Steel,debt_to_equity,1.58,33.33
TATASTEEL,Mar-20,Steel,interest_coverage,1.94,26.04
TATASTEEL,Mar-20,Steel,asset_turnover,0.56,26.04
TATASTEEL,Mar-20,Steel,free_cash_flow_cr,6157,62.5
TATASTEEL,Mar-20,Steel,revenue_cagr_5yr,0.04,7.14
TATASTEEL,Mar-20,Steel,pat_cagr_5yr,,
TATASTEEL,Mar-20,Steel,composite_quality_score,18.13,31.25
TATASTEEL,Mar-21,Steel,return_on_equity_pct,11.03,68.75
TATASTEEL,Mar-21,Steel,return_on_capital_employed_pct,18.74,62.5
TATASTEEL,Mar-21,Steel,net_profit_margin_pct,5.24,64.58
TATASTEEL,Mar-21,Steel,debt_to_equity,1.19,60.42
TATASTEEL,Mar-21,Steel,interest_coverage,4.03,55.21
TATASTEEL,Mar-21,Steel,asset_turnover,0.64,39.58
TATASTEEL,Mar-21,Steel,free_cash_flow_cr,34890,100
TATASTEEL,Mar-21,Steel,revenue_cagr_5yr,8.92,39.29
TATASTEEL,Mar-21,Steel,pat_cagr_5yr,,
TATASTEEL,Mar-21,Steel,composite_quality_score,24.51,58.33
TATASTEEL,Mar-22,Steel,return_on_equity_pct,36.48,100
TATASTEEL,Mar-22,Steel,return_on_capital_employed_pct,33.42,75
TATASTEEL,Mar-22,Steel,net_profit_margin_pct,17.11,100
TATASTEEL,Mar-22,Steel,debt_to_equity,0.66,87.5
TATASTEEL,Mar-22,Steel,interest_coverage,11.86,79.17
TATASTEEL,Mar-22,Steel,asset_turnover,0.86,86.46
TATASTEEL,Mar-22,Steel,free_cash_flow_cr,33476,97.92
TATASTEEL,Mar-22,Steel,revenue_cagr_5yr,16.79,85.71
TATASTEEL,Mar-22,Steel,pat_cagr_5yr,,
TATASTEEL,Mar-22,Steel,composite_quality_score,38.25,97.92
TATASTEEL,Mar-23,Steel,return_on_equity_pct,7.83,50
TATASTEEL,Mar-23,Steel,return_on_capital_employed_pct,17.18,52.08
TATASTEEL,Mar-23,Steel,net_profit_margin_pct,3.32,52.08
TATASTEEL,Mar-23,Steel,debt_to_equity,0.82,84.38
TATASTEEL,Mar-23,Steel,interest_coverage,5.38,64.58
TATASTEEL,Mar-23,Steel,asset_turnover,0.85,82.29
TATASTEEL,Mar-23,Steel,free_cash_flow_cr,3504,54.17
TATASTEEL,Mar-23,Steel,revenue_cagr_5yr,14.58,78.57
TATASTEEL,Mar-23,Steel,pat_cagr_5yr,-14.57,7.14
TATASTEEL,Mar-23,Steel,composite_quality_score,23.34,54.17
TATASTEEL,Mar-24,Steel,return_on_equity_pct,-5.33,16.67
TATASTEEL,Mar-24,Steel,return_on_capital_employed_pct,12.42,31.25
TATASTEEL,Mar-24,Steel,net_profit_margin_pct,-2.14,18.75
TATASTEEL,Mar-24,Steel,debt_to_equity,0.95,76.04
TATASTEEL,Mar-24,Steel,interest_coverage,2.16,29.17
TATASTEEL,Mar-24,Steel,asset_turnover,0.85,82.29
TATASTEEL,Mar-24,Steel,free_cash_flow_cr,6048,60.42
TATASTEEL,Mar-24,Steel,revenue_cagr_5yr,7.77,32.14
TATASTEEL,Mar-24,Steel,pat_cagr_5yr,,
TATASTEEL,Mar-24,Steel,composite_quality_score,17.82,27.08
